Date,Product,Category,Sales,Units
2023-01-01,Laptop,Electronics,9662.09,11
2023-01-01,Smartphone,Electronics,15742.01,24
2023-01-01,Headphones,Electronics,2970.91,22
2023-01-01,Tablet,Electronics,5709.94,14
2023-01-01,Smart Watch,Electronics,6091.47,25
2023-01-01,T-Shirt,Clothing,1648.12,66
2023-01-01,Jeans,Clothing,2181.26,36
2023-01-01,Jacket,Clothing,2028.22,24
2023-01-01,Sneakers,Clothing,2053.39,28
2023-01-01,Dress,Clothing,1590.36,23
2023-01-01,Blender,Home & Kitchen,804.75,17
2023-01-01,Coffee Maker,Home & Kitchen,1227.79,15
2023-01-01,Cookware Set,Home & Kitchen,1097.5,9
2023-01-01,Vacuum Cleaner,Home & Kitchen,1473.71,8
2023-01-01,Air Fryer,Home & Kitchen,1436.53,16
2023-01-01,Shampoo,Beauty,702.76,56
2023-01-01,Moisturizer,Beauty,921.69,34
2023-01-01,Lipstick,Beauty,629.12,37
2023-01-01,Perfume,Beauty,702.02,11
2023-01-01,Face Serum,Beauty,592.16,14
2023-01-02,Laptop,Electronics,8319.56,9
2023-01-02,Smartphone,Electronics,8728.08,14
2023-01-02,Headphones,Electronics,3040.05,23
2023-01-02,Tablet,Electronics,4584.43,12
2023-01-02,Smart Watch,Electronics,5606.49,24
2023-01-02,T-Shirt,Clothing,928.32,42
2023-01-02,Jeans,Clothing,1425.11,24
2023-01-02,Jacket,Clothing,1000.04,11
2023-01-02,Sneakers,Clothing,1256.34,16
2023-01-02,Dress,Clothing,774.09,12
2023-01-02,Blender,Home & Kitchen,673.13,14
2023-01-02,Coffee Maker,Home & Kitchen,644.29,8
2023-01-02,Cookware Set,Home & Kitchen,1151.67,9
2023-01-02,Vacuum Cleaner,Home & Kitchen,1336.6,7
2023-01-02,Air Fryer,Home & Kitchen,1130.13,13
2023-01-02,Shampoo,Beauty,443.74,38
2023-01-02,Moisturizer,Beauty,665.29,25
2023-01-02,Lipstick,Beauty,413.24,24
2023-01-02,Perfume,Beauty,588.54,9
2023-01-02,Face Serum,Beauty,557.96,13
2023-01-03,Laptop,Electronics,7871.17,9
2023-01-03,Smartphone,Electronics,11612.18,19
2023-01-03,Headphones,Electronics,2884.56,24
2023-01-03,Tablet,Electronics,3519.34,9
2023-01-03,Smart Watch,Electronics,4660.68,19
2023-01-03,T-Shirt,Clothing,970.1,40
2023-01-03,Jeans,Clothing,1487.26,26
2023-01-03,Jacket,Clothing,1159.24,13
2023-01-03,Sneakers,Clothing,956.54,13
2023-01-03,Dress,Clothing,721.08,10
2023-01-03,Blender,Home & Kitchen,842.13,17
2023-01-03,Coffee Maker,Home & Kitchen,826.33,10
2023-01-03,Cookware Set,Home & Kitchen,1045.62,8
2023-01-03,Vacuum Cleaner,Home & Kitchen,950.61,5
2023-01-03,Air Fryer,Home & Kitchen,1107.88,12
2023-01-03,Shampoo,Beauty,431.52,38
2023-01-03,Moisturizer,Beauty,975.39,35
2023-01-03,Lipstick,Beauty,482.68,26
2023-01-03,Perfume,Beauty,592.92,9
2023-01-03,Face Serum,Beauty,588.91,14
2023-01-04,Laptop,Electronics,9933.3,11
2023-01-04,Smartphone,Electronics,8850.26,14
2023-01-04,Headphones,Electronics,3428.03,27
2023-01-04,Tablet,Electronics,5244.07,14
2023-01-04,Smart Watch,Electronics,6698.76,27
2023-01-04,T-Shirt,Clothing,823.89,33
2023-01-04,Jeans,Clothing,1195.75,21
2023-01-04,Jacket,Clothing,1314.3,16
2023-01-04,Sneakers,Clothing,1009.23,13
2023-01-04,Dress,Clothing,899.11,14
2023-01-04,Blender,Home & Kitchen,1108.73,23
2023-01-04,Coffee Maker,Home & Kitchen,942.62,12
2023-01-04,Cookware Set,Home & Kitchen,738.94,6
2023-01-04,Vacuum Cleaner,Home & Kitchen,982.75,5
2023-01-04,Air Fryer,Home & Kitchen,1067.69,13
2023-01-04,Shampoo,Beauty,497.52,40
2023-01-04,Moisturizer,Beauty,861.08,31
2023-01-04,Lipstick,Beauty,380.79,21
2023-01-04,Perfume,Beauty,593.49,9
2023-01-04,Face Serum,Beauty,549.2,14
2023-01-05,Laptop,Electronics,6831.88,8
2023-01-05,Smartphone,Electronics,9014.5,14
2023-01-05,Headphones,Electronics,5038.63,38
2023-01-05,Tablet,Electronics,5369.42,14
2023-01-05,Smart Watch,Electronics,5723.93,24
2023-01-05,T-Shirt,Clothing,823.63,36
2023-01-05,Jeans,Clothing,1110.85,20
2023-01-05,Jacket,Clothing,1129.88,13
2023-01-05,Sneakers,Clothing,1145.73,14
2023-01-05,Dress,Clothing,1215.0,17
2023-01-05,Blender,Home & Kitchen,774.16,16
2023-01-05,Coffee Maker,Home & Kitchen,1128.52,14
2023-01-05,Cookware Set,Home & Kitchen,999.57,8
2023-01-05,Vacuum Cleaner,Home & Kitchen,1416.8,7
2023-01-05,Air Fryer,Home & Kitchen,1298.06,14
2023-01-05,Shampoo,Beauty,292.02,26
2023-01-05,Moisturizer,Beauty,1157.99,44
2023-01-05,Lipstick,Beauty,484.99,27
2023-01-05,Perfume,Beauty,499.38,8
2023-01-05,Face Serum,Beauty,703.14,16
2023-01-06,Laptop,Electronics,6751.18,8
2023-01-06,Smartphone,Electronics,11096.21,18
2023-01-06,Headphones,Electronics,3381.15,26
2023-01-06,Tablet,Electronics,3146.75,8
2023-01-06,Smart Watch,Electronics,4462.03,18
2023-01-06,T-Shirt,Clothing,762.25,31
2023-01-06,Jeans,Clothing,1618.6,27
2023-01-06,Jacket,Clothing,1249.68,15
2023-01-06,Sneakers,Clothing,1458.5,19
2023-01-06,Dress,Clothing,814.35,12
2023-01-06,Blender,Home & Kitchen,921.01,18
2023-01-06,Coffee Maker,Home & Kitchen,903.96,11
2023-01-06,Cookware Set,Home & Kitchen,1023.93,8
2023-01-06,Vacuum Cleaner,Home & Kitchen,1300.74,7
2023-01-06,Air Fryer,Home & Kitchen,1214.21,14
2023-01-06,Shampoo,Beauty,610.46,51
2023-01-06,Moisturizer,Beauty,774.57,27
2023-01-06,Lipstick,Beauty,404.72,22
2023-01-06,Perfume,Beauty,607.22,10
2023-01-06,Face Serum,Beauty,515.89,12
2023-01-07,Laptop,Electronics,6223.78,7
2023-01-07,Smartphone,Electronics,11394.95,17
2023-01-07,Headphones,Electronics,5903.14,47
2023-01-07,Tablet,Electronics,4810.75,12
2023-01-07,Smart Watch,Electronics,4387.91,18
2023-01-07,T-Shirt,Clothing,1893.93,83
2023-01-07,Jeans,Clothing,1755.75,29
2023-01-07,Jacket,Clothing,3140.7,38
2023-01-07,Sneakers,Clothing,1854.53,25
2023-01-07,Dress,Clothing,1789.12,27
2023-01-07,Blender,Home & Kitchen,866.09,17
2023-01-07,Coffee Maker,Home & Kitchen,982.85,13
2023-01-07,Cookware Set,Home & Kitchen,1085.55,9
2023-01-07,Vacuum Cleaner,Home & Kitchen,1291.59,7
2023-01-07,Air Fryer,Home & Kitchen,1319.96,16
2023-01-07,Shampoo,Beauty,508.28,42
2023-01-07,Moisturizer,Beauty,1022.86,38
2023-01-07,Lipstick,Beauty,632.66,34
2023-01-07,Perfume,Beauty,541.51,9
2023-01-07,Face Serum,Beauty,640.03,16
2023-01-08,Laptop,Electronics,9633.01,11
2023-01-08,Smartphone,Electronics,9429.03,15
2023-01-08,Headphones,Electronics,3370.78,28
2023-01-08,Tablet,Electronics,5546.63,15
2023-01-08,Smart Watch,Electronics,5342.63,23
2023-01-08,T-Shirt,Clothing,1419.09,57
2023-01-08,Jeans,Clothing,1510.79,25
2023-01-08,Jacket,Clothing,1786.27,20
2023-01-08,Sneakers,Clothing,1555.3,21
2023-01-08,Dress,Clothing,1089.48,16
2023-01-08,Blender,Home & Kitchen,912.53,19
2023-01-08,Coffee Maker,Home & Kitchen,792.48,10
2023-01-08,Cookware Set,Home & Kitchen,968.19,8
2023-01-08,Vacuum Cleaner,Home & Kitchen,775.46,4
2023-01-08,Air Fryer,Home & Kitchen,1550.38,18
2023-01-08,Shampoo,Beauty,438.93,38
2023-01-08,Moisturizer,Beauty,875.94,31
2023-01-08,Lipstick,Beauty,507.07,27
2023-01-08,Perfume,Beauty,638.64,10
2023-01-08,Face Serum,Beauty,706.58,17
2023-01-09,Laptop,Electronics,9033.48,10
2023-01-09,Smartphone,Electronics,10914.44,17
2023-01-09,Headphones,Electronics,2717.27,22
2023-01-09,Tablet,Electronics,4530.94,12
2023-01-09,Smart Watch,Electronics,5138.83,20
2023-01-09,T-Shirt,Clothing,767.9,32
2023-01-09,Jeans,Clothing,1316.62,22
2023-01-09,Jacket,Clothing,1297.92,14
2023-01-09,Sneakers,Clothing,1155.39,14
2023-01-09,Dress,Clothing,688.05,10
2023-01-09,Blender,Home & Kitchen,752.17,15
2023-01-09,Coffee Maker,Home & Kitchen,602.26,8
2023-01-09,Cookware Set,Home & Kitchen,721.64,6
2023-01-09,Vacuum Cleaner,Home & Kitchen,1186.17,6
2023-01-09,Air Fryer,Home & Kitchen,1134.53,13
2023-01-09,Shampoo,Beauty,354.72,29
2023-01-09,Moisturizer,Beauty,798.99,29
2023-01-09,Lipstick,Beauty,318.56,17
2023-01-09,Perfume,Beauty,547.11,9
2023-01-09,Face Serum,Beauty,633.48,15
2023-01-10,Laptop,Electronics,7340.6,8
2023-01-10,Smartphone,Electronics,10628.89,17
2023-01-10,Headphones,Electronics,3023.76,23
2023-01-10,Tablet,Electronics,3859.71,10
2023-01-10,Smart Watch,Electronics,3981.09,17
2023-01-10,T-Shirt,Clothing,850.02,34
2023-01-10,Jeans,Clothing,915.52,16
2023-01-10,Jacket,Clothing,1412.45,16
2023-01-10,Sneakers,Clothing,1049.02,13
2023-01-10,Dress,Clothing,869.13,13
2023-01-10,Blender,Home & Kitchen,844.09,17
2023-01-10,Coffee Maker,Home & Kitchen,812.86,11
2023-01-10,Cookware Set,Home & Kitchen,1423.0,11
2023-01-10,Vacuum Cleaner,Home & Kitchen,793.19,4
2023-01-10,Air Fryer,Home & Kitchen,902.25,11
2023-01-10,Shampoo,Beauty,431.47,35
2023-01-10,Moisturizer,Beauty,603.44,22
2023-01-10,Lipstick,Beauty,362.6,21
2023-01-10,Perfume,Beauty,597.62,9
2023-01-10,Face Serum,Beauty,396.75,9
2023-01-11,Laptop,Electronics,6021.82,7
2023-01-11,Smartphone,Electronics,9696.94,16
2023-01-11,Headphones,Electronics,2764.52,23
2023-01-11,Tablet,Electronics,3685.84,10
2023-01-11,Smart Watch,Electronics,3505.64,15
2023-01-11,T-Shirt,Clothing,749.05,33
2023-01-11,Jeans,Clothing,1067.64,18
2023-01-11,Jacket,Clothing,983.31,12
2023-01-11,Sneakers,Clothing,1341.35,17
2023-01-11,Dress,Clothing,590.58,9
2023-01-11,Blender,Home & Kitchen,409.0,9
2023-01-11,Coffee Maker,Home & Kitchen,904.29,11
2023-01-11,Cookware Set,Home & Kitchen,1043.1,8
2023-01-11,Vacuum Cleaner,Home & Kitchen,1288.83,7
2023-01-11,Air Fryer,Home & Kitchen,833.25,10
2023-01-11,Shampoo,Beauty,329.47,27
2023-01-11,Moisturizer,Beauty,808.03,28
2023-01-11,Lipstick,Beauty,402.14,22
2023-01-11,Perfume,Beauty,434.62,7
2023-01-11,Face Serum,Beauty,615.89,14
2023-01-12,Laptop,Electronics,5000.7,6
2023-01-12,Smartphone,Electronics,7207.84,12
2023-01-12,Headphones,Electronics,2872.75,22
2023-01-12,Tablet,Electronics,4462.05,12
2023-01-12,Smart Watch,Electronics,4172.86,16
2023-01-12,T-Shirt,Clothing,686.74,28
2023-01-12,Jeans,Clothing,1114.74,19
2023-01-12,Jacket,Clothing,1206.73,13
2023-01-12,Sneakers,Clothing,1100.63,14
2023-01-12,Dress,Clothing,900.95,13
2023-01-12,Blender,Home & Kitchen,782.43,17
2023-01-12,Coffee Maker,Home & Kitchen,691.46,9
2023-01-12,Cookware Set,Home & Kitchen,1206.79,10
2023-01-12,Vacuum Cleaner,Home & Kitchen,951.37,5
2023-01-12,Air Fryer,Home & Kitchen,1215.63,14
2023-01-12,Shampoo,Beauty,360.9,30
2023-01-12,Moisturizer,Beauty,790.19,29
2023-01-12,Lipstick,Beauty,322.86,18
2023-01-12,Perfume,Beauty,360.63,6
2023-01-12,Face Serum,Beauty,453.52,11
2023-01-13,Laptop,Electronics,8045.85,9
2023-01-13,Smartphone,Electronics,10500.93,16
2023-01-13,Headphones,Electronics,2722.05,21
2023-01-13,Tablet,Electronics,4487.17,11
2023-01-13,Smart Watch,Electronics,5103.95,21
2023-01-13,T-Shirt,Clothing,719.36,31
2023-01-13,Jeans,Clothing,1198.61,20
2023-01-13,Jacket,Clothing,1202.98,13
2023-01-13,Sneakers,Clothing,1092.33,14
2023-01-13,Dress,Clothing,663.01,10
2023-01-13,Blender,Home & Kitchen,578.73,12
2023-01-13,Coffee Maker,Home & Kitchen,807.62,11
2023-01-13,Cookware Set,Home & Kitchen,1076.51,9
2023-01-13,Vacuum Cleaner,Home & Kitchen,958.62,5
2023-01-13,Air Fryer,Home & Kitchen,940.63,11
2023-01-13,Shampoo,Beauty,221.26,20
2023-01-13,Moisturizer,Beauty,548.68,19
2023-01-13,Lipstick,Beauty,524.5,31
2023-01-13,Perfume,Beauty,425.68,7
2023-01-13,Face Serum,Beauty,307.11,7
2023-01-14,Laptop,Electronics,11925.11,13
2023-01-14,Smartphone,Electronics,10481.57,16
2023-01-14,Headphones,Electronics,2503.68,20
2023-01-14,Tablet,Electronics,4411.64,12
2023-01-14,Smart Watch,Electronics,5905.85,24
2023-01-14,T-Shirt,Clothing,1220.27,54
2023-01-14,Jeans,Clothing,2165.33,35
2023-01-14,Jacket,Clothing,1465.41,16
2023-01-14,Sneakers,Clothing,2149.89,29
2023-01-14,Dress,Clothing,1474.03,22
2023-01-14,Blender,Home & Kitchen,947.94,19
2023-01-14,Coffee Maker,Home & Kitchen,852.5,11
2023-01-14,Cookware Set,Home & Kitchen,852.0,7
2023-01-14,Vacuum Cleaner,Home & Kitchen,921.18,5
2023-01-14,Air Fryer,Home & Kitchen,852.59,10
2023-01-14,Shampoo,Beauty,358.65,30
2023-01-14,Moisturizer,Beauty,547.39,21
2023-01-14,Lipstick,Beauty,389.21,21
2023-01-14,Perfume,Beauty,652.85,10
2023-01-14,Face Serum,Beauty,556.47,13
2023-01-15,Laptop,Electronics,7829.33,9
2023-01-15,Smartphone,Electronics,12512.71,20
2023-01-15,Headphones,Electronics,3676.41,29
2023-01-15,Tablet,Electronics,5346.56,13
2023-01-15,Smart Watch,Electronics,5428.97,21
2023-01-15,T-Shirt,Clothing,1038.78,42
2023-01-15,Jeans,Clothing,1394.54,24
2023-01-15,Jacket,Clothing,1412.61,17
2023-01-15,Sneakers,Clothing,1806.22,22
2023-01-15,Dress,Clothing,1106.23,17
2023-01-15,Blender,Home & Kitchen,787.11,17
2023-01-15,Coffee Maker,Home & Kitchen,822.05,10
2023-01-15,Cookware Set,Home & Kitchen,1114.54,9
2023-01-15,Vacuum Cleaner,Home & Kitchen,916.35,5
2023-01-15,Air Fryer,Home & Kitchen,1260.2,14
2023-01-15,Shampoo,Beauty,427.43,34
2023-01-15,Moisturizer,Beauty,1127.42,41
2023-01-15,Lipstick,Beauty,504.19,27
2023-01-15,Perfume,Beauty,407.63,6
2023-01-15,Face Serum,Beauty,563.85,13
2023-01-16,Laptop,Electronics,7301.42,8
2023-01-16,Smartphone,Electronics,7724.94,12
2023-01-16,Headphones,Electronics,3103.71,23
2023-01-16,Tablet,Electronics,3056.24,8
2023-01-16,Smart Watch,Electronics,6080.57,24
2023-01-16,T-Shirt,Clothing,651.53,29
2023-01-16,Jeans,Clothing,963.88,16
2023-01-16,Jacket,Clothing,1026.11,11
2023-01-16,Sneakers,Clothing,1240.85,15
2023-01-16,Dress,Clothing,847.19,12
2023-01-16,Blender,Home & Kitchen,826.51,17
2023-01-16,Coffee Maker,Home & Kitchen,657.41,8
2023-01-16,Cookware Set,Home & Kitchen,954.4,8
2023-01-16,Vacuum Cleaner,Home & Kitchen,737.36,4
2023-01-16,Air Fryer,Home & Kitchen,896.93,10
2023-01-16,Shampoo,Beauty,269.43,22
2023-01-16,Moisturizer,Beauty,682.84,24
2023-01-16,Lipstick,Beauty,466.89,28
2023-01-16,Perfume,Beauty,455.39,7
2023-01-16,Face Serum,Beauty,425.31,11
2023-01-17,Laptop,Electronics,6343.64,7
2023-01-17,Smartphone,Electronics,10095.08,16
2023-01-17,Headphones,Electronics,2728.8,21
2023-01-17,Tablet,Electronics,3290.51,8
2023-01-17,Smart Watch,Electronics,5904.16,23
2023-01-17,T-Shirt,Clothing,693.73,29
2023-01-17,Jeans,Clothing,1071.37,19
2023-01-17,Jacket,Clothing,1008.61,12
2023-01-17,Sneakers,Clothing,1219.07,16
2023-01-17,Dress,Clothing,636.5,9
2023-01-17,Blender,Home & Kitchen,939.36,20
2023-01-17,Coffee Maker,Home & Kitchen,666.77,9
2023-01-17,Cookware Set,Home & Kitchen,1083.28,8
2023-01-17,Vacuum Cleaner,Home & Kitchen,793.91,4
2023-01-17,Air Fryer,Home & Kitchen,1109.64,12
2023-01-17,Shampoo,Beauty,438.73,39
2023-01-17,Moisturizer,Beauty,962.17,37
2023-01-17,Lipstick,Beauty,448.24,27
2023-01-17,Perfume,Beauty,456.13,7
2023-01-17,Face Serum,Beauty,614.03,15
2023-01-18,Laptop,Electronics,4574.81,5
2023-01-18,Smartphone,Electronics,8074.13,13
2023-01-18,Headphones,Electronics,2697.7,22
2023-01-18,Tablet,Electronics,2899.63,7
2023-01-18,Smart Watch,Electronics,4049.74,16
2023-01-18,T-Shirt,Clothing,868.27,36
2023-01-18,Jeans,Clothing,954.23,17
2023-01-18,Jacket,Clothing,1255.18,15
2023-01-18,Sneakers,Clothing,1804.27,23
2023-01-18,Dress,Clothing,846.13,12
2023-01-18,Blender,Home & Kitchen,769.82,16
2023-01-18,Coffee Maker,Home & Kitchen,955.3,12
2023-01-18,Cookware Set,Home & Kitchen,852.5,7
2023-01-18,Vacuum Cleaner,Home & Kitchen,1114.3,6
2023-01-18,Air Fryer,Home & Kitchen,1022.27,11
2023-01-18,Shampoo,Beauty,351.46,30
2023-01-18,Moisturizer,Beauty,965.37,33
2023-01-18,Lipstick,Beauty,349.78,21
2023-01-18,Perfume,Beauty,301.77,5
2023-01-18,Face Serum,Beauty,414.58,10
2023-01-19,Laptop,Electronics,7497.32,9
2023-01-19,Smartphone,Electronics,7554.25,12
2023-01-19,Headphones,Electronics,3520.49,27
2023-01-19,Tablet,Electronics,3061.99,8
2023-01-19,Smart Watch,Electronics,4123.62,17
2023-01-19,T-Shirt,Clothing,717.75,32
2023-01-19,Jeans,Clothing,868.63,16
2023-01-19,Jacket,Clothing,1050.52,12
2023-01-19,Sneakers,Clothing,848.21,11
2023-01-19,Dress,Clothing,781.28,11
2023-01-19,Blender,Home & Kitchen,612.75,13
2023-01-19,Coffee Maker,Home & Kitchen,465.65,6
2023-01-19,Cookware Set,Home & Kitchen,735.05,6
2023-01-19,Vacuum Cleaner,Home & Kitchen,1242.89,6
2023-01-19,Air Fryer,Home & Kitchen,872.11,10
2023-01-19,Shampoo,Beauty,338.24,30
2023-01-19,Moisturizer,Beauty,787.89,30
2023-01-19,Lipstick,Beauty,431.12,26
2023-01-19,Perfume,Beauty,540.58,9
2023-01-19,Face Serum,Beauty,378.23,9
2023-01-20,Laptop,Electronics,8042.43,9
2023-01-20,Smartphone,Electronics,8024.96,12
2023-01-20,Headphones,Electronics,3058.79,23
2023-01-20,Tablet,Electronics,5257.3,14
2023-01-20,Smart Watch,Electronics,4108.36,16
2023-01-20,T-Shirt,Clothing,798.29,32
2023-01-20,Jeans,Clothing,1001.44,17
2023-01-20,Jacket,Clothing,1463.07,17
2023-01-20,Sneakers,Clothing,911.4,12
2023-01-20,Dress,Clothing,895.29,13
2023-01-20,Blender,Home & Kitchen,811.19,17
2023-01-20,Coffee Maker,Home & Kitchen,808.3,11
2023-01-20,Cookware Set,Home & Kitchen,995.92,8
2023-01-20,Vacuum Cleaner,Home & Kitchen,1124.17,6
2023-01-20,Air Fryer,Home & Kitchen,900.73,10
2023-01-20,Shampoo,Beauty,438.32,38
2023-01-20,Moisturizer,Beauty,809.72,29
2023-01-20,Lipstick,Beauty,422.41,25
2023-01-20,Perfume,Beauty,428.83,7
2023-01-20,Face Serum,Beauty,528.66,12
2023-01-21,Laptop,Electronics,7461.16,9
2023-01-21,Smartphone,Electronics,16160.15,25
2023-01-21,Headphones,Electronics,3610.65,27
2023-01-21,Tablet,Electronics,4738.71,12
2023-01-21,Smart Watch,Electronics,4282.62,18
2023-01-21,T-Shirt,Clothing,1029.21,43
2023-01-21,Jeans,Clothing,1959.21,33
2023-01-21,Jacket,Clothing,1149.26,14
2023-01-21,Sneakers,Clothing,2026.49,27
2023-01-21,Dress,Clothing,1380.86,21
2023-01-21,Blender,Home & Kitchen,631.88,13
2023-01-21,Coffee Maker,Home & Kitchen,876.03,11
2023-01-21,Cookware Set,Home & Kitchen,1281.88,10
2023-01-21,Vacuum Cleaner,Home & Kitchen,1251.13,6
2023-01-21,Air Fryer,Home & Kitchen,1054.0,12
2023-01-21,Shampoo,Beauty,393.02,32
2023-01-21,Moisturizer,Beauty,926.33,34
2023-01-21,Lipstick,Beauty,484.69,26
2023-01-21,Perfume,Beauty,590.11,9
2023-01-21,Face Serum,Beauty,658.35,15
2023-01-22,Laptop,Electronics,6803.2,8
2023-01-22,Smartphone,Electronics,9550.76,15
2023-01-22,Headphones,Electronics,2534.79,19
2023-01-22,Tablet,Electronics,4726.77,12
2023-01-22,Smart Watch,Electronics,6824.17,27
2023-01-22,T-Shirt,Clothing,1240.63,52
2023-01-22,Jeans,Clothing,1530.34,25
2023-01-22,Jacket,Clothing,1548.94,17
2023-01-22,Sneakers,Clothing,1570.36,21
2023-01-22,Dress,Clothing,1528.5,24
2023-01-22,Blender,Home & Kitchen,997.13,21
2023-01-22,Coffee Maker,Home & Kitchen,1145.13,14
2023-01-22,Cookware Set,Home & Kitchen,992.25,8
2023-01-22,Vacuum Cleaner,Home & Kitchen,1981.1,10
2023-01-22,Air Fryer,Home & Kitchen,977.27,11
2023-01-22,Shampoo,Beauty,364.86,31
2023-01-22,Moisturizer,Beauty,1031.06,38
2023-01-22,Lipstick,Beauty,506.0,30
2023-01-22,Perfume,Beauty,655.85,10
2023-01-22,Face Serum,Beauty,438.54,10
2023-01-23,Laptop,Electronics,5031.85,6
2023-01-23,Smartphone,Electronics,10071.2,15
2023-01-23,Headphones,Electronics,2441.38,20
2023-01-23,Tablet,Electronics,3153.25,8
2023-01-23,Smart Watch,Electronics,3799.65,16
2023-01-23,T-Shirt,Clothing,778.21,33
2023-01-23,Jeans,Clothing,1363.55,23
2023-01-23,Jacket,Clothing,748.45,9
2023-01-23,Sneakers,Clothing,1135.61,15
2023-01-23,Dress,Clothing,784.79,11
2023-01-23,Blender,Home & Kitchen,718.92,14
2023-01-23,Coffee Maker,Home & Kitchen,659.74,8
2023-01-23,Cookware Set,Home & Kitchen,725.94,6
2023-01-23,Vacuum Cleaner,Home & Kitchen,1381.68,7
2023-01-23,Air Fryer,Home & Kitchen,733.33,8
2023-01-23,Shampoo,Beauty,285.27,24
2023-01-23,Moisturizer,Beauty,693.73,26
2023-01-23,Lipstick,Beauty,426.73,23
2023-01-23,Perfume,Beauty,462.08,7
2023-01-23,Face Serum,Beauty,528.67,13
2023-01-24,Laptop,Electronics,7327.22,8
2023-01-24,Smartphone,Electronics,8603.4,14
2023-01-24,Headphones,Electronics,2414.07,20
2023-01-24,Tablet,Electronics,3722.88,10
2023-01-24,Smart Watch,Electronics,4616.65,18
2023-01-24,T-Shirt,Clothing,654.37,28
2023-01-24,Jeans,Clothing,1235.54,22
2023-01-24,Jacket,Clothing,1375.95,15
2023-01-24,Sneakers,Clothing,1484.5,19
2023-01-24,Dress,Clothing,919.46,14
2023-01-24,Blender,Home & Kitchen,663.88,13
2023-01-24,Coffee Maker,Home & Kitchen,806.63,10
2023-01-24,Cookware Set,Home & Kitchen,888.35,7
2023-01-24,Vacuum Cleaner,Home & Kitchen,984.81,5
2023-01-24,Air Fryer,Home & Kitchen,1000.85,12
2023-01-24,Shampoo,Beauty,350.71,28
2023-01-24,Moisturizer,Beauty,993.81,34
2023-01-24,Lipstick,Beauty,464.29,26
2023-01-24,Perfume,Beauty,371.64,6
2023-01-24,Face Serum,Beauty,550.05,14
2023-01-25,Laptop,Electronics,6052.6,7
2023-01-25,Smartphone,Electronics,10181.01,16
2023-01-25,Headphones,Electronics,3062.39,24
2023-01-25,Tablet,Electronics,4601.95,11
2023-01-25,Smart Watch,Electronics,4808.64,19
2023-01-25,T-Shirt,Clothing,518.81,23
2023-01-25,Jeans,Clothing,1251.77,22
2023-01-25,Jacket,Clothing,944.26,11
2023-01-25,Sneakers,Clothing,1107.05,14
2023-01-25,Dress,Clothing,776.59,11
2023-01-25,Blender,Home & Kitchen,917.36,18
2023-01-25,Coffee Maker,Home & Kitchen,633.94,8
2023-01-25,Cookware Set,Home & Kitchen,947.37,7
2023-01-25,Vacuum Cleaner,Home & Kitchen,923.43,5
2023-01-25,Air Fryer,Home & Kitchen,1167.22,14
2023-01-25,Shampoo,Beauty,324.71,27
2023-01-25,Moisturizer,Beauty,844.35,29
2023-01-25,Lipstick,Beauty,383.44,21
2023-01-25,Perfume,Beauty,653.77,10
2023-01-25,Face Serum,Beauty,370.99,9
2023-01-26,Laptop,Electronics,6937.06,8
2023-01-26,Smartphone,Electronics,10468.65,16
2023-01-26,Headphones,Electronics,2864.52,24
2023-01-26,Tablet,Electronics,3306.99,8
2023-01-26,Smart Watch,Electronics,4257.55,17
2023-01-26,T-Shirt,Clothing,926.34,37
2023-01-26,Jeans,Clothing,1678.44,28
2023-01-26,Jacket,Clothing,1060.56,12
2023-01-26,Sneakers,Clothing,1324.41,17
2023-01-26,Dress,Clothing,806.89,12
2023-01-26,Blender,Home & Kitchen,661.65,14
2023-01-26,Coffee Maker,Home & Kitchen,694.79,9
2023-01-26,Cookware Set,Home & Kitchen,841.53,7
2023-01-26,Vacuum Cleaner,Home & Kitchen,1200.23,6
2023-01-26,Air Fryer,Home & Kitchen,1149.52,14
2023-01-26,Shampoo,Beauty,261.02,23
2023-01-26,Moisturizer,Beauty,722.32,25
2023-01-26,Lipstick,Beauty,380.58,21
2023-01-26,Perfume,Beauty,497.0,8
2023-01-26,Face Serum,Beauty,442.07,11
2023-01-27,Laptop,Electronics,7467.76,8
2023-01-27,Smartphone,Electronics,10285.04,16
2023-01-27,Headphones,Electronics,2019.91,15
2023-01-27,Tablet,Electronics,2662.19,7
2023-01-27,Smart Watch,Electronics,4310.18,18
2023-01-27,T-Shirt,Clothing,933.08,40
2023-01-27,Jeans,Clothing,980.25,18
2023-01-27,Jacket,Clothing,1012.05,11
2023-01-27,Sneakers,Clothing,1390.31,18
2023-01-27,Dress,Clothing,924.82,13
2023-01-27,Blender,Home & Kitchen,582.59,12
2023-01-27,Coffee Maker,Home & Kitchen,870.9,11
2023-01-27,Cookware Set,Home & Kitchen,736.65,6
2023-01-27,Vacuum Cleaner,Home & Kitchen,1034.9,5
2023-01-27,Air Fryer,Home & Kitchen,931.98,10
2023-01-27,Shampoo,Beauty,281.36,23
2023-01-27,Moisturizer,Beauty,770.26,28
2023-01-27,Lipstick,Beauty,325.32,19
2023-01-27,Perfume,Beauty,497.96,8
2023-01-27,Face Serum,Beauty,502.07,12
2023-01-28,Laptop,Electronics,6821.26,8
2023-01-28,Smartphone,Electronics,11384.67,17
2023-01-28,Headphones,Electronics,2851.34,24
2023-01-28,Tablet,Electronics,4084.47,10
2023-01-28,Smart Watch,Electronics,6539.62,28
2023-01-28,T-Shirt,Clothing,1054.73,47
2023-01-28,Jeans,Clothing,1796.24,29
2023-01-28,Jacket,Clothing,1338.58,16
2023-01-28,Sneakers,Clothing,2292.28,29
2023-01-28,Dress,Clothing,1156.45,16
2023-01-28,Blender,Home & Kitchen,735.34,16
2023-01-28,Coffee Maker,Home & Kitchen,830.05,11
2023-01-28,Cookware Set,Home & Kitchen,1038.45,8
2023-01-28,Vacuum Cleaner,Home & Kitchen,1023.09,5
2023-01-28,Air Fryer,Home & Kitchen,1301.7,15
2023-01-28,Shampoo,Beauty,354.64,30
2023-01-28,Moisturizer,Beauty,1041.02,37
2023-01-28,Lipstick,Beauty,491.36,26
2023-01-28,Perfume,Beauty,545.44,9
2023-01-28,Face Serum,Beauty,659.59,15
2023-01-29,Laptop,Electronics,9690.8,11
2023-01-29,Smartphone,Electronics,12028.36,20
2023-01-29,Headphones,Electronics,3738.16,30
2023-01-29,Tablet,Electronics,5743.39,14
2023-01-29,Smart Watch,Electronics,4608.78,19
2023-01-29,T-Shirt,Clothing,1391.73,57
2023-01-29,Jeans,Clothing,1683.39,29
2023-01-29,Jacket,Clothing,1587.36,19
2023-01-29,Sneakers,Clothing,1694.34,23
2023-01-29,Dress,Clothing,1092.3,16
2023-01-29,Blender,Home & Kitchen,590.41,13
2023-01-29,Coffee Maker,Home & Kitchen,771.61,10
2023-01-29,Cookware Set,Home & Kitchen,954.11,8
2023-01-29,Vacuum Cleaner,Home & Kitchen,1226.25,6
2023-01-29,Air Fryer,Home & Kitchen,1086.53,13
2023-01-29,Shampoo,Beauty,283.45,23
2023-01-29,Moisturizer,Beauty,891.0,31
2023-01-29,Lipstick,Beauty,646.87,37
2023-01-29,Perfume,Beauty,743.71,12
2023-01-29,Face Serum,Beauty,579.5,14
2023-01-30,Laptop,Electronics,6169.71,7
2023-01-30,Smartphone,Electronics,6155.73,10
2023-01-30,Headphones,Electronics,2625.65,20
2023-01-30,Tablet,Electronics,4086.94,11
2023-01-30,Smart Watch,Electronics,3990.85,17
2023-01-30,T-Shirt,Clothing,909.61,39
2023-01-30,Jeans,Clothing,1327.98,24
2023-01-30,Jacket,Clothing,957.79,11
2023-01-30,Sneakers,Clothing,1225.01,15
2023-01-30,Dress,Clothing,1069.64,15
2023-01-30,Blender,Home & Kitchen,511.35,11
2023-01-30,Coffee Maker,Home & Kitchen,680.84,9
2023-01-30,Cookware Set,Home & Kitchen,769.07,6
2023-01-30,Vacuum Cleaner,Home & Kitchen,1022.57,5
2023-01-30,Air Fryer,Home & Kitchen,1397.19,17
2023-01-30,Shampoo,Beauty,323.42,27
2023-01-30,Moisturizer,Beauty,534.14,20
2023-01-30,Lipstick,Beauty,385.0,21
2023-01-30,Perfume,Beauty,387.25,6
2023-01-30,Face Serum,Beauty,481.42,12
2023-01-31,Laptop,Electronics,6910.92,8
2023-01-31,Smartphone,Electronics,11120.88,17
2023-01-31,Headphones,Electronics,2967.45,25
2023-01-31,Tablet,Electronics,3307.83,8
2023-01-31,Smart Watch,Electronics,4458.28,19
2023-01-31,T-Shirt,Clothing,729.93,31
2023-01-31,Jeans,Clothing,1474.93,24
2023-01-31,Jacket,Clothing,1265.54,15
2023-01-31,Sneakers,Clothing,1568.44,21
2023-01-31,Dress,Clothing,654.0,10
2023-01-31,Blender,Home & Kitchen,556.78,12
2023-01-31,Coffee Maker,Home & Kitchen,670.4,9
2023-01-31,Cookware Set,Home & Kitchen,931.75,7
2023-01-31,Vacuum Cleaner,Home & Kitchen,962.06,5
2023-01-31,Air Fryer,Home & Kitchen,860.15,10
2023-01-31,Shampoo,Beauty,359.77,30
2023-01-31,Moisturizer,Beauty,753.83,26
2023-01-31,Lipstick,Beauty,369.46,22
2023-01-31,Perfume,Beauty,364.65,6
2023-01-31,Face Serum,Beauty,314.45,8
2023-02-01,Laptop,Electronics,7321.85,8
2023-02-01,Smartphone,Electronics,10904.88,17
2023-02-01,Headphones,Electronics,2746.68,23
2023-02-01,Tablet,Electronics,3838.83,10
2023-02-01,Smart Watch,Electronics,3468.54,14
2023-02-01,T-Shirt,Clothing,814.01,36
2023-02-01,Jeans,Clothing,929.67,16
2023-02-01,Jacket,Clothing,1124.23,13
2023-02-01,Sneakers,Clothing,961.94,13
2023-02-01,Dress,Clothing,847.77,13
2023-02-01,Blender,Home & Kitchen,910.75,18
2023-02-01,Coffee Maker,Home & Kitchen,610.91,8
2023-02-01,Cookware Set,Home & Kitchen,881.42,7
2023-02-01,Vacuum Cleaner,Home & Kitchen,1242.33,6
2023-02-01,Air Fryer,Home & Kitchen,777.69,9
2023-02-01,Shampoo,Beauty,293.59,25
2023-02-01,Moisturizer,Beauty,1179.96,43
2023-02-01,Lipstick,Beauty,553.58,31
2023-02-01,Perfume,Beauty,501.77,8
2023-02-01,Face Serum,Beauty,548.19,14
2023-02-02,Laptop,Electronics,5469.54,6
2023-02-02,Smartphone,Electronics,8612.53,14
2023-02-02,Headphones,Electronics,2364.31,18
2023-02-02,Tablet,Electronics,3689.69,9
2023-02-02,Smart Watch,Electronics,4471.52,18
2023-02-02,T-Shirt,Clothing,800.79,36
2023-02-02,Jeans,Clothing,1489.55,26
2023-02-02,Jacket,Clothing,1240.1,14
2023-02-02,Sneakers,Clothing,1096.14,15
2023-02-02,Dress,Clothing,1027.91,15
2023-02-02,Blender,Home & Kitchen,647.61,13
2023-02-02,Coffee Maker,Home & Kitchen,544.45,7
2023-02-02,Cookware Set,Home & Kitchen,1068.95,9
2023-02-02,Vacuum Cleaner,Home & Kitchen,1149.81,6
2023-02-02,Air Fryer,Home & Kitchen,1034.36,12
2023-02-02,Shampoo,Beauty,447.01,39
2023-02-02,Moisturizer,Beauty,857.42,30
2023-02-02,Lipstick,Beauty,356.31,20
2023-02-02,Perfume,Beauty,747.36,11
2023-02-02,Face Serum,Beauty,475.97,12
2023-02-03,Laptop,Electronics,4648.55,5
2023-02-03,Smartphone,Electronics,5989.51,9
2023-02-03,Headphones,Electronics,2947.33,23
2023-02-03,Tablet,Electronics,2391.46,6
2023-02-03,Smart Watch,Electronics,4821.13,20
2023-02-03,T-Shirt,Clothing,673.48,30
2023-02-03,Jeans,Clothing,1396.22,23
2023-02-03,Jacket,Clothing,1195.53,14
2023-02-03,Sneakers,Clothing,1531.45,21
2023-02-03,Dress,Clothing,811.67,12
2023-02-03,Blender,Home & Kitchen,784.05,17
2023-02-03,Coffee Maker,Home & Kitchen,688.94,9
2023-02-03,Cookware Set,Home & Kitchen,716.11,6
2023-02-03,Vacuum Cleaner,Home & Kitchen,1376.13,7
2023-02-03,Air Fryer,Home & Kitchen,751.46,9
2023-02-03,Shampoo,Beauty,439.92,38
2023-02-03,Moisturizer,Beauty,788.62,27
2023-02-03,Lipstick,Beauty,572.04,31
2023-02-03,Perfume,Beauty,786.27,13
2023-02-03,Face Serum,Beauty,694.37,16
2023-02-04,Laptop,Electronics,6140.54,7
2023-02-04,Smartphone,Electronics,10201.85,17
2023-02-04,Headphones,Electronics,2977.52,22
2023-02-04,Tablet,Electronics,6275.98,17
2023-02-04,Smart Watch,Electronics,4060.42,17
2023-02-04,T-Shirt,Clothing,1088.82,49
2023-02-04,Jeans,Clothing,2063.92,34
2023-02-04,Jacket,Clothing,1922.29,21
2023-02-04,Sneakers,Clothing,1954.34,25
2023-02-04,Dress,Clothing,1097.12,16
2023-02-04,Blender,Home & Kitchen,670.81,14
2023-02-04,Coffee Maker,Home & Kitchen,991.55,12
2023-02-04,Cookware Set,Home & Kitchen,1096.7,9
2023-02-04,Vacuum Cleaner,Home & Kitchen,1248.17,6
2023-02-04,Air Fryer,Home & Kitchen,1562.55,17
2023-02-04,Shampoo,Beauty,567.4,46
2023-02-04,Moisturizer,Beauty,1268.32,44
2023-02-04,Lipstick,Beauty,438.28,26
2023-02-04,Perfume,Beauty,772.93,12
2023-02-04,Face Serum,Beauty,740.32,17
2023-02-05,Laptop,Electronics,9094.54,10
2023-02-05,Smartphone,Electronics,6355.87,10
2023-02-05,Headphones,Electronics,2993.86,24
2023-02-05,Tablet,Electronics,4089.09,11
2023-02-05,Smart Watch,Electronics,4069.19,16
2023-02-05,T-Shirt,Clothing,1049.32,42
2023-02-05,Jeans,Clothing,2236.54,41
2023-02-05,Jacket,Clothing,1769.49,21
2023-02-05,Sneakers,Clothing,2397.63,32
2023-02-05,Dress,Clothing,1221.92,17
2023-02-05,Blender,Home & Kitchen,559.03,12
2023-02-05,Coffee Maker,Home & Kitchen,742.57,10
2023-02-05,Cookware Set,Home & Kitchen,853.67,7
2023-02-05,Vacuum Cleaner,Home & Kitchen,1446.8,7
2023-02-05,Air Fryer,Home & Kitchen,1336.84,15
2023-02-05,Shampoo,Beauty,528.42,43
2023-02-05,Moisturizer,Beauty,1647.61,57
2023-02-05,Lipstick,Beauty,747.09,43
2023-02-05,Perfume,Beauty,555.38,9
2023-02-05,Face Serum,Beauty,876.07,20
2023-02-06,Laptop,Electronics,5502.96,6
2023-02-06,Smartphone,Electronics,7962.55,13
2023-02-06,Headphones,Electronics,3370.48,26
2023-02-06,Tablet,Electronics,3117.05,8
2023-02-06,Smart Watch,Electronics,4796.51,19
2023-02-06,T-Shirt,Clothing,925.09,37
2023-02-06,Jeans,Clothing,936.75,17
2023-02-06,Jacket,Clothing,878.91,10
2023-02-06,Sneakers,Clothing,1157.47,15
2023-02-06,Dress,Clothing,474.89,7
2023-02-06,Blender,Home & Kitchen,812.03,17
2023-02-06,Coffee Maker,Home & Kitchen,787.7,10
2023-02-06,Cookware Set,Home & Kitchen,1293.73,10
2023-02-06,Vacuum Cleaner,Home & Kitchen,1250.81,6
2023-02-06,Air Fryer,Home & Kitchen,1476.09,16
2023-02-06,Shampoo,Beauty,334.02,30
2023-02-06,Moisturizer,Beauty,1012.3,36
2023-02-06,Lipstick,Beauty,474.17,27
2023-02-06,Perfume,Beauty,603.32,9
2023-02-06,Face Serum,Beauty,567.54,14
2023-02-07,Laptop,Electronics,6339.2,7
2023-02-07,Smartphone,Electronics,7540.49,12
2023-02-07,Headphones,Electronics,2910.58,22
2023-02-07,Tablet,Electronics,3647.57,9
2023-02-07,Smart Watch,Electronics,2832.67,12
2023-02-07,T-Shirt,Clothing,539.74,24
2023-02-07,Jeans,Clothing,1477.19,25
2023-02-07,Jacket,Clothing,830.08,9
2023-02-07,Sneakers,Clothing,1107.26,15
2023-02-07,Dress,Clothing,583.79,9
2023-02-07,Blender,Home & Kitchen,891.78,19
2023-02-07,Coffee Maker,Home & Kitchen,899.21,11
2023-02-07,Cookware Set,Home & Kitchen,1044.45,8
2023-02-07,Vacuum Cleaner,Home & Kitchen,961.67,5
2023-02-07,Air Fryer,Home & Kitchen,835.86,10
2023-02-07,Shampoo,Beauty,403.23,35
2023-02-07,Moisturizer,Beauty,916.17,33
2023-02-07,Lipstick,Beauty,401.37,24
2023-02-07,Perfume,Beauty,531.28,8
2023-02-07,Face Serum,Beauty,517.08,12
2023-02-08,Laptop,Electronics,4614.89,5
2023-02-08,Smartphone,Electronics,7530.26,12
2023-02-08,Headphones,Electronics,2656.91,21
2023-02-08,Tablet,Electronics,3795.77,10
2023-02-08,Smart Watch,Electronics,3827.83,16
2023-02-08,T-Shirt,Clothing,742.12,33
2023-02-08,Jeans,Clothing,1245.28,22
2023-02-08,Jacket,Clothing,761.49,9
2023-02-08,Sneakers,Clothing,1315.7,16
2023-02-08,Dress,Clothing,1038.72,15
2023-02-08,Blender,Home & Kitchen,514.43,10
2023-02-08,Coffee Maker,Home & Kitchen,490.91,6
2023-02-08,Cookware Set,Home & Kitchen,923.67,7
2023-02-08,Vacuum Cleaner,Home & Kitchen,1296.26,7
2023-02-08,Air Fryer,Home & Kitchen,1048.81,12
2023-02-08,Shampoo,Beauty,431.99,37
2023-02-08,Moisturizer,Beauty,971.95,35
2023-02-08,Lipstick,Beauty,403.54,24
2023-02-08,Perfume,Beauty,532.01,8
2023-02-08,Face Serum,Beauty,440.72,10
2023-02-09,Laptop,Electronics,8379.74,9
2023-02-09,Smartphone,Electronics,10095.49,16
2023-02-09,Headphones,Electronics,2576.95,20
2023-02-09,Tablet,Electronics,3464.61,9
2023-02-09,Smart Watch,Electronics,3341.4,14
2023-02-09,T-Shirt,Clothing,794.11,35
2023-02-09,Jeans,Clothing,1108.1,18
2023-02-09,Jacket,Clothing,1098.37,12
2023-02-09,Sneakers,Clothing,1045.11,14
2023-02-09,Dress,Clothing,919.93,13
2023-02-09,Blender,Home & Kitchen,712.57,14
2023-02-09,Coffee Maker,Home & Kitchen,796.4,10
2023-02-09,Cookware Set,Home & Kitchen,735.75,6
2023-02-09,Vacuum Cleaner,Home & Kitchen,1040.16,5
2023-02-09,Air Fryer,Home & Kitchen,1129.11,13
2023-02-09,Shampoo,Beauty,285.87,25
2023-02-09,Moisturizer,Beauty,914.23,32
2023-02-09,Lipstick,Beauty,536.91,29
2023-02-09,Perfume,Beauty,478.69,8
2023-02-09,Face Serum,Beauty,749.15,17
2023-02-10,Laptop,Electronics,5959.72,7
2023-02-10,Smartphone,Electronics,8650.39,13
2023-02-10,Headphones,Electronics,2255.55,18
2023-02-10,Tablet,Electronics,2704.46,7
2023-02-10,Smart Watch,Electronics,4472.76,19
2023-02-10,T-Shirt,Clothing,707.27,30
2023-02-10,Jeans,Clothing,947.3,16
2023-02-10,Jacket,Clothing,1025.78,11
2023-02-10,Sneakers,Clothing,1305.98,17
2023-02-10,Dress,Clothing,788.23,12
2023-02-10,Blender,Home & Kitchen,598.64,12
2023-02-10,Coffee Maker,Home & Kitchen,929.86,12
2023-02-10,Cookware Set,Home & Kitchen,730.73,6
2023-02-10,Vacuum Cleaner,Home & Kitchen,1333.97,7
2023-02-10,Air Fryer,Home & Kitchen,1200.95,13
2023-02-10,Shampoo,Beauty,355.11,31
2023-02-10,Moisturizer,Beauty,853.99,32
2023-02-10,Lipstick,Beauty,563.05,30
2023-02-10,Perfume,Beauty,616.99,10
2023-02-10,Face Serum,Beauty,408.2,10
2023-02-11,Laptop,Electronics,5922.04,7
2023-02-11,Smartphone,Electronics,10610.14,16
2023-02-11,Headphones,Electronics,4021.94,30
2023-02-11,Tablet,Electronics,5755.2,14
2023-02-11,Smart Watch,Electronics,5998.61,26
2023-02-11,T-Shirt,Clothing,1405.08,61
2023-02-11,Jeans,Clothing,1622.94,27
2023-02-11,Jacket,Clothing,1818.29,20
2023-02-11,Sneakers,Clothing,2244.49,28
2023-02-11,Dress,Clothing,1498.22,21
2023-02-11,Blender,Home & Kitchen,747.36,15
2023-02-11,Coffee Maker,Home & Kitchen,964.51,12
2023-02-11,Cookware Set,Home & Kitchen,965.25,8
2023-02-11,Vacuum Cleaner,Home & Kitchen,980.45,5
2023-02-11,Air Fryer,Home & Kitchen,1152.08,13
2023-02-11,Shampoo,Beauty,466.17,38
2023-02-11,Moisturizer,Beauty,933.03,35
2023-02-11,Lipstick,Beauty,689.57,38
2023-02-11,Perfume,Beauty,675.32,11
2023-02-11,Face Serum,Beauty,789.93,18
2023-02-12,Laptop,Electronics,8409.15,9
2023-02-12,Smartphone,Electronics,15669.56,25
2023-02-12,Headphones,Electronics,3039.07,24
2023-02-12,Tablet,Electronics,5207.24,14
2023-02-12,Smart Watch,Electronics,5148.42,20
2023-02-12,T-Shirt,Clothing,1300.51,53
2023-02-12,Jeans,Clothing,1915.69,31
2023-02-12,Jacket,Clothing,1707.33,20
2023-02-12,Sneakers,Clothing,1675.07,22
2023-02-12,Dress,Clothing,1457.12,21
2023-02-12,Blender,Home & Kitchen,588.06,13
2023-02-12,Coffee Maker,Home & Kitchen,639.93,8
2023-02-12,Cookware Set,Home & Kitchen,888.94,7
2023-02-12,Vacuum Cleaner,Home & Kitchen,960.45,5
2023-02-12,Air Fryer,Home & Kitchen,986.85,12
2023-02-12,Shampoo,Beauty,475.55,38
2023-02-12,Moisturizer,Beauty,997.11,35
2023-02-12,Lipstick,Beauty,631.99,34
2023-02-12,Perfume,Beauty,616.25,10
2023-02-12,Face Serum,Beauty,772.11,18
2023-02-13,Laptop,Electronics,8540.47,10
2023-02-13,Smartphone,Electronics,9491.3,14
2023-02-13,Headphones,Electronics,2457.43,19
2023-02-13,Tablet,Electronics,2367.93,6
2023-02-13,Smart Watch,Electronics,5603.52,23
2023-02-13,T-Shirt,Clothing,772.1,34
2023-02-13,Jeans,Clothing,1210.12,20
2023-02-13,Jacket,Clothing,797.17,9
2023-02-13,Sneakers,Clothing,1239.99,15
2023-02-13,Dress,Clothing,860.99,12
2023-02-13,Blender,Home & Kitchen,600.05,13
2023-02-13,Coffee Maker,Home & Kitchen,588.83,8
2023-02-13,Cookware Set,Home & Kitchen,719.25,6
2023-02-13,Vacuum Cleaner,Home & Kitchen,1479.97,8
2023-02-13,Air Fryer,Home & Kitchen,1188.87,13
2023-02-13,Shampoo,Beauty,379.69,31
2023-02-13,Moisturizer,Beauty,956.05,33
2023-02-13,Lipstick,Beauty,533.45,30
2023-02-13,Perfume,Beauty,445.06,7
2023-02-13,Face Serum,Beauty,700.29,17
2023-02-14,Laptop,Electronics,5521.05,6
2023-02-14,Smartphone,Electronics,8540.47,14
2023-02-14,Headphones,Electronics,3585.64,27
2023-02-14,Tablet,Electronics,2818.66,7
2023-02-14,Smart Watch,Electronics,3242.35,14
2023-02-14,T-Shirt,Clothing,806.4,35
2023-02-14,Jeans,Clothing,1429.53,24
2023-02-14,Jacket,Clothing,1023.52,12
2023-02-14,Sneakers,Clothing,1059.19,14
2023-02-14,Dress,Clothing,897.76,13
2023-02-14,Blender,Home & Kitchen,1030.09,21
2023-02-14,Coffee Maker,Home & Kitchen,798.03,10
2023-02-14,Cookware Set,Home & Kitchen,910.89,7
2023-02-14,Vacuum Cleaner,Home & Kitchen,973.2,5
2023-02-14,Air Fryer,Home & Kitchen,994.6,12
2023-02-14,Shampoo,Beauty,457.39,39
2023-02-14,Moisturizer,Beauty,1464.26,55
2023-02-14,Lipstick,Beauty,499.44,28
2023-02-14,Perfume,Beauty,637.93,10
2023-02-14,Face Serum,Beauty,798.45,19
2023-02-15,Laptop,Electronics,6191.91,7
2023-02-15,Smartphone,Electronics,9070.19,14
2023-02-15,Headphones,Electronics,3236.89,27
2023-02-15,Tablet,Electronics,3528.54,9
2023-02-15,Smart Watch,Electronics,3430.77,14
2023-02-15,T-Shirt,Clothing,1028.36,41
2023-02-15,Jeans,Clothing,835.01,15
2023-02-15,Jacket,Clothing,1327.7,16
2023-02-15,Sneakers,Clothing,1156.74,15
2023-02-15,Dress,Clothing,770.65,11
2023-02-15,Blender,Home & Kitchen,633.24,13
2023-02-15,Coffee Maker,Home & Kitchen,823.45,10
2023-02-15,Cookware Set,Home & Kitchen,904.32,7
2023-02-15,Vacuum Cleaner,Home & Kitchen,1198.06,6
2023-02-15,Air Fryer,Home & Kitchen,1088.03,12
2023-02-15,Shampoo,Beauty,298.87,24
2023-02-15,Moisturizer,Beauty,940.9,33
2023-02-15,Lipstick,Beauty,661.4,35
2023-02-15,Perfume,Beauty,435.57,7
2023-02-15,Face Serum,Beauty,561.05,14
2023-02-16,Laptop,Electronics,5659.16,6
2023-02-16,Smartphone,Electronics,10264.38,16
2023-02-16,Headphones,Electronics,2528.93,19
2023-02-16,Tablet,Electronics,4154.2,11
2023-02-16,Smart Watch,Electronics,4608.7,18
2023-02-16,T-Shirt,Clothing,867.73,37
2023-02-16,Jeans,Clothing,1669.55,27
2023-02-16,Jacket,Clothing,1184.53,13
2023-02-16,Sneakers,Clothing,1215.6,16
2023-02-16,Dress,Clothing,890.63,13
2023-02-16,Blender,Home & Kitchen,737.03,15
2023-02-16,Coffee Maker,Home & Kitchen,723.37,9
2023-02-16,Cookware Set,Home & Kitchen,869.58,7
2023-02-16,Vacuum Cleaner,Home & Kitchen,1127.77,6
2023-02-16,Air Fryer,Home & Kitchen,870.43,10
2023-02-16,Shampoo,Beauty,293.39,24
2023-02-16,Moisturizer,Beauty,697.6,27
2023-02-16,Lipstick,Beauty,577.12,34
2023-02-16,Perfume,Beauty,621.24,10
2023-02-16,Face Serum,Beauty,623.04,16
2023-02-17,Laptop,Electronics,4977.71,6
2023-02-17,Smartphone,Electronics,9763.05,16
2023-02-17,Headphones,Electronics,2018.2,16
2023-02-17,Tablet,Electronics,2966.43,8
2023-02-17,Smart Watch,Electronics,5159.76,20
2023-02-17,T-Shirt,Clothing,769.67,34
2023-02-17,Jeans,Clothing,1345.38,23
2023-02-17,Jacket,Clothing,1179.17,14
2023-02-17,Sneakers,Clothing,1121.73,14
2023-02-17,Dress,Clothing,648.27,9
2023-02-17,Blender,Home & Kitchen,469.93,10
2023-02-17,Coffee Maker,Home & Kitchen,1069.23,14
2023-02-17,Cookware Set,Home & Kitchen,716.7,6
2023-02-17,Vacuum Cleaner,Home & Kitchen,1410.39,7
2023-02-17,Air Fryer,Home & Kitchen,1130.5,13
2023-02-17,Shampoo,Beauty,431.72,36
2023-02-17,Moisturizer,Beauty,1004.86,35
2023-02-17,Lipstick,Beauty,554.42,33
2023-02-17,Perfume,Beauty,519.19,8
2023-02-17,Face Serum,Beauty,388.72,10
2023-02-18,Laptop,Electronics,6161.7,7
2023-02-18,Smartphone,Electronics,11015.74,18
2023-02-18,Headphones,Electronics,2684.08,20
2023-02-18,Tablet,Electronics,5814.16,14
2023-02-18,Smart Watch,Electronics,4921.4,19
2023-02-18,T-Shirt,Clothing,906.82,41
2023-02-18,Jeans,Clothing,2036.81,33
2023-02-18,Jacket,Clothing,2048.44,22
2023-02-18,Sneakers,Clothing,1910.55,26
2023-02-18,Dress,Clothing,758.85,11
2023-02-18,Blender,Home & Kitchen,429.64,9
2023-02-18,Coffee Maker,Home & Kitchen,965.34,13
2023-02-18,Cookware Set,Home & Kitchen,719.63,6
2023-02-18,Vacuum Cleaner,Home & Kitchen,1435.3,7
2023-02-18,Air Fryer,Home & Kitchen,1492.24,17
2023-02-18,Shampoo,Beauty,401.68,32
2023-02-18,Moisturizer,Beauty,867.3,32
2023-02-18,Lipstick,Beauty,682.95,40
2023-02-18,Perfume,Beauty,677.65,10
2023-02-18,Face Serum,Beauty,836.12,21
2023-02-19,Laptop,Electronics,9584.08,11
2023-02-19,Smartphone,Electronics,8027.14,13
2023-02-19,Headphones,Electronics,2952.85,22
2023-02-19,Tablet,Electronics,4433.24,11
2023-02-19,Smart Watch,Electronics,3041.41,13
2023-02-19,T-Shirt,Clothing,894.79,37
2023-02-19,Jeans,Clothing,1480.31,27
2023-02-19,Jacket,Clothing,2627.43,29
2023-02-19,Sneakers,Clothing,1903.02,25
2023-02-19,Dress,Clothing,1090.32,16
2023-02-19,Blender,Home & Kitchen,623.01,13
2023-02-19,Coffee Maker,Home & Kitchen,714.27,9
2023-02-19,Cookware Set,Home & Kitchen,1068.18,8
2023-02-19,Vacuum Cleaner,Home & Kitchen,1120.47,6
2023-02-19,Air Fryer,Home & Kitchen,1167.85,13
2023-02-19,Shampoo,Beauty,493.94,43
2023-02-19,Moisturizer,Beauty,1039.89,38
2023-02-19,Lipstick,Beauty,711.25,40
2023-02-19,Perfume,Beauty,660.78,11
2023-02-19,Face Serum,Beauty,935.65,23
2023-02-20,Laptop,Electronics,6718.24,8
2023-02-20,Smartphone,Electronics,8652.4,14
2023-02-20,Headphones,Electronics,2756.35,22
2023-02-20,Tablet,Electronics,3093.43,8
2023-02-20,Smart Watch,Electronics,3972.67,16
2023-02-20,T-Shirt,Clothing,757.99,32
2023-02-20,Jeans,Clothing,1035.2,18
2023-02-20,Jacket,Clothing,909.37,10
2023-02-20,Sneakers,Clothing,1239.45,17
2023-02-20,Dress,Clothing,984.64,14
2023-02-20,Blender,Home & Kitchen,751.45,15
2023-02-20,Coffee Maker,Home & Kitchen,822.23,10
2023-02-20,Cookware Set,Home & Kitchen,1432.68,12
2023-02-20,Vacuum Cleaner,Home & Kitchen,986.15,5
2023-02-20,Air Fryer,Home & Kitchen,1115.02,13
2023-02-20,Shampoo,Beauty,464.74,42
2023-02-20,Moisturizer,Beauty,778.34,27
2023-02-20,Lipstick,Beauty,601.21,34
2023-02-20,Perfume,Beauty,829.57,13
2023-02-20,Face Serum,Beauty,613.23,14
2023-02-21,Laptop,Electronics,6201.93,7
2023-02-21,Smartphone,Electronics,7593.89,12
2023-02-21,Headphones,Electronics,2796.32,22
2023-02-21,Tablet,Electronics,3044.05,8
2023-02-21,Smart Watch,Electronics,4110.45,16
2023-02-21,T-Shirt,Clothing,596.75,26
2023-02-21,Jeans,Clothing,744.52,13
2023-02-21,Jacket,Clothing,1118.14,12
2023-02-21,Sneakers,Clothing,1060.86,14
2023-02-21,Dress,Clothing,736.94,11
2023-02-21,Blender,Home & Kitchen,790.59,16
2023-02-21,Coffee Maker,Home & Kitchen,955.32,12
2023-02-21,Cookware Set,Home & Kitchen,997.1,8
2023-02-21,Vacuum Cleaner,Home & Kitchen,1209.73,6
2023-02-21,Air Fryer,Home & Kitchen,946.66,11
2023-02-21,Shampoo,Beauty,346.04,29
2023-02-21,Moisturizer,Beauty,1074.34,37
2023-02-21,Lipstick,Beauty,416.28,25
2023-02-21,Perfume,Beauty,486.78,8
2023-02-21,Face Serum,Beauty,1025.26,24
2023-02-22,Laptop,Electronics,6449.71,7
2023-02-22,Smartphone,Electronics,8427.29,13
2023-02-22,Headphones,Electronics,2482.29,19
2023-02-22,Tablet,Electronics,2693.57,7
2023-02-22,Smart Watch,Electronics,4180.05,17
2023-02-22,T-Shirt,Clothing,724.32,32
2023-02-22,Jeans,Clothing,1359.71,25
2023-02-22,Jacket,Clothing,1274.12,15
2023-02-22,Sneakers,Clothing,1106.88,15
2023-02-22,Dress,Clothing,527.5,8
2023-02-22,Blender,Home & Kitchen,694.64,15
2023-02-22,Coffee Maker,Home & Kitchen,766.36,10
2023-02-22,Cookware Set,Home & Kitchen,620.9,5
2023-02-22,Vacuum Cleaner,Home & Kitchen,1102.39,6
2023-02-22,Air Fryer,Home & Kitchen,906.34,10
2023-02-22,Shampoo,Beauty,512.03,41
2023-02-22,Moisturizer,Beauty,913.96,33
2023-02-22,Lipstick,Beauty,496.02,27
2023-02-22,Perfume,Beauty,669.34,10
2023-02-22,Face Serum,Beauty,615.17,15
2023-02-23,Laptop,Electronics,6449.27,7
2023-02-23,Smartphone,Electronics,10807.68,16
2023-02-23,Headphones,Electronics,2030.31,15
2023-02-23,Tablet,Electronics,3719.18,10
2023-02-23,Smart Watch,Electronics,3222.61,14
2023-02-23,T-Shirt,Clothing,786.35,32
2023-02-23,Jeans,Clothing,1643.01,27
2023-02-23,Jacket,Clothing,935.8,11
2023-02-23,Sneakers,Clothing,1242.97,17
2023-02-23,Dress,Clothing,922.03,14
2023-02-23,Blender,Home & Kitchen,764.61,16
2023-02-23,Coffee Maker,Home & Kitchen,754.56,10
2023-02-23,Cookware Set,Home & Kitchen,1006.59,8
2023-02-23,Vacuum Cleaner,Home & Kitchen,1176.48,6
2023-02-23,Air Fryer,Home & Kitchen,933.44,11
2023-02-23,Shampoo,Beauty,383.41,34
2023-02-23,Moisturizer,Beauty,1390.97,50
2023-02-23,Lipstick,Beauty,610.1,33
2023-02-23,Perfume,Beauty,679.95,10
2023-02-23,Face Serum,Beauty,614.92,14
2023-02-24,Laptop,Electronics,5062.13,6
2023-02-24,Smartphone,Electronics,8559.9,14
2023-02-24,Headphones,Electronics,2826.48,22
2023-02-24,Tablet,Electronics,3737.68,9
2023-02-24,Smart Watch,Electronics,6677.97,27
2023-02-24,T-Shirt,Clothing,645.64,29
2023-02-24,Jeans,Clothing,1089.68,18
2023-02-24,Jacket,Clothing,1053.68,12
2023-02-24,Sneakers,Clothing,1192.32,15
2023-02-24,Dress,Clothing,718.85,10
2023-02-24,Blender,Home & Kitchen,693.97,15
2023-02-24,Coffee Maker,Home & Kitchen,865.87,11
2023-02-24,Cookware Set,Home & Kitchen,1134.93,9
2023-02-24,Vacuum Cleaner,Home & Kitchen,928.87,5
2023-02-24,Air Fryer,Home & Kitchen,1399.38,16
2023-02-24,Shampoo,Beauty,424.72,38
2023-02-24,Moisturizer,Beauty,1632.06,56
2023-02-24,Lipstick,Beauty,449.71,26
2023-02-24,Perfume,Beauty,508.99,8
2023-02-24,Face Serum,Beauty,555.49,14
2023-02-25,Laptop,Electronics,7710.16,9
2023-02-25,Smartphone,Electronics,10849.43,18
2023-02-25,Headphones,Electronics,3630.01,28
2023-02-25,Tablet,Electronics,6818.34,17
2023-02-25,Smart Watch,Electronics,3637.57,14
2023-02-25,T-Shirt,Clothing,942.93,38
2023-02-25,Jeans,Clothing,1815.54,32
2023-02-25,Jacket,Clothing,2554.76,29
2023-02-25,Sneakers,Clothing,1979.17,27
2023-02-25,Dress,Clothing,986.45,15
2023-02-25,Blender,Home & Kitchen,741.35,16
2023-02-25,Coffee Maker,Home & Kitchen,870.31,11
2023-02-25,Cookware Set,Home & Kitchen,995.78,8
2023-02-25,Vacuum Cleaner,Home & Kitchen,1218.29,6
2023-02-25,Air Fryer,Home & Kitchen,1241.49,14
2023-02-25,Shampoo,Beauty,580.86,49
2023-02-25,Moisturizer,Beauty,1031.36,36
2023-02-25,Lipstick,Beauty,685.0,39
2023-02-25,Perfume,Beauty,885.79,13
2023-02-25,Face Serum,Beauty,822.08,21
2023-02-26,Laptop,Electronics,5893.1,7
2023-02-26,Smartphone,Electronics,10878.52,17
2023-02-26,Headphones,Electronics,2931.7,22
2023-02-26,Tablet,Electronics,4786.17,12
2023-02-26,Smart Watch,Electronics,5127.01,20
2023-02-26,T-Shirt,Clothing,932.13,42
2023-02-26,Jeans,Clothing,1845.98,33
2023-02-26,Jacket,Clothing,2681.46,30
2023-02-26,Sneakers,Clothing,1939.91,26
2023-02-26,Dress,Clothing,1046.89,15
2023-02-26,Blender,Home & Kitchen,593.79,13
2023-02-26,Coffee Maker,Home & Kitchen,885.81,11
2023-02-26,Cookware Set,Home & Kitchen,865.07,7
2023-02-26,Vacuum Cleaner,Home & Kitchen,1611.21,8
2023-02-26,Air Fryer,Home & Kitchen,939.83,11
2023-02-26,Shampoo,Beauty,488.47,44
2023-02-26,Moisturizer,Beauty,777.51,30
2023-02-26,Lipstick,Beauty,639.35,35
2023-02-26,Perfume,Beauty,595.73,9
2023-02-26,Face Serum,Beauty,784.58,19
2023-02-27,Laptop,Electronics,7785.19,9
2023-02-27,Smartphone,Electronics,10135.3,16
2023-02-27,Headphones,Electronics,3744.76,28
2023-02-27,Tablet,Electronics,2598.15,7
2023-02-27,Smart Watch,Electronics,4463.66,19
2023-02-27,T-Shirt,Clothing,919.08,40
2023-02-27,Jeans,Clothing,1563.65,26
2023-02-27,Jacket,Clothing,1017.67,11
2023-02-27,Sneakers,Clothing,1393.99,19
2023-02-27,Dress,Clothing,963.0,15
2023-02-27,Blender,Home & Kitchen,821.78,16
2023-02-27,Coffee Maker,Home & Kitchen,672.43,9
2023-02-27,Cookware Set,Home & Kitchen,1016.25,8
2023-02-27,Vacuum Cleaner,Home & Kitchen,1542.61,8
2023-02-27,Air Fryer,Home & Kitchen,1419.22,17
2023-02-27,Shampoo,Beauty,496.76,41
2023-02-27,Moisturizer,Beauty,1138.42,42
2023-02-27,Lipstick,Beauty,668.87,40
2023-02-27,Perfume,Beauty,724.61,12
2023-02-27,Face Serum,Beauty,804.26,20
2023-02-28,Laptop,Electronics,7513.56,9
2023-02-28,Smartphone,Electronics,16021.77,24
2023-02-28,Headphones,Electronics,2500.65,21
2023-02-28,Tablet,Electronics,3702.22,9
2023-02-28,Smart Watch,Electronics,2715.1,11
2023-02-28,T-Shirt,Clothing,982.48,40
2023-02-28,Jeans,Clothing,1917.96,33
2023-02-28,Jacket,Clothing,1588.72,19
2023-02-28,Sneakers,Clothing,1464.23,20
2023-02-28,Dress,Clothing,1214.32,17
2023-02-28,Blender,Home & Kitchen,890.01,18
2023-02-28,Coffee Maker,Home & Kitchen,846.77,11
2023-02-28,Cookware Set,Home & Kitchen,1656.52,13
2023-02-28,Vacuum Cleaner,Home & Kitchen,1340.76,7
2023-02-28,Air Fryer,Home & Kitchen,1441.3,17
2023-02-28,Shampoo,Beauty,281.85,25
2023-02-28,Moisturizer,Beauty,698.79,25
2023-02-28,Lipstick,Beauty,636.43,35
2023-02-28,Perfume,Beauty,556.26,9
2023-02-28,Face Serum,Beauty,657.68,17
2023-03-01,Laptop,Electronics,6413.15,7
2023-03-01,Smartphone,Electronics,15021.66,25
2023-03-01,Headphones,Electronics,3356.78,28
2023-03-01,Tablet,Electronics,5688.17,14
2023-03-01,Smart Watch,Electronics,2982.64,13
2023-03-01,T-Shirt,Clothing,1082.43,43
2023-03-01,Jeans,Clothing,1281.87,23
2023-03-01,Jacket,Clothing,1677.78,19
2023-03-01,Sneakers,Clothing,1616.33,20
2023-03-01,Dress,Clothing,929.32,13
2023-03-01,Blender,Home & Kitchen,653.17,14
2023-03-01,Coffee Maker,Home & Kitchen,908.81,12
2023-03-01,Cookware Set,Home & Kitchen,1611.7,12
2023-03-01,Vacuum Cleaner,Home & Kitchen,1874.63,9
2023-03-01,Air Fryer,Home & Kitchen,1233.37,14
2023-03-01,Shampoo,Beauty,582.78,52
2023-03-01,Moisturizer,Beauty,1107.22,40
2023-03-01,Lipstick,Beauty,468.49,25
2023-03-01,Perfume,Beauty,491.78,8
2023-03-01,Face Serum,Beauty,548.37,14
2023-03-02,Laptop,Electronics,6383.25,7
2023-03-02,Smartphone,Electronics,11142.67,17
2023-03-02,Headphones,Electronics,3021.76,23
2023-03-02,Tablet,Electronics,4043.41,10
2023-03-02,Smart Watch,Electronics,3353.25,14
2023-03-02,T-Shirt,Clothing,1052.76,42
2023-03-02,Jeans,Clothing,1009.38,17
2023-03-02,Jacket,Clothing,1631.31,18
2023-03-02,Sneakers,Clothing,891.93,12
2023-03-02,Dress,Clothing,683.19,10
2023-03-02,Blender,Home & Kitchen,730.81,15
2023-03-02,Coffee Maker,Home & Kitchen,845.15,11
2023-03-02,Cookware Set,Home & Kitchen,1027.95,8
2023-03-02,Vacuum Cleaner,Home & Kitchen,1210.27,6
2023-03-02,Air Fryer,Home & Kitchen,1456.37,16
2023-03-02,Shampoo,Beauty,313.54,28
2023-03-02,Moisturizer,Beauty,941.11,34
2023-03-02,Lipstick,Beauty,344.83,19
2023-03-02,Perfume,Beauty,518.44,8
2023-03-02,Face Serum,Beauty,426.48,10
2023-03-03,Laptop,Electronics,8067.94,9
2023-03-03,Smartphone,Electronics,8133.41,13
2023-03-03,Headphones,Electronics,3462.45,26
2023-03-03,Tablet,Electronics,2758.28,7
2023-03-03,Smart Watch,Electronics,5537.06,24
2023-03-03,T-Shirt,Clothing,861.93,38
2023-03-03,Jeans,Clothing,2091.73,34
2023-03-03,Jacket,Clothing,1268.96,15
2023-03-03,Sneakers,Clothing,990.01,13
2023-03-03,Dress,Clothing,736.1,11
2023-03-03,Blender,Home & Kitchen,853.28,17
2023-03-03,Coffee Maker,Home & Kitchen,768.1,10
2023-03-03,Cookware Set,Home & Kitchen,1475.8,11
2023-03-03,Vacuum Cleaner,Home & Kitchen,1376.11,7
2023-03-03,Air Fryer,Home & Kitchen,1096.29,13
2023-03-03,Shampoo,Beauty,449.08,38
2023-03-03,Moisturizer,Beauty,847.39,30
2023-03-03,Lipstick,Beauty,610.51,33
2023-03-03,Perfume,Beauty,542.26,9
2023-03-03,Face Serum,Beauty,656.35,15
2023-03-04,Laptop,Electronics,7217.18,8
2023-03-04,Smartphone,Electronics,13914.9,22
2023-03-04,Headphones,Electronics,2406.05,20
2023-03-04,Tablet,Electronics,4104.77,10
2023-03-04,Smart Watch,Electronics,5201.2,22
2023-03-04,T-Shirt,Clothing,1160.31,51
2023-03-04,Jeans,Clothing,1933.82,33
2023-03-04,Jacket,Clothing,2317.24,26
2023-03-04,Sneakers,Clothing,1855.77,25
2023-03-04,Dress,Clothing,1574.66,22
2023-03-04,Blender,Home & Kitchen,785.62,16
2023-03-04,Coffee Maker,Home & Kitchen,713.2,9
2023-03-04,Cookware Set,Home & Kitchen,1427.48,12
2023-03-04,Vacuum Cleaner,Home & Kitchen,1982.3,10
2023-03-04,Air Fryer,Home & Kitchen,1466.17,17
2023-03-04,Shampoo,Beauty,449.74,38
2023-03-04,Moisturizer,Beauty,1066.67,39
2023-03-04,Lipstick,Beauty,754.36,44
2023-03-04,Perfume,Beauty,692.68,11
2023-03-04,Face Serum,Beauty,752.1,19
2023-03-05,Laptop,Electronics,8614.35,10
2023-03-05,Smartphone,Electronics,14701.7,23
2023-03-05,Headphones,Electronics,3769.12,28
2023-03-05,Tablet,Electronics,4433.15,11
2023-03-05,Smart Watch,Electronics,5939.34,25
2023-03-05,T-Shirt,Clothing,1530.19,69
2023-03-05,Jeans,Clothing,2676.72,45
2023-03-05,Jacket,Clothing,2635.7,30
2023-03-05,Sneakers,Clothing,2455.92,32
2023-03-05,Dress,Clothing,1158.78,18
2023-03-05,Blender,Home & Kitchen,1028.43,20
2023-03-05,Coffee Maker,Home & Kitchen,1097.69,14
2023-03-05,Cookware Set,Home & Kitchen,1325.45,10
2023-03-05,Vacuum Cleaner,Home & Kitchen,1592.94,8
2023-03-05,Air Fryer,Home & Kitchen,1469.09,16
2023-03-05,Shampoo,Beauty,456.75,37
2023-03-05,Moisturizer,Beauty,1429.3,54
2023-03-05,Lipstick,Beauty,598.46,34
2023-03-05,Perfume,Beauty,795.63,13
2023-03-05,Face Serum,Beauty,816.74,20
2023-03-06,Laptop,Electronics,6520.22,7
2023-03-06,Smartphone,Electronics,8506.07,14
2023-03-06,Headphones,Electronics,2411.93,18
2023-03-06,Tablet,Electronics,2717.29,7
2023-03-06,Smart Watch,Electronics,4937.21,19
2023-03-06,T-Shirt,Clothing,894.0,37
2023-03-06,Jeans,Clothing,1501.48,25
2023-03-06,Jacket,Clothing,1002.57,12
2023-03-06,Sneakers,Clothing,1726.57,23
2023-03-06,Dress,Clothing,866.2,13
2023-03-06,Blender,Home & Kitchen,804.78,16
2023-03-06,Coffee Maker,Home & Kitchen,644.94,8
2023-03-06,Cookware Set,Home & Kitchen,1015.75,8
2023-03-06,Vacuum Cleaner,Home & Kitchen,1437.46,7
2023-03-06,Air Fryer,Home & Kitchen,1661.72,18
2023-03-06,Shampoo,Beauty,388.65,31
2023-03-06,Moisturizer,Beauty,1166.07,40
2023-03-06,Lipstick,Beauty,403.62,23
2023-03-06,Perfume,Beauty,564.25,9
2023-03-06,Face Serum,Beauty,559.41,14
2023-03-07,Laptop,Electronics,7080.91,8
2023-03-07,Smartphone,Electronics,9753.69,15
2023-03-07,Headphones,Electronics,2894.95,23
2023-03-07,Tablet,Electronics,3023.48,8
2023-03-07,Smart Watch,Electronics,5181.04,22
2023-03-07,T-Shirt,Clothing,1002.5,41
2023-03-07,Jeans,Clothing,1400.67,23
2023-03-07,Jacket,Clothing,1473.28,16
2023-03-07,Sneakers,Clothing,1698.55,21
2023-03-07,Dress,Clothing,995.0,14
2023-03-07,Blender,Home & Kitchen,1146.15,24
2023-03-07,Coffee Maker,Home & Kitchen,1044.25,13
2023-03-07,Cookware Set,Home & Kitchen,939.57,7
2023-03-07,Vacuum Cleaner,Home & Kitchen,1383.96,7
2023-03-07,Air Fryer,Home & Kitchen,1436.37,17
2023-03-07,Shampoo,Beauty,454.69,39
2023-03-07,Moisturizer,Beauty,826.32,31
2023-03-07,Lipstick,Beauty,424.25,23
2023-03-07,Perfume,Beauty,483.14,8
2023-03-07,Face Serum,Beauty,411.91,10
2023-03-08,Laptop,Electronics,7034.82,8
2023-03-08,Smartphone,Electronics,8279.6,13
2023-03-08,Headphones,Electronics,2414.55,19
2023-03-08,Tablet,Electronics,4504.51,11
2023-03-08,Smart Watch,Electronics,5523.0,23
2023-03-08,T-Shirt,Clothing,742.3,30
2023-03-08,Jeans,Clothing,1292.48,22
2023-03-08,Jacket,Clothing,1175.62,13
2023-03-08,Sneakers,Clothing,1671.08,21
2023-03-08,Dress,Clothing,816.78,12
2023-03-08,Blender,Home & Kitchen,617.62,13
2023-03-08,Coffee Maker,Home & Kitchen,910.98,11
2023-03-08,Cookware Set,Home & Kitchen,1311.41,11
2023-03-08,Vacuum Cleaner,Home & Kitchen,1233.64,6
2023-03-08,Air Fryer,Home & Kitchen,1144.57,13
2023-03-08,Shampoo,Beauty,369.22,30
2023-03-08,Moisturizer,Beauty,686.62,25
2023-03-08,Lipstick,Beauty,444.55,26
2023-03-08,Perfume,Beauty,521.85,8
2023-03-08,Face Serum,Beauty,799.8,20
2023-03-09,Laptop,Electronics,4638.27,5
2023-03-09,Smartphone,Electronics,7674.4,12
2023-03-09,Headphones,Electronics,2258.79,19
2023-03-09,Tablet,Electronics,3149.22,8
2023-03-09,Smart Watch,Electronics,4330.45,18
2023-03-09,T-Shirt,Clothing,678.12,30
2023-03-09,Jeans,Clothing,1025.08,17
2023-03-09,Jacket,Clothing,1210.05,14
2023-03-09,Sneakers,Clothing,1090.62,15
2023-03-09,Dress,Clothing,753.05,11
2023-03-09,Blender,Home & Kitchen,983.07,21
2023-03-09,Coffee Maker,Home & Kitchen,894.53,12
2023-03-09,Cookware Set,Home & Kitchen,1174.78,9
2023-03-09,Vacuum Cleaner,Home & Kitchen,1298.42,7
2023-03-09,Air Fryer,Home & Kitchen,1258.57,15
2023-03-09,Shampoo,Beauty,336.47,29
2023-03-09,Moisturizer,Beauty,689.28,26
2023-03-09,Lipstick,Beauty,496.25,28
2023-03-09,Perfume,Beauty,493.63,8
2023-03-09,Face Serum,Beauty,388.91,9
2023-03-10,Laptop,Electronics,5581.01,6
2023-03-10,Smartphone,Electronics,8715.92,13
2023-03-10,Headphones,Electronics,3249.64,25
2023-03-10,Tablet,Electronics,4009.4,10
2023-03-10,Smart Watch,Electronics,3252.67,14
2023-03-10,T-Shirt,Clothing,624.57,28
2023-03-10,Jeans,Clothing,1557.77,27
2023-03-10,Jacket,Clothing,1190.95,13
2023-03-10,Sneakers,Clothing,743.42,10
2023-03-10,Dress,Clothing,857.28,12
2023-03-10,Blender,Home & Kitchen,897.9,18
2023-03-10,Coffee Maker,Home & Kitchen,714.07,9
2023-03-10,Cookware Set,Home & Kitchen,1107.32,9
2023-03-10,Vacuum Cleaner,Home & Kitchen,1302.74,7
2023-03-10,Air Fryer,Home & Kitchen,1071.11,12
2023-03-10,Shampoo,Beauty,443.74,39
2023-03-10,Moisturizer,Beauty,876.06,31
2023-03-10,Lipstick,Beauty,468.7,25
2023-03-10,Perfume,Beauty,534.9,8
2023-03-10,Face Serum,Beauty,426.79,10
2023-03-11,Laptop,Electronics,6482.15,7
2023-03-11,Smartphone,Electronics,10399.36,16
2023-03-11,Headphones,Electronics,3121.8,24
2023-03-11,Tablet,Electronics,4607.44,11
2023-03-11,Smart Watch,Electronics,6007.67,26
2023-03-11,T-Shirt,Clothing,1347.08,60
2023-03-11,Jeans,Clothing,1363.24,24
2023-03-11,Jacket,Clothing,2184.17,26
2023-03-11,Sneakers,Clothing,1682.26,23
2023-03-11,Dress,Clothing,1404.44,22
2023-03-11,Blender,Home & Kitchen,778.22,16
2023-03-11,Coffee Maker,Home & Kitchen,945.7,12
2023-03-11,Cookware Set,Home & Kitchen,1073.31,8
2023-03-11,Vacuum Cleaner,Home & Kitchen,1404.55,7
2023-03-11,Air Fryer,Home & Kitchen,1672.91,18
2023-03-11,Shampoo,Beauty,329.21,27
2023-03-11,Moisturizer,Beauty,1088.99,41
2023-03-11,Lipstick,Beauty,511.93,28
2023-03-11,Perfume,Beauty,890.58,14
2023-03-11,Face Serum,Beauty,733.59,17
2023-03-12,Laptop,Electronics,8120.22,9
2023-03-12,Smartphone,Electronics,10538.29,17
2023-03-12,Headphones,Electronics,5016.72,42
2023-03-12,Tablet,Electronics,4284.94,11
2023-03-12,Smart Watch,Electronics,4029.38,17
2023-03-12,T-Shirt,Clothing,1123.96,47
2023-03-12,Jeans,Clothing,2190.9,40
2023-03-12,Jacket,Clothing,1810.95,21
2023-03-12,Sneakers,Clothing,1927.74,25
2023-03-12,Dress,Clothing,1128.08,17
2023-03-12,Blender,Home & Kitchen,868.1,17
2023-03-12,Coffee Maker,Home & Kitchen,848.25,11
2023-03-12,Cookware Set,Home & Kitchen,1381.93,11
2023-03-12,Vacuum Cleaner,Home & Kitchen,1339.1,7
2023-03-12,Air Fryer,Home & Kitchen,1213.52,14
2023-03-12,Shampoo,Beauty,502.25,43
2023-03-12,Moisturizer,Beauty,845.29,29
2023-03-12,Lipstick,Beauty,576.45,32
2023-03-12,Perfume,Beauty,419.8,7
2023-03-12,Face Serum,Beauty,477.88,12
2023-03-13,Laptop,Electronics,5243.88,6
2023-03-13,Smartphone,Electronics,7763.13,13
2023-03-13,Headphones,Electronics,2284.73,19
2023-03-13,Tablet,Electronics,4225.64,11
2023-03-13,Smart Watch,Electronics,4725.21,20
2023-03-13,T-Shirt,Clothing,925.63,37
2023-03-13,Jeans,Clothing,994.55,18
2023-03-13,Jacket,Clothing,1212.03,13
2023-03-13,Sneakers,Clothing,1815.8,23
2023-03-13,Dress,Clothing,1221.19,19
2023-03-13,Blender,Home & Kitchen,881.21,19
2023-03-13,Coffee Maker,Home & Kitchen,692.95,9
2023-03-13,Cookware Set,Home & Kitchen,1208.67,9
2023-03-13,Vacuum Cleaner,Home & Kitchen,1462.12,7
2023-03-13,Air Fryer,Home & Kitchen,1251.41,14
2023-03-13,Shampoo,Beauty,411.8,37
2023-03-13,Moisturizer,Beauty,946.11,34
2023-03-13,Lipstick,Beauty,372.0,22
2023-03-13,Perfume,Beauty,523.93,8
2023-03-13,Face Serum,Beauty,631.78,16
2023-03-14,Laptop,Electronics,8342.4,9
2023-03-14,Smartphone,Electronics,9853.3,15
2023-03-14,Headphones,Electronics,3445.36,29
2023-03-14,Tablet,Electronics,4020.48,10
2023-03-14,Smart Watch,Electronics,3722.57,15
2023-03-14,T-Shirt,Clothing,932.69,39
2023-03-14,Jeans,Clothing,2265.87,38
2023-03-14,Jacket,Clothing,927.11,11
2023-03-14,Sneakers,Clothing,1716.48,21
2023-03-14,Dress,Clothing,947.97,14
2023-03-14,Blender,Home & Kitchen,638.78,14
2023-03-14,Coffee Maker,Home & Kitchen,582.36,8
2023-03-14,Cookware Set,Home & Kitchen,734.47,6
2023-03-14,Vacuum Cleaner,Home & Kitchen,1124.66,6
2023-03-14,Air Fryer,Home & Kitchen,1300.79,15
2023-03-14,Shampoo,Beauty,442.28,36
2023-03-14,Moisturizer,Beauty,1071.0,37
2023-03-14,Lipstick,Beauty,532.95,29
2023-03-14,Perfume,Beauty,607.66,9
2023-03-14,Face Serum,Beauty,485.72,12
2023-03-15,Laptop,Electronics,5799.22,7
2023-03-15,Smartphone,Electronics,8825.72,13
2023-03-15,Headphones,Electronics,2186.38,17
2023-03-15,Tablet,Electronics,3952.42,10
2023-03-15,Smart Watch,Electronics,4765.12,20
2023-03-15,T-Shirt,Clothing,611.6,27
2023-03-15,Jeans,Clothing,1185.43,20
2023-03-15,Jacket,Clothing,1297.06,14
2023-03-15,Sneakers,Clothing,1297.54,16
2023-03-15,Dress,Clothing,977.88,14
2023-03-15,Blender,Home & Kitchen,1165.05,23
2023-03-15,Coffee Maker,Home & Kitchen,604.3,8
2023-03-15,Cookware Set,Home & Kitchen,1546.16,12
2023-03-15,Vacuum Cleaner,Home & Kitchen,1703.9,9
2023-03-15,Air Fryer,Home & Kitchen,1499.92,17
2023-03-15,Shampoo,Beauty,383.75,32
2023-03-15,Moisturizer,Beauty,776.29,27
2023-03-15,Lipstick,Beauty,571.03,32
2023-03-15,Perfume,Beauty,574.16,9
2023-03-15,Face Serum,Beauty,477.44,12
2023-03-16,Laptop,Electronics,6708.34,8
2023-03-16,Smartphone,Electronics,11002.47,17
2023-03-16,Headphones,Electronics,1705.4,13
2023-03-16,Tablet,Electronics,5294.24,13
2023-03-16,Smart Watch,Electronics,3489.97,15
2023-03-16,T-Shirt,Clothing,1074.59,44
2023-03-16,Jeans,Clothing,1283.12,21
2023-03-16,Jacket,Clothing,1259.41,14
2023-03-16,Sneakers,Clothing,1439.3,18
2023-03-16,Dress,Clothing,964.52,15
2023-03-16,Blender,Home & Kitchen,884.92,19
2023-03-16,Coffee Maker,Home & Kitchen,883.34,11
2023-03-16,Cookware Set,Home & Kitchen,769.51,6
2023-03-16,Vacuum Cleaner,Home & Kitchen,1307.15,7
2023-03-16,Air Fryer,Home & Kitchen,1377.4,15
2023-03-16,Shampoo,Beauty,290.74,25
2023-03-16,Moisturizer,Beauty,831.83,32
2023-03-16,Lipstick,Beauty,461.66,27
2023-03-16,Perfume,Beauty,723.43,11
2023-03-16,Face Serum,Beauty,734.68,19
2023-03-17,Laptop,Electronics,7210.85,8
2023-03-17,Smartphone,Electronics,9450.86,14
2023-03-17,Headphones,Electronics,2776.02,22
2023-03-17,Tablet,Electronics,3203.26,8
2023-03-17,Smart Watch,Electronics,3556.94,15
2023-03-17,T-Shirt,Clothing,761.07,34
2023-03-17,Jeans,Clothing,1265.97,21
2023-03-17,Jacket,Clothing,963.75,11
2023-03-17,Sneakers,Clothing,1558.99,21
2023-03-17,Dress,Clothing,1120.32,17
2023-03-17,Blender,Home & Kitchen,1005.79,21
2023-03-17,Coffee Maker,Home & Kitchen,1226.2,15
2023-03-17,Cookware Set,Home & Kitchen,1766.24,14
2023-03-17,Vacuum Cleaner,Home & Kitchen,1126.72,6
2023-03-17,Air Fryer,Home & Kitchen,1915.51,22
2023-03-17,Shampoo,Beauty,363.77,29
2023-03-17,Moisturizer,Beauty,965.39,34
2023-03-17,Lipstick,Beauty,392.32,21
2023-03-17,Perfume,Beauty,519.7,8
2023-03-17,Face Serum,Beauty,641.59,16
2023-03-18,Laptop,Electronics,8403.92,10
2023-03-18,Smartphone,Electronics,10607.46,16
2023-03-18,Headphones,Electronics,3347.57,27
2023-03-18,Tablet,Electronics,4296.7,11
2023-03-18,Smart Watch,Electronics,6470.77,25
2023-03-18,T-Shirt,Clothing,928.31,37
2023-03-18,Jeans,Clothing,2404.34,44
2023-03-18,Jacket,Clothing,1641.51,19
2023-03-18,Sneakers,Clothing,2061.74,25
2023-03-18,Dress,Clothing,1081.28,15
2023-03-18,Blender,Home & Kitchen,934.09,19
2023-03-18,Coffee Maker,Home & Kitchen,1065.18,14
2023-03-18,Cookware Set,Home & Kitchen,1218.11,10
2023-03-18,Vacuum Cleaner,Home & Kitchen,1527.1,8
2023-03-18,Air Fryer,Home & Kitchen,1351.62,15
2023-03-18,Shampoo,Beauty,422.78,36
2023-03-18,Moisturizer,Beauty,921.92,35
2023-03-18,Lipstick,Beauty,498.6,29
2023-03-18,Perfume,Beauty,611.7,10
2023-03-18,Face Serum,Beauty,687.63,17
2023-03-19,Laptop,Electronics,9342.68,11
2023-03-19,Smartphone,Electronics,9641.8,15
2023-03-19,Headphones,Electronics,3386.05,26
2023-03-19,Tablet,Electronics,3892.18,10
2023-03-19,Smart Watch,Electronics,4412.99,19
2023-03-19,T-Shirt,Clothing,1240.86,51
2023-03-19,Jeans,Clothing,2126.12,35
2023-03-19,Jacket,Clothing,1999.11,22
2023-03-19,Sneakers,Clothing,1894.88,25
2023-03-19,Dress,Clothing,1520.7,21
2023-03-19,Blender,Home & Kitchen,755.22,15
2023-03-19,Coffee Maker,Home & Kitchen,1042.98,13
2023-03-19,Cookware Set,Home & Kitchen,1463.84,11
2023-03-19,Vacuum Cleaner,Home & Kitchen,1098.61,6
2023-03-19,Air Fryer,Home & Kitchen,945.72,11
2023-03-19,Shampoo,Beauty,498.54,44
2023-03-19,Moisturizer,Beauty,754.45,29
2023-03-19,Lipstick,Beauty,542.4,29
2023-03-19,Perfume,Beauty,817.2,12
2023-03-19,Face Serum,Beauty,512.44,13
2023-03-20,Laptop,Electronics,7178.37,8
2023-03-20,Smartphone,Electronics,7867.54,13
2023-03-20,Headphones,Electronics,2279.34,19
2023-03-20,Tablet,Electronics,3346.04,8
2023-03-20,Smart Watch,Electronics,3781.31,15
2023-03-20,T-Shirt,Clothing,943.62,39
2023-03-20,Jeans,Clothing,1218.6,20
2023-03-20,Jacket,Clothing,1392.82,17
2023-03-20,Sneakers,Clothing,1399.15,17
2023-03-20,Dress,Clothing,882.56,13
2023-03-20,Blender,Home & Kitchen,636.27,14
2023-03-20,Coffee Maker,Home & Kitchen,1122.05,14
2023-03-20,Cookware Set,Home & Kitchen,1210.83,10
2023-03-20,Vacuum Cleaner,Home & Kitchen,1505.0,8
2023-03-20,Air Fryer,Home & Kitchen,1235.96,14
2023-03-20,Shampoo,Beauty,301.27,25
2023-03-20,Moisturizer,Beauty,888.97,32
2023-03-20,Lipstick,Beauty,507.63,30
2023-03-20,Perfume,Beauty,662.35,10
2023-03-20,Face Serum,Beauty,611.03,14
2023-03-21,Laptop,Electronics,6548.94,7
2023-03-21,Smartphone,Electronics,7766.01,13
2023-03-21,Headphones,Electronics,2410.32,20
2023-03-21,Tablet,Electronics,3082.58,8
2023-03-21,Smart Watch,Electronics,5348.14,21
2023-03-21,T-Shirt,Clothing,1126.84,50
2023-03-21,Jeans,Clothing,2066.43,38
2023-03-21,Jacket,Clothing,1285.58,15
2023-03-21,Sneakers,Clothing,1458.32,18
2023-03-21,Dress,Clothing,836.63,12
2023-03-21,Blender,Home & Kitchen,853.84,17
2023-03-21,Coffee Maker,Home & Kitchen,746.81,10
2023-03-21,Cookware Set,Home & Kitchen,1141.1,9
2023-03-21,Vacuum Cleaner,Home & Kitchen,1115.88,6
2023-03-21,Air Fryer,Home & Kitchen,1162.51,14
2023-03-21,Shampoo,Beauty,314.91,28
2023-03-21,Moisturizer,Beauty,911.09,34
2023-03-21,Lipstick,Beauty,536.72,31
2023-03-21,Perfume,Beauty,581.01,9
2023-03-21,Face Serum,Beauty,483.33,12
2023-03-22,Laptop,Electronics,5352.51,6
2023-03-22,Smartphone,Electronics,11300.53,17
2023-03-22,Headphones,Electronics,2785.31,22
2023-03-22,Tablet,Electronics,2770.35,7
2023-03-22,Smart Watch,Electronics,4408.35,18
2023-03-22,T-Shirt,Clothing,934.36,38
2023-03-22,Jeans,Clothing,963.02,17
2023-03-22,Jacket,Clothing,1235.66,15
2023-03-22,Sneakers,Clothing,1037.78,13
2023-03-22,Dress,Clothing,745.35,11
2023-03-22,Blender,Home & Kitchen,604.93,13
2023-03-22,Coffee Maker,Home & Kitchen,805.2,10
2023-03-22,Cookware Set,Home & Kitchen,847.22,7
2023-03-22,Vacuum Cleaner,Home & Kitchen,1587.73,8
2023-03-22,Air Fryer,Home & Kitchen,1261.31,14
2023-03-22,Shampoo,Beauty,357.25,29
2023-03-22,Moisturizer,Beauty,1052.65,38
2023-03-22,Lipstick,Beauty,571.41,34
2023-03-22,Perfume,Beauty,480.67,8
2023-03-22,Face Serum,Beauty,548.16,14
2023-03-23,Laptop,Electronics,5410.37,6
2023-03-23,Smartphone,Electronics,8856.46,14
2023-03-23,Headphones,Electronics,2267.06,18
2023-03-23,Tablet,Electronics,4448.95,11
2023-03-23,Smart Watch,Electronics,5389.82,22
2023-03-23,T-Shirt,Clothing,1053.98,42
2023-03-23,Jeans,Clothing,1336.11,23
2023-03-23,Jacket,Clothing,821.86,10
2023-03-23,Sneakers,Clothing,1139.37,15
2023-03-23,Dress,Clothing,869.34,12
2023-03-23,Blender,Home & Kitchen,589.96,13
2023-03-23,Coffee Maker,Home & Kitchen,656.48,9
2023-03-23,Cookware Set,Home & Kitchen,1438.56,12
2023-03-23,Vacuum Cleaner,Home & Kitchen,1658.54,8
2023-03-23,Air Fryer,Home & Kitchen,1424.23,16
2023-03-23,Shampoo,Beauty,401.03,36
2023-03-23,Moisturizer,Beauty,653.26,25
2023-03-23,Lipstick,Beauty,414.92,24
2023-03-23,Perfume,Beauty,571.21,9
2023-03-23,Face Serum,Beauty,602.22,14
2023-03-24,Laptop,Electronics,5556.33,6
2023-03-24,Smartphone,Electronics,10030.36,15
2023-03-24,Headphones,Electronics,2693.25,22
2023-03-24,Tablet,Electronics,4576.11,12
2023-03-24,Smart Watch,Electronics,4501.77,19
2023-03-24,T-Shirt,Clothing,1112.46,48
2023-03-24,Jeans,Clothing,1282.13,21
2023-03-24,Jacket,Clothing,1054.86,12
2023-03-24,Sneakers,Clothing,1784.63,22
2023-03-24,Dress,Clothing,901.72,14
2023-03-24,Blender,Home & Kitchen,839.12,17
2023-03-24,Coffee Maker,Home & Kitchen,787.35,10
2023-03-24,Cookware Set,Home & Kitchen,1002.13,8
2023-03-24,Vacuum Cleaner,Home & Kitchen,1116.5,6
2023-03-24,Air Fryer,Home & Kitchen,1028.23,12
2023-03-24,Shampoo,Beauty,255.11,22
2023-03-24,Moisturizer,Beauty,797.77,29
2023-03-24,Lipstick,Beauty,579.86,32
2023-03-24,Perfume,Beauty,689.98,11
2023-03-24,Face Serum,Beauty,670.34,16
2023-03-25,Laptop,Electronics,8656.84,10
2023-03-25,Smartphone,Electronics,9775.53,15
2023-03-25,Headphones,Electronics,3530.14,28
2023-03-25,Tablet,Electronics,4796.52,13
2023-03-25,Smart Watch,Electronics,5624.69,24
2023-03-25,T-Shirt,Clothing,1263.81,54
2023-03-25,Jeans,Clothing,2145.54,35
2023-03-25,Jacket,Clothing,2880.55,31
2023-03-25,Sneakers,Clothing,2447.3,30
2023-03-25,Dress,Clothing,1437.97,21
2023-03-25,Blender,Home & Kitchen,988.9,20
2023-03-25,Coffee Maker,Home & Kitchen,988.56,12
2023-03-25,Cookware Set,Home & Kitchen,1355.01,11
2023-03-25,Vacuum Cleaner,Home & Kitchen,1408.08,7
2023-03-25,Air Fryer,Home & Kitchen,1479.74,18
2023-03-25,Shampoo,Beauty,412.04,33
2023-03-25,Moisturizer,Beauty,1072.6,41
2023-03-25,Lipstick,Beauty,560.36,31
2023-03-25,Perfume,Beauty,802.21,12
2023-03-25,Face Serum,Beauty,697.49,16
2023-03-26,Laptop,Electronics,8298.34,9
2023-03-26,Smartphone,Electronics,10511.39,17
2023-03-26,Headphones,Electronics,3250.01,27
2023-03-26,Tablet,Electronics,4114.32,11
2023-03-26,Smart Watch,Electronics,4616.81,20
2023-03-26,T-Shirt,Clothing,1368.25,60
2023-03-26,Jeans,Clothing,1568.18,26
2023-03-26,Jacket,Clothing,2292.94,25
2023-03-26,Sneakers,Clothing,2209.66,29
2023-03-26,Dress,Clothing,1274.74,19
2023-03-26,Blender,Home & Kitchen,920.5,19
2023-03-26,Coffee Maker,Home & Kitchen,898.72,11
2023-03-26,Cookware Set,Home & Kitchen,1324.58,10
2023-03-26,Vacuum Cleaner,Home & Kitchen,1185.03,6
2023-03-26,Air Fryer,Home & Kitchen,847.48,10
2023-03-26,Shampoo,Beauty,548.16,46
2023-03-26,Moisturizer,Beauty,808.0,30
2023-03-26,Lipstick,Beauty,574.57,32
2023-03-26,Perfume,Beauty,675.26,11
2023-03-26,Face Serum,Beauty,690.7,17
2023-03-27,Laptop,Electronics,6064.99,7
2023-03-27,Smartphone,Electronics,10574.56,16
2023-03-27,Headphones,Electronics,2781.64,21
2023-03-27,Tablet,Electronics,3168.7,8
2023-03-27,Smart Watch,Electronics,3913.67,17
2023-03-27,T-Shirt,Clothing,980.83,40
2023-03-27,Jeans,Clothing,1162.81,19
2023-03-27,Jacket,Clothing,1365.63,15
2023-03-27,Sneakers,Clothing,1858.14,23
2023-03-27,Dress,Clothing,858.85,13
2023-03-27,Blender,Home & Kitchen,852.24,17
2023-03-27,Coffee Maker,Home & Kitchen,681.97,9
2023-03-27,Cookware Set,Home & Kitchen,944.25,7
2023-03-27,Vacuum Cleaner,Home & Kitchen,1167.88,6
2023-03-27,Air Fryer,Home & Kitchen,1385.89,16
2023-03-27,Shampoo,Beauty,316.29,27
2023-03-27,Moisturizer,Beauty,639.52,22
2023-03-27,Lipstick,Beauty,536.41,30
2023-03-27,Perfume,Beauty,526.07,8
2023-03-27,Face Serum,Beauty,417.14,10
2023-03-28,Laptop,Electronics,7317.61,8
2023-03-28,Smartphone,Electronics,9240.44,14
2023-03-28,Headphones,Electronics,3048.91,24
2023-03-28,Tablet,Electronics,2937.67,8
2023-03-28,Smart Watch,Electronics,2985.92,12
2023-03-28,T-Shirt,Clothing,911.2,37
2023-03-28,Jeans,Clothing,1081.73,18
2023-03-28,Jacket,Clothing,1284.68,14
2023-03-28,Sneakers,Clothing,1335.17,17
2023-03-28,Dress,Clothing,900.44,13
2023-03-28,Blender,Home & Kitchen,973.85,20
2023-03-28,Coffee Maker,Home & Kitchen,1538.96,19
2023-03-28,Cookware Set,Home & Kitchen,1233.43,10
2023-03-28,Vacuum Cleaner,Home & Kitchen,1812.39,9
2023-03-28,Air Fryer,Home & Kitchen,1024.29,11
2023-03-28,Shampoo,Beauty,366.55,30
2023-03-28,Moisturizer,Beauty,659.67,25
2023-03-28,Lipstick,Beauty,458.77,25
2023-03-28,Perfume,Beauty,604.23,9
2023-03-28,Face Serum,Beauty,773.68,19
2023-03-29,Laptop,Electronics,6143.24,7
2023-03-29,Smartphone,Electronics,10980.6,18
2023-03-29,Headphones,Electronics,2662.87,21
2023-03-29,Tablet,Electronics,3311.42,9
2023-03-29,Smart Watch,Electronics,3047.21,13
2023-03-29,T-Shirt,Clothing,1252.63,51
2023-03-29,Jeans,Clothing,1705.84,29
2023-03-29,Jacket,Clothing,1280.89,15
2023-03-29,Sneakers,Clothing,1252.29,16
2023-03-29,Dress,Clothing,851.51,13
2023-03-29,Blender,Home & Kitchen,625.04,13
2023-03-29,Coffee Maker,Home & Kitchen,1078.04,13
2023-03-29,Cookware Set,Home & Kitchen,1595.61,12
2023-03-29,Vacuum Cleaner,Home & Kitchen,1776.52,9
2023-03-29,Air Fryer,Home & Kitchen,966.76,11
2023-03-29,Shampoo,Beauty,479.18,39
2023-03-29,Moisturizer,Beauty,728.25,25
2023-03-29,Lipstick,Beauty,337.51,19
2023-03-29,Perfume,Beauty,704.64,11
2023-03-29,Face Serum,Beauty,475.76,12
2023-03-30,Laptop,Electronics,8298.01,9
2023-03-30,Smartphone,Electronics,10842.99,17
2023-03-30,Headphones,Electronics,3095.62,25
2023-03-30,Tablet,Electronics,3743.65,10
2023-03-30,Smart Watch,Electronics,3409.12,14
2023-03-30,T-Shirt,Clothing,791.77,34
2023-03-30,Jeans,Clothing,1631.21,29
2023-03-30,Jacket,Clothing,1406.46,17
2023-03-30,Sneakers,Clothing,1293.03,16
2023-03-30,Dress,Clothing,839.53,12
2023-03-30,Blender,Home & Kitchen,953.43,19
2023-03-30,Coffee Maker,Home & Kitchen,931.83,12
2023-03-30,Cookware Set,Home & Kitchen,1112.28,9
2023-03-30,Vacuum Cleaner,Home & Kitchen,1340.97,7
2023-03-30,Air Fryer,Home & Kitchen,1326.15,16
2023-03-30,Shampoo,Beauty,352.7,28
2023-03-30,Moisturizer,Beauty,902.73,33
2023-03-30,Lipstick,Beauty,505.93,30
2023-03-30,Perfume,Beauty,554.93,9
2023-03-30,Face Serum,Beauty,463.94,12
2023-03-31,Laptop,Electronics,5991.2,7
2023-03-31,Smartphone,Electronics,8009.68,13
2023-03-31,Headphones,Electronics,2980.14,24
2023-03-31,Tablet,Electronics,3306.06,8
2023-03-31,Smart Watch,Electronics,5785.93,23
2023-03-31,T-Shirt,Clothing,1038.61,46
2023-03-31,Jeans,Clothing,1541.9,25
2023-03-31,Jacket,Clothing,1446.54,17
2023-03-31,Sneakers,Clothing,1625.21,20
2023-03-31,Dress,Clothing,890.62,13
2023-03-31,Blender,Home & Kitchen,789.82,16
2023-03-31,Coffee Maker,Home & Kitchen,820.92,11
2023-03-31,Cookware Set,Home & Kitchen,1618.39,12
2023-03-31,Vacuum Cleaner,Home & Kitchen,1163.0,6
2023-03-31,Air Fryer,Home & Kitchen,1073.74,13
2023-03-31,Shampoo,Beauty,432.36,38
2023-03-31,Moisturizer,Beauty,1025.09,37
2023-03-31,Lipstick,Beauty,449.03,27
2023-03-31,Perfume,Beauty,612.91,10
2023-03-31,Face Serum,Beauty,641.51,15
2023-04-01,Laptop,Electronics,6108.07,7
2023-04-01,Smartphone,Electronics,15400.08,23
2023-04-01,Headphones,Electronics,3788.35,31
2023-04-01,Tablet,Electronics,4909.03,13
2023-04-01,Smart Watch,Electronics,5562.35,24
2023-04-01,T-Shirt,Clothing,1379.49,59
2023-04-01,Jeans,Clothing,1860.46,34
2023-04-01,Jacket,Clothing,1478.23,16
2023-04-01,Sneakers,Clothing,2150.76,27
2023-04-01,Dress,Clothing,1008.69,15
2023-04-01,Blender,Home & Kitchen,1193.38,26
2023-04-01,Coffee Maker,Home & Kitchen,1021.72,13
2023-04-01,Cookware Set,Home & Kitchen,1804.93,14
2023-04-01,Vacuum Cleaner,Home & Kitchen,1536.22,8
2023-04-01,Air Fryer,Home & Kitchen,1288.59,14
2023-04-01,Shampoo,Beauty,572.72,48
2023-04-01,Moisturizer,Beauty,1038.17,40
2023-04-01,Lipstick,Beauty,864.97,51
2023-04-01,Perfume,Beauty,639.16,10
2023-04-01,Face Serum,Beauty,783.13,20
2023-04-02,Laptop,Electronics,12198.86,13
2023-04-02,Smartphone,Electronics,14472.97,23
2023-04-02,Headphones,Electronics,3991.14,31
2023-04-02,Tablet,Electronics,6323.55,16
2023-04-02,Smart Watch,Electronics,5098.62,21
2023-04-02,T-Shirt,Clothing,1066.94,48
2023-04-02,Jeans,Clothing,1842.51,32
2023-04-02,Jacket,Clothing,1863.48,22
2023-04-02,Sneakers,Clothing,2391.23,30
2023-04-02,Dress,Clothing,1102.51,17
2023-04-02,Blender,Home & Kitchen,838.92,17
2023-04-02,Coffee Maker,Home & Kitchen,882.42,11
2023-04-02,Cookware Set,Home & Kitchen,1576.77,12
2023-04-02,Vacuum Cleaner,Home & Kitchen,2025.95,10
2023-04-02,Air Fryer,Home & Kitchen,1281.15,14
2023-04-02,Shampoo,Beauty,516.21,42
2023-04-02,Moisturizer,Beauty,1237.04,45
2023-04-02,Lipstick,Beauty,568.48,32
2023-04-02,Perfume,Beauty,507.56,8
2023-04-02,Face Serum,Beauty,860.09,20
2023-04-03,Laptop,Electronics,5137.03,6
2023-04-03,Smartphone,Electronics,13218.83,20
2023-04-03,Headphones,Electronics,2677.78,20
2023-04-03,Tablet,Electronics,3176.97,8
2023-04-03,Smart Watch,Electronics,4430.87,17
2023-04-03,T-Shirt,Clothing,900.62,37
2023-04-03,Jeans,Clothing,1383.94,24
2023-04-03,Jacket,Clothing,1345.06,16
2023-04-03,Sneakers,Clothing,1402.66,18
2023-04-03,Dress,Clothing,1258.41,18
2023-04-03,Blender,Home & Kitchen,861.26,17
2023-04-03,Coffee Maker,Home & Kitchen,971.58,13
2023-04-03,Cookware Set,Home & Kitchen,1272.58,10
2023-04-03,Vacuum Cleaner,Home & Kitchen,1012.58,5
2023-04-03,Air Fryer,Home & Kitchen,1030.3,12
2023-04-03,Shampoo,Beauty,378.64,33
2023-04-03,Moisturizer,Beauty,922.63,35
2023-04-03,Lipstick,Beauty,346.5,20
2023-04-03,Perfume,Beauty,804.72,13
2023-04-03,Face Serum,Beauty,644.3,15
2023-04-04,Laptop,Electronics,6065.25,7
2023-04-04,Smartphone,Electronics,11054.89,17
2023-04-04,Headphones,Electronics,2830.81,21
2023-04-04,Tablet,Electronics,4504.5,11
2023-04-04,Smart Watch,Electronics,4654.69,19
2023-04-04,T-Shirt,Clothing,1026.91,46
2023-04-04,Jeans,Clothing,1356.46,22
2023-04-04,Jacket,Clothing,1007.09,11
2023-04-04,Sneakers,Clothing,1125.04,15
2023-04-04,Dress,Clothing,861.63,12
2023-04-04,Blender,Home & Kitchen,642.52,14
2023-04-04,Coffee Maker,Home & Kitchen,798.5,10
2023-04-04,Cookware Set,Home & Kitchen,993.01,8
2023-04-04,Vacuum Cleaner,Home & Kitchen,1122.31,6
2023-04-04,Air Fryer,Home & Kitchen,1520.42,17
2023-04-04,Shampoo,Beauty,379.88,31
2023-04-04,Moisturizer,Beauty,963.2,36
2023-04-04,Lipstick,Beauty,494.26,29
2023-04-04,Perfume,Beauty,490.45,8
2023-04-04,Face Serum,Beauty,592.49,15
2023-04-05,Laptop,Electronics,7205.28,8
2023-04-05,Smartphone,Electronics,11295.16,17
2023-04-05,Headphones,Electronics,3266.64,27
2023-04-05,Tablet,Electronics,4813.57,13
2023-04-05,Smart Watch,Electronics,4834.25,20
2023-04-05,T-Shirt,Clothing,872.22,38
2023-04-05,Jeans,Clothing,1578.98,26
2023-04-05,Jacket,Clothing,1158.86,13
2023-04-05,Sneakers,Clothing,1167.99,16
2023-04-05,Dress,Clothing,1162.26,17
2023-04-05,Blender,Home & Kitchen,754.69,16
2023-04-05,Coffee Maker,Home & Kitchen,790.92,10
2023-04-05,Cookware Set,Home & Kitchen,1290.93,10
2023-04-05,Vacuum Cleaner,Home & Kitchen,1171.46,6
2023-04-05,Air Fryer,Home & Kitchen,1565.44,18
2023-04-05,Shampoo,Beauty,455.19,41
2023-04-05,Moisturizer,Beauty,750.12,28
2023-04-05,Lipstick,Beauty,578.05,32
2023-04-05,Perfume,Beauty,519.51,8
2023-04-05,Face Serum,Beauty,554.3,13
2023-04-06,Laptop,Electronics,6837.54,8
2023-04-06,Smartphone,Electronics,8859.96,14
2023-04-06,Headphones,Electronics,2995.93,24
2023-04-06,Tablet,Electronics,3984.02,10
2023-04-06,Smart Watch,Electronics,5357.41,21
2023-04-06,T-Shirt,Clothing,1044.19,43
2023-04-06,Jeans,Clothing,1215.58,21
2023-04-06,Jacket,Clothing,1435.2,16
2023-04-06,Sneakers,Clothing,1731.01,21
2023-04-06,Dress,Clothing,753.91,11
2023-04-06,Blender,Home & Kitchen,833.51,17
2023-04-06,Coffee Maker,Home & Kitchen,994.32,13
2023-04-06,Cookware Set,Home & Kitchen,964.4,8
2023-04-06,Vacuum Cleaner,Home & Kitchen,1880.33,9
2023-04-06,Air Fryer,Home & Kitchen,1146.63,14
2023-04-06,Shampoo,Beauty,498.2,45
2023-04-06,Moisturizer,Beauty,822.78,29
2023-04-06,Lipstick,Beauty,492.16,27
2023-04-06,Perfume,Beauty,476.24,7
2023-04-06,Face Serum,Beauty,660.43,15
2023-04-07,Laptop,Electronics,5613.86,6
2023-04-07,Smartphone,Electronics,9136.49,15
2023-04-07,Headphones,Electronics,2546.62,20
2023-04-07,Tablet,Electronics,4565.44,11
2023-04-07,Smart Watch,Electronics,2630.64,11
2023-04-07,T-Shirt,Clothing,854.87,38
2023-04-07,Jeans,Clothing,1384.49,25
2023-04-07,Jacket,Clothing,1260.5,14
2023-04-07,Sneakers,Clothing,1224.4,16
2023-04-07,Dress,Clothing,849.26,12
2023-04-07,Blender,Home & Kitchen,825.6,17
2023-04-07,Coffee Maker,Home & Kitchen,1246.9,16
2023-04-07,Cookware Set,Home & Kitchen,1465.13,11
2023-04-07,Vacuum Cleaner,Home & Kitchen,1353.26,7
2023-04-07,Air Fryer,Home & Kitchen,1230.34,14
2023-04-07,Shampoo,Beauty,458.67,38
2023-04-07,Moisturizer,Beauty,876.25,33
2023-04-07,Lipstick,Beauty,416.87,24
2023-04-07,Perfume,Beauty,553.97,9
2023-04-07,Face Serum,Beauty,748.26,18
2023-04-08,Laptop,Electronics,8433.08,10
2023-04-08,Smartphone,Electronics,10912.58,17
2023-04-08,Headphones,Electronics,2671.95,21
2023-04-08,Tablet,Electronics,5107.23,13
2023-04-08,Smart Watch,Electronics,5283.8,22
2023-04-08,T-Shirt,Clothing,1299.8,55
2023-04-08,Jeans,Clothing,2248.45,41
2023-04-08,Jacket,Clothing,2102.21,25
2023-04-08,Sneakers,Clothing,1490.12,20
2023-04-08,Dress,Clothing,1307.23,20
2023-04-08,Blender,Home & Kitchen,759.88,15
2023-04-08,Coffee Maker,Home & Kitchen,924.59,12
2023-04-08,Cookware Set,Home & Kitchen,1076.14,8
2023-04-08,Vacuum Cleaner,Home & Kitchen,1109.18,6
2023-04-08,Air Fryer,Home & Kitchen,1119.88,12
2023-04-08,Shampoo,Beauty,459.42,41
2023-04-08,Moisturizer,Beauty,1049.43,39
2023-04-08,Lipstick,Beauty,600.13,33
2023-04-08,Perfume,Beauty,627.14,10
2023-04-08,Face Serum,Beauty,537.67,13
2023-04-09,Laptop,Electronics,7020.63,8
2023-04-09,Smartphone,Electronics,12873.57,19
2023-04-09,Headphones,Electronics,3695.53,29
2023-04-09,Tablet,Electronics,5936.65,16
2023-04-09,Smart Watch,Electronics,6233.03,27
2023-04-09,T-Shirt,Clothing,1346.32,57
2023-04-09,Jeans,Clothing,1813.35,33
2023-04-09,Jacket,Clothing,1683.5,19
2023-04-09,Sneakers,Clothing,1530.02,20
2023-04-09,Dress,Clothing,1047.27,16
2023-04-09,Blender,Home & Kitchen,719.45,14
2023-04-09,Coffee Maker,Home & Kitchen,1489.33,18
2023-04-09,Cookware Set,Home & Kitchen,1320.36,11
2023-04-09,Vacuum Cleaner,Home & Kitchen,1513.84,8
2023-04-09,Air Fryer,Home & Kitchen,1327.71,16
2023-04-09,Shampoo,Beauty,682.62,59
2023-04-09,Moisturizer,Beauty,879.36,31
2023-04-09,Lipstick,Beauty,463.83,25
2023-04-09,Perfume,Beauty,1093.94,17
2023-04-09,Face Serum,Beauty,537.48,13
2023-04-10,Laptop,Electronics,5921.75,7
2023-04-10,Smartphone,Electronics,8051.36,13
2023-04-10,Headphones,Electronics,3222.53,24
2023-04-10,Tablet,Electronics,3963.94,10
2023-04-10,Smart Watch,Electronics,4743.84,20
2023-04-10,T-Shirt,Clothing,961.21,43
2023-04-10,Jeans,Clothing,1007.65,18
2023-04-10,Jacket,Clothing,1111.8,13
2023-04-10,Sneakers,Clothing,1617.19,20
2023-04-10,Dress,Clothing,1109.25,16
2023-04-10,Blender,Home & Kitchen,866.48,18
2023-04-10,Coffee Maker,Home & Kitchen,1013.05,13
2023-04-10,Cookware Set,Home & Kitchen,1553.03,12
2023-04-10,Vacuum Cleaner,Home & Kitchen,1117.73,6
2023-04-10,Air Fryer,Home & Kitchen,1368.08,16
2023-04-10,Shampoo,Beauty,476.87,41
2023-04-10,Moisturizer,Beauty,1094.81,40
2023-04-10,Lipstick,Beauty,472.54,28
2023-04-10,Perfume,Beauty,510.89,8
2023-04-10,Face Serum,Beauty,559.42,14
2023-04-11,Laptop,Electronics,6376.56,7
2023-04-11,Smartphone,Electronics,8495.85,13
2023-04-11,Headphones,Electronics,2524.06,20
2023-04-11,Tablet,Electronics,5344.97,13
2023-04-11,Smart Watch,Electronics,5198.84,20
2023-04-11,T-Shirt,Clothing,860.17,35
2023-04-11,Jeans,Clothing,1133.86,19
2023-04-11,Jacket,Clothing,1152.6,13
2023-04-11,Sneakers,Clothing,1050.2,13
2023-04-11,Dress,Clothing,976.03,14
2023-04-11,Blender,Home & Kitchen,693.5,15
2023-04-11,Coffee Maker,Home & Kitchen,1031.24,13
2023-04-11,Cookware Set,Home & Kitchen,1337.73,11
2023-04-11,Vacuum Cleaner,Home & Kitchen,1355.19,7
2023-04-11,Air Fryer,Home & Kitchen,1239.29,14
2023-04-11,Shampoo,Beauty,328.81,28
2023-04-11,Moisturizer,Beauty,695.71,26
2023-04-11,Lipstick,Beauty,622.25,36
2023-04-11,Perfume,Beauty,676.01,10
2023-04-11,Face Serum,Beauty,546.12,13
2023-04-12,Laptop,Electronics,6783.19,8
2023-04-12,Smartphone,Electronics,11908.93,18
2023-04-12,Headphones,Electronics,2436.14,20
2023-04-12,Tablet,Electronics,4222.29,11
2023-04-12,Smart Watch,Electronics,4734.94,19
2023-04-12,T-Shirt,Clothing,1195.4,48
2023-04-12,Jeans,Clothing,1305.32,22
2023-04-12,Jacket,Clothing,1110.44,13
2023-04-12,Sneakers,Clothing,1325.89,18
2023-04-12,Dress,Clothing,1050.14,15
2023-04-12,Blender,Home & Kitchen,870.9,18
2023-04-12,Coffee Maker,Home & Kitchen,1298.89,16
2023-04-12,Cookware Set,Home & Kitchen,1143.63,9
2023-04-12,Vacuum Cleaner,Home & Kitchen,1330.07,7
2023-04-12,Air Fryer,Home & Kitchen,1102.68,12
2023-04-12,Shampoo,Beauty,330.24,28
2023-04-12,Moisturizer,Beauty,831.3,29
2023-04-12,Lipstick,Beauty,488.92,28
2023-04-12,Perfume,Beauty,427.62,7
2023-04-12,Face Serum,Beauty,618.85,15
2023-04-13,Laptop,Electronics,5599.62,6
2023-04-13,Smartphone,Electronics,14949.18,23
2023-04-13,Headphones,Electronics,2544.76,20
2023-04-13,Tablet,Electronics,3681.37,10
2023-04-13,Smart Watch,Electronics,4622.18,18
2023-04-13,T-Shirt,Clothing,761.44,31
2023-04-13,Jeans,Clothing,1283.42,22
2023-04-13,Jacket,Clothing,1208.36,14
2023-04-13,Sneakers,Clothing,1506.02,20
2023-04-13,Dress,Clothing,975.42,14
2023-04-13,Blender,Home & Kitchen,906.83,19
2023-04-13,Coffee Maker,Home & Kitchen,1085.67,14
2023-04-13,Cookware Set,Home & Kitchen,1187.86,10
2023-04-13,Vacuum Cleaner,Home & Kitchen,1294.43,7
2023-04-13,Air Fryer,Home & Kitchen,1095.63,13
2023-04-13,Shampoo,Beauty,390.22,34
2023-04-13,Moisturizer,Beauty,761.68,28
2023-04-13,Lipstick,Beauty,479.99,28
2023-04-13,Perfume,Beauty,568.94,9
2023-04-13,Face Serum,Beauty,534.94,13
2023-04-14,Laptop,Electronics,5458.13,6
2023-04-14,Smartphone,Electronics,6219.74,10
2023-04-14,Headphones,Electronics,2687.93,21
2023-04-14,Tablet,Electronics,5436.81,13
2023-04-14,Smart Watch,Electronics,4647.14,18
2023-04-14,T-Shirt,Clothing,1011.49,45
2023-04-14,Jeans,Clothing,1159.89,20
2023-04-14,Jacket,Clothing,1277.01,14
2023-04-14,Sneakers,Clothing,1925.44,26
2023-04-14,Dress,Clothing,746.95,11
2023-04-14,Blender,Home & Kitchen,944.11,19
2023-04-14,Coffee Maker,Home & Kitchen,1056.44,13
2023-04-14,Cookware Set,Home & Kitchen,1273.86,10
2023-04-14,Vacuum Cleaner,Home & Kitchen,1647.72,8
2023-04-14,Air Fryer,Home & Kitchen,1079.84,13
2023-04-14,Shampoo,Beauty,381.23,31
2023-04-14,Moisturizer,Beauty,587.93,21
2023-04-14,Lipstick,Beauty,696.07,38
2023-04-14,Perfume,Beauty,603.21,10
2023-04-14,Face Serum,Beauty,476.95,12
2023-04-15,Laptop,Electronics,6950.13,8
2023-04-15,Smartphone,Electronics,13953.06,23
2023-04-15,Headphones,Electronics,2922.99,24
2023-04-15,Tablet,Electronics,4078.49,11
2023-04-15,Smart Watch,Electronics,4522.29,18
2023-04-15,T-Shirt,Clothing,1438.06,65
2023-04-15,Jeans,Clothing,2384.44,43
2023-04-15,Jacket,Clothing,2023.51,22
2023-04-15,Sneakers,Clothing,2383.75,32
2023-04-15,Dress,Clothing,1381.26,21
2023-04-15,Blender,Home & Kitchen,679.33,15
2023-04-15,Coffee Maker,Home & Kitchen,1370.52,17
2023-04-15,Cookware Set,Home & Kitchen,972.5,8
2023-04-15,Vacuum Cleaner,Home & Kitchen,1438.77,7
2023-04-15,Air Fryer,Home & Kitchen,1431.39,16
2023-04-15,Shampoo,Beauty,443.95,36
2023-04-15,Moisturizer,Beauty,745.52,27
2023-04-15,Lipstick,Beauty,824.46,48
2023-04-15,Perfume,Beauty,479.81,8
2023-04-15,Face Serum,Beauty,903.19,21
2023-04-16,Laptop,Electronics,6756.73,8
2023-04-16,Smartphone,Electronics,10911.62,17
2023-04-16,Headphones,Electronics,4195.27,35
2023-04-16,Tablet,Electronics,5476.92,14
2023-04-16,Smart Watch,Electronics,4047.9,17
2023-04-16,T-Shirt,Clothing,1118.23,45
2023-04-16,Jeans,Clothing,2300.75,38
2023-04-16,Jacket,Clothing,1668.23,19
2023-04-16,Sneakers,Clothing,2350.6,29
2023-04-16,Dress,Clothing,1616.2,23
2023-04-16,Blender,Home & Kitchen,809.18,16
2023-04-16,Coffee Maker,Home & Kitchen,877.34,12
2023-04-16,Cookware Set,Home & Kitchen,1463.52,11
2023-04-16,Vacuum Cleaner,Home & Kitchen,1207.14,6
2023-04-16,Air Fryer,Home & Kitchen,1461.86,17
2023-04-16,Shampoo,Beauty,663.3,59
2023-04-16,Moisturizer,Beauty,1053.15,40
2023-04-16,Lipstick,Beauty,546.12,32
2023-04-16,Perfume,Beauty,1038.56,16
2023-04-16,Face Serum,Beauty,740.93,19
2023-04-17,Laptop,Electronics,5376.12,6
2023-04-17,Smartphone,Electronics,8204.01,13
2023-04-17,Headphones,Electronics,2185.56,17
2023-04-17,Tablet,Electronics,4430.47,11
2023-04-17,Smart Watch,Electronics,3278.44,13
2023-04-17,T-Shirt,Clothing,1251.34,54
2023-04-17,Jeans,Clothing,1215.36,22
2023-04-17,Jacket,Clothing,1459.67,17
2023-04-17,Sneakers,Clothing,1265.98,16
2023-04-17,Dress,Clothing,988.94,14
2023-04-17,Blender,Home & Kitchen,855.13,17
2023-04-17,Coffee Maker,Home & Kitchen,948.53,12
2023-04-17,Cookware Set,Home & Kitchen,1582.71,12
2023-04-17,Vacuum Cleaner,Home & Kitchen,1740.14,9
2023-04-17,Air Fryer,Home & Kitchen,1765.06,20
2023-04-17,Shampoo,Beauty,656.78,59
2023-04-17,Moisturizer,Beauty,805.2,29
2023-04-17,Lipstick,Beauty,567.14,31
2023-04-17,Perfume,Beauty,540.62,8
2023-04-17,Face Serum,Beauty,744.1,17
2023-04-18,Laptop,Electronics,5294.9,6
2023-04-18,Smartphone,Electronics,11457.23,19
2023-04-18,Headphones,Electronics,2858.36,24
2023-04-18,Tablet,Electronics,4091.78,10
2023-04-18,Smart Watch,Electronics,4196.05,18
2023-04-18,T-Shirt,Clothing,684.33,30
2023-04-18,Jeans,Clothing,1169.71,19
2023-04-18,Jacket,Clothing,1380.43,15
2023-04-18,Sneakers,Clothing,1462.1,18
2023-04-18,Dress,Clothing,769.12,12
2023-04-18,Blender,Home & Kitchen,771.99,17
2023-04-18,Coffee Maker,Home & Kitchen,1037.17,13
2023-04-18,Cookware Set,Home & Kitchen,991.55,8
2023-04-18,Vacuum Cleaner,Home & Kitchen,1011.34,5
2023-04-18,Air Fryer,Home & Kitchen,1762.98,20
2023-04-18,Shampoo,Beauty,439.84,35
2023-04-18,Moisturizer,Beauty,824.71,30
2023-04-18,Lipstick,Beauty,439.48,26
2023-04-18,Perfume,Beauty,497.6,8
2023-04-18,Face Serum,Beauty,704.41,17
2023-04-19,Laptop,Electronics,5376.58,6
2023-04-19,Smartphone,Electronics,11188.2,17
2023-04-19,Headphones,Electronics,3342.77,25
2023-04-19,Tablet,Electronics,4729.87,12
2023-04-19,Smart Watch,Electronics,4018.22,17
2023-04-19,T-Shirt,Clothing,1185.94,48
2023-04-19,Jeans,Clothing,1528.36,27
2023-04-19,Jacket,Clothing,1262.97,14
2023-04-19,Sneakers,Clothing,1121.17,15
2023-04-19,Dress,Clothing,885.75,13
2023-04-19,Blender,Home & Kitchen,757.9,16
2023-04-19,Coffee Maker,Home & Kitchen,745.32,10
2023-04-19,Cookware Set,Home & Kitchen,1091.82,9
2023-04-19,Vacuum Cleaner,Home & Kitchen,1426.07,7
2023-04-19,Air Fryer,Home & Kitchen,1724.2,21
2023-04-19,Shampoo,Beauty,364.89,31
2023-04-19,Moisturizer,Beauty,814.97,28
2023-04-19,Lipstick,Beauty,539.62,29
2023-04-19,Perfume,Beauty,629.37,10
2023-04-19,Face Serum,Beauty,640.41,15
2023-04-20,Laptop,Electronics,6856.94,8
2023-04-20,Smartphone,Electronics,9572.14,16
2023-04-20,Headphones,Electronics,2926.61,23
2023-04-20,Tablet,Electronics,4517.19,12
2023-04-20,Smart Watch,Electronics,3547.12,15
2023-04-20,T-Shirt,Clothing,767.69,33
2023-04-20,Jeans,Clothing,996.11,18
2023-04-20,Jacket,Clothing,986.7,12
2023-04-20,Sneakers,Clothing,1720.8,21
2023-04-20,Dress,Clothing,1002.25,15
2023-04-20,Blender,Home & Kitchen,1168.66,24
2023-04-20,Coffee Maker,Home & Kitchen,1201.71,16
2023-04-20,Cookware Set,Home & Kitchen,1237.41,10
2023-04-20,Vacuum Cleaner,Home & Kitchen,1338.55,7
2023-04-20,Air Fryer,Home & Kitchen,1386.48,15
2023-04-20,Shampoo,Beauty,270.36,23
2023-04-20,Moisturizer,Beauty,881.32,32
2023-04-20,Lipstick,Beauty,431.79,26
2023-04-20,Perfume,Beauty,544.22,8
2023-04-20,Face Serum,Beauty,633.69,15
2023-04-21,Laptop,Electronics,6063.03,7
2023-04-21,Smartphone,Electronics,10341.72,16
2023-04-21,Headphones,Electronics,2517.63,19
2023-04-21,Tablet,Electronics,4663.12,12
2023-04-21,Smart Watch,Electronics,4427.79,17
2023-04-21,T-Shirt,Clothing,902.08,40
2023-04-21,Jeans,Clothing,1305.28,22
2023-04-21,Jacket,Clothing,846.04,10
2023-04-21,Sneakers,Clothing,1435.29,19
2023-04-21,Dress,Clothing,829.96,13
2023-04-21,Blender,Home & Kitchen,640.24,13
2023-04-21,Coffee Maker,Home & Kitchen,751.23,10
2023-04-21,Cookware Set,Home & Kitchen,1484.44,11
2023-04-21,Vacuum Cleaner,Home & Kitchen,997.66,5
2023-04-21,Air Fryer,Home & Kitchen,1185.44,14
2023-04-21,Shampoo,Beauty,539.42,47
2023-04-21,Moisturizer,Beauty,915.88,35
2023-04-21,Lipstick,Beauty,587.69,33
2023-04-21,Perfume,Beauty,602.88,9
2023-04-21,Face Serum,Beauty,392.25,10
2023-04-22,Laptop,Electronics,7819.85,9
2023-04-22,Smartphone,Electronics,9581.27,15
2023-04-22,Headphones,Electronics,3026.85,23
2023-04-22,Tablet,Electronics,5078.87,13
2023-04-22,Smart Watch,Electronics,4635.68,19
2023-04-22,T-Shirt,Clothing,1329.25,57
2023-04-22,Jeans,Clothing,1783.03,32
2023-04-22,Jacket,Clothing,1883.17,22
2023-04-22,Sneakers,Clothing,1871.44,24
2023-04-22,Dress,Clothing,1291.49,20
2023-04-22,Blender,Home & Kitchen,1127.83,24
2023-04-22,Coffee Maker,Home & Kitchen,1136.19,15
2023-04-22,Cookware Set,Home & Kitchen,1227.93,10
2023-04-22,Vacuum Cleaner,Home & Kitchen,1744.07,9
2023-04-22,Air Fryer,Home & Kitchen,1650.98,18
2023-04-22,Shampoo,Beauty,571.69,48
2023-04-22,Moisturizer,Beauty,818.97,29
2023-04-22,Lipstick,Beauty,499.77,28
2023-04-22,Perfume,Beauty,687.28,11
2023-04-22,Face Serum,Beauty,660.3,16
2023-04-23,Laptop,Electronics,7538.44,9
2023-04-23,Smartphone,Electronics,14072.48,21
2023-04-23,Headphones,Electronics,3619.77,29
2023-04-23,Tablet,Electronics,5529.26,15
2023-04-23,Smart Watch,Electronics,6371.4,26
2023-04-23,T-Shirt,Clothing,1101.01,48
2023-04-23,Jeans,Clothing,1349.15,24
2023-04-23,Jacket,Clothing,1618.1,19
2023-04-23,Sneakers,Clothing,1753.34,22
2023-04-23,Dress,Clothing,1460.37,21
2023-04-23,Blender,Home & Kitchen,946.82,19
2023-04-23,Coffee Maker,Home & Kitchen,1041.52,13
2023-04-23,Cookware Set,Home & Kitchen,1435.3,11
2023-04-23,Vacuum Cleaner,Home & Kitchen,2272.28,12
2023-04-23,Air Fryer,Home & Kitchen,1460.68,16
2023-04-23,Shampoo,Beauty,482.82,40
2023-04-23,Moisturizer,Beauty,984.02,38
2023-04-23,Lipstick,Beauty,555.13,31
2023-04-23,Perfume,Beauty,806.46,12
2023-04-23,Face Serum,Beauty,650.06,16
2023-04-24,Laptop,Electronics,5096.16,6
2023-04-24,Smartphone,Electronics,8452.51,14
2023-04-24,Headphones,Electronics,3238.47,27
2023-04-24,Tablet,Electronics,4488.97,11
2023-04-24,Smart Watch,Electronics,4434.34,17
2023-04-24,T-Shirt,Clothing,979.18,40
2023-04-24,Jeans,Clothing,1409.46,23
2023-04-24,Jacket,Clothing,1381.54,15
2023-04-24,Sneakers,Clothing,1244.5,16
2023-04-24,Dress,Clothing,718.28,11
2023-04-24,Blender,Home & Kitchen,872.27,17
2023-04-24,Coffee Maker,Home & Kitchen,745.47,10
2023-04-24,Cookware Set,Home & Kitchen,1002.75,8
2023-04-24,Vacuum Cleaner,Home & Kitchen,1034.79,5
2023-04-24,Air Fryer,Home & Kitchen,894.2,10
2023-04-24,Shampoo,Beauty,346.26,30
2023-04-24,Moisturizer,Beauty,1062.11,40
2023-04-24,Lipstick,Beauty,640.47,34
2023-04-24,Perfume,Beauty,810.76,13
2023-04-24,Face Serum,Beauty,494.28,12
2023-04-25,Laptop,Electronics,6884.76,8
2023-04-25,Smartphone,Electronics,9651.39,15
2023-04-25,Headphones,Electronics,2545.39,20
2023-04-25,Tablet,Electronics,4989.19,12
2023-04-25,Smart Watch,Electronics,4647.6,18
2023-04-25,T-Shirt,Clothing,672.65,28
2023-04-25,Jeans,Clothing,1534.09,27
2023-04-25,Jacket,Clothing,1359.14,16
2023-04-25,Sneakers,Clothing,1390.91,18
2023-04-25,Dress,Clothing,725.05,11
2023-04-25,Blender,Home & Kitchen,817.52,18
2023-04-25,Coffee Maker,Home & Kitchen,1276.22,16
2023-04-25,Cookware Set,Home & Kitchen,1223.85,10
2023-04-25,Vacuum Cleaner,Home & Kitchen,915.52,5
2023-04-25,Air Fryer,Home & Kitchen,1317.29,16
2023-04-25,Shampoo,Beauty,440.72,35
2023-04-25,Moisturizer,Beauty,982.09,37
2023-04-25,Lipstick,Beauty,547.0,31
2023-04-25,Perfume,Beauty,532.66,8
2023-04-25,Face Serum,Beauty,550.47,14
2023-04-26,Laptop,Electronics,6501.38,7
2023-04-26,Smartphone,Electronics,9698.22,16
2023-04-26,Headphones,Electronics,3396.14,28
2023-04-26,Tablet,Electronics,3731.54,9
2023-04-26,Smart Watch,Electronics,6026.0,26
2023-04-26,T-Shirt,Clothing,934.18,40
2023-04-26,Jeans,Clothing,1536.04,27
2023-04-26,Jacket,Clothing,1452.24,17
2023-04-26,Sneakers,Clothing,1435.8,19
2023-04-26,Dress,Clothing,971.34,15
2023-04-26,Blender,Home & Kitchen,459.23,10
2023-04-26,Coffee Maker,Home & Kitchen,1143.28,14
2023-04-26,Cookware Set,Home & Kitchen,955.69,8
2023-04-26,Vacuum Cleaner,Home & Kitchen,1415.05,7
2023-04-26,Air Fryer,Home & Kitchen,1393.95,16
2023-04-26,Shampoo,Beauty,487.06,40
2023-04-26,Moisturizer,Beauty,746.21,28
2023-04-26,Lipstick,Beauty,501.11,27
2023-04-26,Perfume,Beauty,589.05,9
2023-04-26,Face Serum,Beauty,618.79,15
2023-04-27,Laptop,Electronics,6424.17,7
2023-04-27,Smartphone,Electronics,10787.71,17
2023-04-27,Headphones,Electronics,2124.07,17
2023-04-27,Tablet,Electronics,3824.82,10
2023-04-27,Smart Watch,Electronics,5830.34,24
2023-04-27,T-Shirt,Clothing,833.79,36
2023-04-27,Jeans,Clothing,1404.16,25
2023-04-27,Jacket,Clothing,1569.21,17
2023-04-27,Sneakers,Clothing,1418.73,19
2023-04-27,Dress,Clothing,1306.74,19
2023-04-27,Blender,Home & Kitchen,828.48,18
2023-04-27,Coffee Maker,Home & Kitchen,1095.6,14
2023-04-27,Cookware Set,Home & Kitchen,1289.51,10
2023-04-27,Vacuum Cleaner,Home & Kitchen,1726.09,9
2023-04-27,Air Fryer,Home & Kitchen,1188.32,14
2023-04-27,Shampoo,Beauty,560.62,48
2023-04-27,Moisturizer,Beauty,843.75,29
2023-04-27,Lipstick,Beauty,684.55,40
2023-04-27,Perfume,Beauty,528.83,8
2023-04-27,Face Serum,Beauty,622.57,16
2023-04-28,Laptop,Electronics,6311.78,7
2023-04-28,Smartphone,Electronics,11090.11,18
2023-04-28,Headphones,Electronics,3086.87,25
2023-04-28,Tablet,Electronics,4427.64,12
2023-04-28,Smart Watch,Electronics,3735.85,15
2023-04-28,T-Shirt,Clothing,650.35,29
2023-04-28,Jeans,Clothing,1108.53,19
2023-04-28,Jacket,Clothing,1049.56,12
2023-04-28,Sneakers,Clothing,1174.14,15
2023-04-28,Dress,Clothing,868.26,12
2023-04-28,Blender,Home & Kitchen,816.28,16
2023-04-28,Coffee Maker,Home & Kitchen,934.24,12
2023-04-28,Cookware Set,Home & Kitchen,1017.5,8
2023-04-28,Vacuum Cleaner,Home & Kitchen,1140.78,6
2023-04-28,Air Fryer,Home & Kitchen,1327.06,15
2023-04-28,Shampoo,Beauty,485.87,40
2023-04-28,Moisturizer,Beauty,816.19,30
2023-04-28,Lipstick,Beauty,510.54,29
2023-04-28,Perfume,Beauty,604.34,10
2023-04-28,Face Serum,Beauty,469.05,12
2023-04-29,Laptop,Electronics,8133.19,9
2023-04-29,Smartphone,Electronics,11581.28,17
2023-04-29,Headphones,Electronics,4240.36,33
2023-04-29,Tablet,Electronics,6181.56,15
2023-04-29,Smart Watch,Electronics,5066.89,20
2023-04-29,T-Shirt,Clothing,1380.3,57
2023-04-29,Jeans,Clothing,2176.36,40
2023-04-29,Jacket,Clothing,2230.41,24
2023-04-29,Sneakers,Clothing,2161.76,29
2023-04-29,Dress,Clothing,1152.24,17
2023-04-29,Blender,Home & Kitchen,1297.62,26
2023-04-29,Coffee Maker,Home & Kitchen,897.88,12
2023-04-29,Cookware Set,Home & Kitchen,1137.94,9
2023-04-29,Vacuum Cleaner,Home & Kitchen,1211.74,6
2023-04-29,Air Fryer,Home & Kitchen,1420.17,16
2023-04-29,Shampoo,Beauty,573.28,48
2023-04-29,Moisturizer,Beauty,1129.55,40
2023-04-29,Lipstick,Beauty,637.88,34
2023-04-29,Perfume,Beauty,779.15,13
2023-04-29,Face Serum,Beauty,827.47,20
2023-04-30,Laptop,Electronics,9808.01,11
2023-04-30,Smartphone,Electronics,8683.53,14
2023-04-30,Headphones,Electronics,4175.57,32
2023-04-30,Tablet,Electronics,5431.17,14
2023-04-30,Smart Watch,Electronics,4607.13,19
2023-04-30,T-Shirt,Clothing,1569.71,63
2023-04-30,Jeans,Clothing,2545.93,45
2023-04-30,Jacket,Clothing,1899.31,21
2023-04-30,Sneakers,Clothing,2597.4,32
2023-04-30,Dress,Clothing,1398.68,22
2023-04-30,Blender,Home & Kitchen,552.89,12
2023-04-30,Coffee Maker,Home & Kitchen,1001.58,13
2023-04-30,Cookware Set,Home & Kitchen,1384.63,11
2023-04-30,Vacuum Cleaner,Home & Kitchen,1336.15,7
2023-04-30,Air Fryer,Home & Kitchen,1610.44,18
2023-04-30,Shampoo,Beauty,465.49,38
2023-04-30,Moisturizer,Beauty,1648.49,58
2023-04-30,Lipstick,Beauty,539.3,32
2023-04-30,Perfume,Beauty,678.24,10
2023-04-30,Face Serum,Beauty,799.54,19
2023-05-01,Laptop,Electronics,6877.22,8
2023-05-01,Smartphone,Electronics,11421.45,17
2023-05-01,Headphones,Electronics,3292.0,25
2023-05-01,Tablet,Electronics,4849.77,13
2023-05-01,Smart Watch,Electronics,4025.25,17
2023-05-01,T-Shirt,Clothing,1179.05,49
2023-05-01,Jeans,Clothing,1628.51,29
2023-05-01,Jacket,Clothing,2038.77,23
2023-05-01,Sneakers,Clothing,1567.48,20
2023-05-01,Dress,Clothing,835.0,12
2023-05-01,Blender,Home & Kitchen,900.51,19
2023-05-01,Coffee Maker,Home & Kitchen,1024.52,13
2023-05-01,Cookware Set,Home & Kitchen,1492.64,12
2023-05-01,Vacuum Cleaner,Home & Kitchen,1229.71,6
2023-05-01,Air Fryer,Home & Kitchen,1079.06,12
2023-05-01,Shampoo,Beauty,478.78,38
2023-05-01,Moisturizer,Beauty,1365.84,51
2023-05-01,Lipstick,Beauty,635.99,37
2023-05-01,Perfume,Beauty,766.36,12
2023-05-01,Face Serum,Beauty,496.86,12
2023-05-02,Laptop,Electronics,7357.5,8
2023-05-02,Smartphone,Electronics,13671.24,22
2023-05-02,Headphones,Electronics,3602.08,27
2023-05-02,Tablet,Electronics,3570.82,9
2023-05-02,Smart Watch,Electronics,4893.4,21
2023-05-02,T-Shirt,Clothing,1069.54,47
2023-05-02,Jeans,Clothing,867.77,15
2023-05-02,Jacket,Clothing,1484.31,16
2023-05-02,Sneakers,Clothing,1377.83,17
2023-05-02,Dress,Clothing,1219.51,17
2023-05-02,Blender,Home & Kitchen,808.56,17
2023-05-02,Coffee Maker,Home & Kitchen,1057.17,14
2023-05-02,Cookware Set,Home & Kitchen,1266.35,10
2023-05-02,Vacuum Cleaner,Home & Kitchen,1320.7,7
2023-05-02,Air Fryer,Home & Kitchen,2073.95,23
2023-05-02,Shampoo,Beauty,415.55,34
2023-05-02,Moisturizer,Beauty,1059.19,37
2023-05-02,Lipstick,Beauty,595.21,33
2023-05-02,Perfume,Beauty,691.61,11
2023-05-02,Face Serum,Beauty,925.96,22
2023-05-03,Laptop,Electronics,8346.55,9
2023-05-03,Smartphone,Electronics,10356.77,16
2023-05-03,Headphones,Electronics,4338.17,34
2023-05-03,Tablet,Electronics,5173.38,13
2023-05-03,Smart Watch,Electronics,4755.73,19
2023-05-03,T-Shirt,Clothing,1207.91,53
2023-05-03,Jeans,Clothing,1178.2,21
2023-05-03,Jacket,Clothing,1183.22,14
2023-05-03,Sneakers,Clothing,1222.48,15
2023-05-03,Dress,Clothing,667.17,10
2023-05-03,Blender,Home & Kitchen,1060.1,23
2023-05-03,Coffee Maker,Home & Kitchen,1009.77,13
2023-05-03,Cookware Set,Home & Kitchen,858.42,7
2023-05-03,Vacuum Cleaner,Home & Kitchen,1348.64,7
2023-05-03,Air Fryer,Home & Kitchen,1562.57,19
2023-05-03,Shampoo,Beauty,396.58,33
2023-05-03,Moisturizer,Beauty,915.08,34
2023-05-03,Lipstick,Beauty,842.35,47
2023-05-03,Perfume,Beauty,637.3,10
2023-05-03,Face Serum,Beauty,516.87,12
2023-05-04,Laptop,Electronics,7468.07,8
2023-05-04,Smartphone,Electronics,8102.86,13
2023-05-04,Headphones,Electronics,3591.12,29
2023-05-04,Tablet,Electronics,3999.19,10
2023-05-04,Smart Watch,Electronics,4659.14,18
2023-05-04,T-Shirt,Clothing,1370.29,62
2023-05-04,Jeans,Clothing,1253.24,21
2023-05-04,Jacket,Clothing,1154.01,13
2023-05-04,Sneakers,Clothing,1190.55,16
2023-05-04,Dress,Clothing,1199.67,18
2023-05-04,Blender,Home & Kitchen,929.39,20
2023-05-04,Coffee Maker,Home & Kitchen,886.11,11
2023-05-04,Cookware Set,Home & Kitchen,1074.74,9
2023-05-04,Vacuum Cleaner,Home & Kitchen,1624.83,8
2023-05-04,Air Fryer,Home & Kitchen,1530.01,17
2023-05-04,Shampoo,Beauty,410.63,36
2023-05-04,Moisturizer,Beauty,1060.16,40
2023-05-04,Lipstick,Beauty,459.56,27
2023-05-04,Perfume,Beauty,576.72,9
2023-05-04,Face Serum,Beauty,754.57,18
2023-05-05,Laptop,Electronics,8410.85,9
2023-05-05,Smartphone,Electronics,8055.01,12
2023-05-05,Headphones,Electronics,3362.56,26
2023-05-05,Tablet,Electronics,6623.84,17
2023-05-05,Smart Watch,Electronics,5957.84,24
2023-05-05,T-Shirt,Clothing,839.92,38
2023-05-05,Jeans,Clothing,1256.63,23
2023-05-05,Jacket,Clothing,1601.92,18
2023-05-05,Sneakers,Clothing,1965.1,24
2023-05-05,Dress,Clothing,785.56,11
2023-05-05,Blender,Home & Kitchen,885.66,19
2023-05-05,Coffee Maker,Home & Kitchen,911.13,12
2023-05-05,Cookware Set,Home & Kitchen,1228.02,10
2023-05-05,Vacuum Cleaner,Home & Kitchen,1134.13,6
2023-05-05,Air Fryer,Home & Kitchen,1674.42,20
2023-05-05,Shampoo,Beauty,558.2,49
2023-05-05,Moisturizer,Beauty,1139.52,41
2023-05-05,Lipstick,Beauty,831.21,45
2023-05-05,Perfume,Beauty,644.41,10
2023-05-05,Face Serum,Beauty,712.82,17
2023-05-06,Laptop,Electronics,9314.65,11
2023-05-06,Smartphone,Electronics,13696.41,22
2023-05-06,Headphones,Electronics,4024.22,30
2023-05-06,Tablet,Electronics,5591.95,14
2023-05-06,Smart Watch,Electronics,7616.71,32
2023-05-06,T-Shirt,Clothing,1471.89,64
2023-05-06,Jeans,Clothing,2887.63,50
2023-05-06,Jacket,Clothing,2331.71,25
2023-05-06,Sneakers,Clothing,2874.59,37
2023-05-06,Dress,Clothing,1532.25,23
2023-05-06,Blender,Home & Kitchen,1016.21,22
2023-05-06,Coffee Maker,Home & Kitchen,923.51,12
2023-05-06,Cookware Set,Home & Kitchen,1477.6,11
2023-05-06,Vacuum Cleaner,Home & Kitchen,1423.52,7
2023-05-06,Air Fryer,Home & Kitchen,1483.6,16
2023-05-06,Shampoo,Beauty,479.01,41
2023-05-06,Moisturizer,Beauty,1107.45,41
2023-05-06,Lipstick,Beauty,868.84,46
2023-05-06,Perfume,Beauty,721.88,11
2023-05-06,Face Serum,Beauty,820.05,19
2023-05-07,Laptop,Electronics,10714.89,12
2023-05-07,Smartphone,Electronics,13777.08,23
2023-05-07,Headphones,Electronics,3048.03,23
2023-05-07,Tablet,Electronics,4131.86,11
2023-05-07,Smart Watch,Electronics,6630.89,27
2023-05-07,T-Shirt,Clothing,1334.34,59
2023-05-07,Jeans,Clothing,1861.81,31
2023-05-07,Jacket,Clothing,1914.3,23
2023-05-07,Sneakers,Clothing,2602.28,33
2023-05-07,Dress,Clothing,1407.17,22
2023-05-07,Blender,Home & Kitchen,980.92,20
2023-05-07,Coffee Maker,Home & Kitchen,1002.47,13
2023-05-07,Cookware Set,Home & Kitchen,1151.52,9
2023-05-07,Vacuum Cleaner,Home & Kitchen,1555.6,8
2023-05-07,Air Fryer,Home & Kitchen,1202.32,13
2023-05-07,Shampoo,Beauty,437.28,38
2023-05-07,Moisturizer,Beauty,1301.39,49
2023-05-07,Lipstick,Beauty,558.19,30
2023-05-07,Perfume,Beauty,723.22,12
2023-05-07,Face Serum,Beauty,677.99,17
2023-05-08,Laptop,Electronics,6297.99,7
2023-05-08,Smartphone,Electronics,11855.84,19
2023-05-08,Headphones,Electronics,3602.78,29
2023-05-08,Tablet,Electronics,3721.95,9
2023-05-08,Smart Watch,Electronics,3096.34,12
2023-05-08,T-Shirt,Clothing,892.97,37
2023-05-08,Jeans,Clothing,984.56,17
2023-05-08,Jacket,Clothing,1486.91,18
2023-05-08,Sneakers,Clothing,1368.27,18
2023-05-08,Dress,Clothing,675.63,10
2023-05-08,Blender,Home & Kitchen,719.52,14
2023-05-08,Coffee Maker,Home & Kitchen,665.73,9
2023-05-08,Cookware Set,Home & Kitchen,1036.49,8
2023-05-08,Vacuum Cleaner,Home & Kitchen,962.79,5
2023-05-08,Air Fryer,Home & Kitchen,1583.01,19
2023-05-08,Shampoo,Beauty,340.41,28
2023-05-08,Moisturizer,Beauty,950.65,33
2023-05-08,Lipstick,Beauty,542.98,32
2023-05-08,Perfume,Beauty,737.08,12
2023-05-08,Face Serum,Beauty,579.5,14
2023-05-09,Laptop,Electronics,6327.77,7
2023-05-09,Smartphone,Electronics,9557.61,16
2023-05-09,Headphones,Electronics,2391.81,20
2023-05-09,Tablet,Electronics,3314.3,9
2023-05-09,Smart Watch,Electronics,4644.87,18
2023-05-09,T-Shirt,Clothing,623.43,26
2023-05-09,Jeans,Clothing,1159.6,21
2023-05-09,Jacket,Clothing,1288.92,14
2023-05-09,Sneakers,Clothing,1930.75,25
2023-05-09,Dress,Clothing,1194.03,17
2023-05-09,Blender,Home & Kitchen,840.94,18
2023-05-09,Coffee Maker,Home & Kitchen,967.57,13
2023-05-09,Cookware Set,Home & Kitchen,850.73,7
2023-05-09,Vacuum Cleaner,Home & Kitchen,1290.99,7
2023-05-09,Air Fryer,Home & Kitchen,1406.31,17
2023-05-09,Shampoo,Beauty,340.57,29
2023-05-09,Moisturizer,Beauty,760.87,26
2023-05-09,Lipstick,Beauty,560.23,32
2023-05-09,Perfume,Beauty,503.76,8
2023-05-09,Face Serum,Beauty,643.82,16
2023-05-10,Laptop,Electronics,7551.4,9
2023-05-10,Smartphone,Electronics,7870.37,13
2023-05-10,Headphones,Electronics,2534.76,20
2023-05-10,Tablet,Electronics,4864.85,13
2023-05-10,Smart Watch,Electronics,4471.21,19
2023-05-10,T-Shirt,Clothing,1105.95,45
2023-05-10,Jeans,Clothing,1320.05,23
2023-05-10,Jacket,Clothing,1351.85,15
2023-05-10,Sneakers,Clothing,1342.28,18
2023-05-10,Dress,Clothing,1213.3,18
2023-05-10,Blender,Home & Kitchen,873.31,19
2023-05-10,Coffee Maker,Home & Kitchen,758.22,10
2023-05-10,Cookware Set,Home & Kitchen,1137.66,9
2023-05-10,Vacuum Cleaner,Home & Kitchen,1177.55,6
2023-05-10,Air Fryer,Home & Kitchen,1079.92,13
2023-05-10,Shampoo,Beauty,436.15,37
2023-05-10,Moisturizer,Beauty,934.48,35
2023-05-10,Lipstick,Beauty,457.98,25
2023-05-10,Perfume,Beauty,648.88,10
2023-05-10,Face Serum,Beauty,532.6,13
2023-05-11,Laptop,Electronics,7225.11,8
2023-05-11,Smartphone,Electronics,8542.04,14
2023-05-11,Headphones,Electronics,2871.76,23
2023-05-11,Tablet,Electronics,3840.87,10
2023-05-11,Smart Watch,Electronics,3622.67,14
2023-05-11,T-Shirt,Clothing,1278.25,51
2023-05-11,Jeans,Clothing,1454.63,24
2023-05-11,Jacket,Clothing,1725.97,20
2023-05-11,Sneakers,Clothing,1414.97,18
2023-05-11,Dress,Clothing,976.12,15
2023-05-11,Blender,Home & Kitchen,767.7,15
2023-05-11,Coffee Maker,Home & Kitchen,828.08,10
2023-05-11,Cookware Set,Home & Kitchen,1098.26,9
2023-05-11,Vacuum Cleaner,Home & Kitchen,1830.48,9
2023-05-11,Air Fryer,Home & Kitchen,1025.2,12
2023-05-11,Shampoo,Beauty,277.39,24
2023-05-11,Moisturizer,Beauty,1156.0,40
2023-05-11,Lipstick,Beauty,623.7,34
2023-05-11,Perfume,Beauty,613.6,9
2023-05-11,Face Serum,Beauty,841.51,21
2023-05-12,Laptop,Electronics,9810.11,11
2023-05-12,Smartphone,Electronics,7899.95,12
2023-05-12,Headphones,Electronics,2496.6,21
2023-05-12,Tablet,Electronics,4607.71,11
2023-05-12,Smart Watch,Electronics,4700.68,20
2023-05-12,T-Shirt,Clothing,936.29,40
2023-05-12,Jeans,Clothing,1420.2,24
2023-05-12,Jacket,Clothing,1124.01,13
2023-05-12,Sneakers,Clothing,1642.15,20
2023-05-12,Dress,Clothing,996.35,15
2023-05-12,Blender,Home & Kitchen,982.39,20
2023-05-12,Coffee Maker,Home & Kitchen,657.92,9
2023-05-12,Cookware Set,Home & Kitchen,1090.21,9
2023-05-12,Vacuum Cleaner,Home & Kitchen,1241.47,6
2023-05-12,Air Fryer,Home & Kitchen,1030.29,12
2023-05-12,Shampoo,Beauty,402.55,33
2023-05-12,Moisturizer,Beauty,737.67,28
2023-05-12,Lipstick,Beauty,441.0,24
2023-05-12,Perfume,Beauty,719.69,11
2023-05-12,Face Serum,Beauty,521.99,13
2023-05-13,Laptop,Electronics,6656.23,8
2023-05-13,Smartphone,Electronics,15509.27,24
2023-05-13,Headphones,Electronics,3835.01,32
2023-05-13,Tablet,Electronics,3653.25,9
2023-05-13,Smart Watch,Electronics,5891.91,25
2023-05-13,T-Shirt,Clothing,1563.51,64
2023-05-13,Jeans,Clothing,2074.55,35
2023-05-13,Jacket,Clothing,2037.65,22
2023-05-13,Sneakers,Clothing,1616.14,21
2023-05-13,Dress,Clothing,2124.81,30
2023-05-13,Blender,Home & Kitchen,774.73,17
2023-05-13,Coffee Maker,Home & Kitchen,1065.02,13
2023-05-13,Cookware Set,Home & Kitchen,1211.78,9
2023-05-13,Vacuum Cleaner,Home & Kitchen,1220.18,6
2023-05-13,Air Fryer,Home & Kitchen,1539.59,18
2023-05-13,Shampoo,Beauty,516.41,41
2023-05-13,Moisturizer,Beauty,1061.5,38
2023-05-13,Lipstick,Beauty,671.75,37
2023-05-13,Perfume,Beauty,724.87,11
2023-05-13,Face Serum,Beauty,992.83,23
2023-05-14,Laptop,Electronics,9993.54,11
2023-05-14,Smartphone,Electronics,12873.45,21
2023-05-14,Headphones,Electronics,2898.4,22
2023-05-14,Tablet,Electronics,5277.65,14
2023-05-14,Smart Watch,Electronics,6479.75,25
2023-05-14,T-Shirt,Clothing,1164.48,50
2023-05-14,Jeans,Clothing,1619.43,28
2023-05-14,Jacket,Clothing,2339.35,27
2023-05-14,Sneakers,Clothing,2432.8,32
2023-05-14,Dress,Clothing,1213.08,19
2023-05-14,Blender,Home & Kitchen,741.79,16
2023-05-14,Coffee Maker,Home & Kitchen,964.4,13
2023-05-14,Cookware Set,Home & Kitchen,1178.2,9
2023-05-14,Vacuum Cleaner,Home & Kitchen,936.54,5
2023-05-14,Air Fryer,Home & Kitchen,1187.49,13
2023-05-14,Shampoo,Beauty,514.44,42
2023-05-14,Moisturizer,Beauty,872.75,33
2023-05-14,Lipstick,Beauty,741.57,42
2023-05-14,Perfume,Beauty,814.94,12
2023-05-14,Face Serum,Beauty,730.25,18
2023-05-15,Laptop,Electronics,7074.24,8
2023-05-15,Smartphone,Electronics,8366.31,14
2023-05-15,Headphones,Electronics,3496.86,27
2023-05-15,Tablet,Electronics,3685.3,9
2023-05-15,Smart Watch,Electronics,5716.29,23
2023-05-15,T-Shirt,Clothing,1196.56,51
2023-05-15,Jeans,Clothing,1438.86,25
2023-05-15,Jacket,Clothing,1658.85,20
2023-05-15,Sneakers,Clothing,1121.66,15
2023-05-15,Dress,Clothing,973.13,15
2023-05-15,Blender,Home & Kitchen,854.28,17
2023-05-15,Coffee Maker,Home & Kitchen,1043.47,13
2023-05-15,Cookware Set,Home & Kitchen,739.3,6
2023-05-15,Vacuum Cleaner,Home & Kitchen,1537.5,8
2023-05-15,Air Fryer,Home & Kitchen,1131.46,13
2023-05-15,Shampoo,Beauty,405.83,34
2023-05-15,Moisturizer,Beauty,1266.98,48
2023-05-15,Lipstick,Beauty,587.44,33
2023-05-15,Perfume,Beauty,652.58,10
2023-05-15,Face Serum,Beauty,584.8,15
2023-05-16,Laptop,Electronics,7560.15,9
2023-05-16,Smartphone,Electronics,11871.16,18
2023-05-16,Headphones,Electronics,3306.5,25
2023-05-16,Tablet,Electronics,4118.55,11
2023-05-16,Smart Watch,Electronics,4411.95,19
2023-05-16,T-Shirt,Clothing,846.5,38
2023-05-16,Jeans,Clothing,1117.47,20
2023-05-16,Jacket,Clothing,1417.19,17
2023-05-16,Sneakers,Clothing,1236.98,16
2023-05-16,Dress,Clothing,1159.04,16
2023-05-16,Blender,Home & Kitchen,721.31,16
2023-05-16,Coffee Maker,Home & Kitchen,1070.17,14
2023-05-16,Cookware Set,Home & Kitchen,1205.86,9
2023-05-16,Vacuum Cleaner,Home & Kitchen,1307.49,7
2023-05-16,Air Fryer,Home & Kitchen,1357.65,15
2023-05-16,Shampoo,Beauty,386.39,32
2023-05-16,Moisturizer,Beauty,1292.99,48
2023-05-16,Lipstick,Beauty,720.14,42
2023-05-16,Perfume,Beauty,811.04,13
2023-05-16,Face Serum,Beauty,600.48,15
2023-05-17,Laptop,Electronics,6204.19,7
2023-05-17,Smartphone,Electronics,12348.1,19
2023-05-17,Headphones,Electronics,2883.93,23
2023-05-17,Tablet,Electronics,5170.89,13
2023-05-17,Smart Watch,Electronics,4189.97,17
2023-05-17,T-Shirt,Clothing,970.22,42
2023-05-17,Jeans,Clothing,1854.15,30
2023-05-17,Jacket,Clothing,1261.65,15
2023-05-17,Sneakers,Clothing,1335.11,17
2023-05-17,Dress,Clothing,722.9,11
2023-05-17,Blender,Home & Kitchen,740.56,15
2023-05-17,Coffee Maker,Home & Kitchen,984.95,12
2023-05-17,Cookware Set,Home & Kitchen,1220.03,10
2023-05-17,Vacuum Cleaner,Home & Kitchen,1428.34,7
2023-05-17,Air Fryer,Home & Kitchen,1007.77,11
2023-05-17,Shampoo,Beauty,382.17,33
2023-05-17,Moisturizer,Beauty,769.44,27
2023-05-17,Lipstick,Beauty,575.35,32
2023-05-17,Perfume,Beauty,418.66,7
2023-05-17,Face Serum,Beauty,499.69,12
2023-05-18,Laptop,Electronics,8074.7,9
2023-05-18,Smartphone,Electronics,9323.27,15
2023-05-18,Headphones,Electronics,4002.27,31
2023-05-18,Tablet,Electronics,4688.04,12
2023-05-18,Smart Watch,Electronics,4160.93,18
2023-05-18,T-Shirt,Clothing,1040.95,46
2023-05-18,Jeans,Clothing,1464.53,24
2023-05-18,Jacket,Clothing,1457.43,17
2023-05-18,Sneakers,Clothing,1187.41,16
2023-05-18,Dress,Clothing,1134.64,17
2023-05-18,Blender,Home & Kitchen,600.51,13
2023-05-18,Coffee Maker,Home & Kitchen,752.18,10
2023-05-18,Cookware Set,Home & Kitchen,970.39,8
2023-05-18,Vacuum Cleaner,Home & Kitchen,1234.96,6
2023-05-18,Air Fryer,Home & Kitchen,1313.55,16
2023-05-18,Shampoo,Beauty,421.12,34
2023-05-18,Moisturizer,Beauty,996.61,38
2023-05-18,Lipstick,Beauty,671.31,37
2023-05-18,Perfume,Beauty,463.09,7
2023-05-18,Face Serum,Beauty,733.31,18
2023-05-19,Laptop,Electronics,6376.1,7
2023-05-19,Smartphone,Electronics,14900.19,22
2023-05-19,Headphones,Electronics,2596.04,21
2023-05-19,Tablet,Electronics,3191.31,8
2023-05-19,Smart Watch,Electronics,5348.47,21
2023-05-19,T-Shirt,Clothing,950.71,43
2023-05-19,Jeans,Clothing,1182.79,20
2023-05-19,Jacket,Clothing,1126.67,13
2023-05-19,Sneakers,Clothing,1628.72,21
2023-05-19,Dress,Clothing,961.26,15
2023-05-19,Blender,Home & Kitchen,814.07,16
2023-05-19,Coffee Maker,Home & Kitchen,1019.15,13
2023-05-19,Cookware Set,Home & Kitchen,1287.08,10
2023-05-19,Vacuum Cleaner,Home & Kitchen,1208.54,6
2023-05-19,Air Fryer,Home & Kitchen,1531.78,17
2023-05-19,Shampoo,Beauty,470.21,39
2023-05-19,Moisturizer,Beauty,903.91,34
2023-05-19,Lipstick,Beauty,648.04,35
2023-05-19,Perfume,Beauty,845.33,14
2023-05-19,Face Serum,Beauty,484.11,12
2023-05-20,Laptop,Electronics,8090.14,9
2023-05-20,Smartphone,Electronics,12318.67,19
2023-05-20,Headphones,Electronics,4473.43,34
2023-05-20,Tablet,Electronics,4593.97,12
2023-05-20,Smart Watch,Electronics,6107.38,26
2023-05-20,T-Shirt,Clothing,1226.61,55
2023-05-20,Jeans,Clothing,1841.68,31
2023-05-20,Jacket,Clothing,2162.66,24
2023-05-20,Sneakers,Clothing,1961.47,25
2023-05-20,Dress,Clothing,1553.83,22
2023-05-20,Blender,Home & Kitchen,949.45,20
2023-05-20,Coffee Maker,Home & Kitchen,735.15,10
2023-05-20,Cookware Set,Home & Kitchen,1095.7,9
2023-05-20,Vacuum Cleaner,Home & Kitchen,1362.13,7
2023-05-20,Air Fryer,Home & Kitchen,1548.89,18
2023-05-20,Shampoo,Beauty,511.04,45
2023-05-20,Moisturizer,Beauty,974.78,34
2023-05-20,Lipstick,Beauty,622.45,34
2023-05-20,Perfume,Beauty,719.16,12
2023-05-20,Face Serum,Beauty,629.6,16
2023-05-21,Laptop,Electronics,7267.41,8
2023-05-21,Smartphone,Electronics,12774.24,19
2023-05-21,Headphones,Electronics,4111.76,31
2023-05-21,Tablet,Electronics,4533.62,11
2023-05-21,Smart Watch,Electronics,6418.25,26
2023-05-21,T-Shirt,Clothing,1518.89,61
2023-05-21,Jeans,Clothing,2465.98,42
2023-05-21,Jacket,Clothing,1981.71,23
2023-05-21,Sneakers,Clothing,2907.41,38
2023-05-21,Dress,Clothing,1580.54,23
2023-05-21,Blender,Home & Kitchen,948.71,21
2023-05-21,Coffee Maker,Home & Kitchen,1045.6,14
2023-05-21,Cookware Set,Home & Kitchen,1202.76,9
2023-05-21,Vacuum Cleaner,Home & Kitchen,1486.49,8
2023-05-21,Air Fryer,Home & Kitchen,1284.91,14
2023-05-21,Shampoo,Beauty,606.6,54
2023-05-21,Moisturizer,Beauty,1241.36,43
2023-05-21,Lipstick,Beauty,573.11,31
2023-05-21,Perfume,Beauty,905.02,15
2023-05-21,Face Serum,Beauty,706.66,17
2023-05-22,Laptop,Electronics,8394.43,9
2023-05-22,Smartphone,Electronics,7223.3,12
2023-05-22,Headphones,Electronics,3948.93,30
2023-05-22,Tablet,Electronics,5016.82,12
2023-05-22,Smart Watch,Electronics,3719.22,16
2023-05-22,T-Shirt,Clothing,1035.63,42
2023-05-22,Jeans,Clothing,1761.1,32
2023-05-22,Jacket,Clothing,1269.97,14
2023-05-22,Sneakers,Clothing,1174.15,16
2023-05-22,Dress,Clothing,918.58,13
2023-05-22,Blender,Home & Kitchen,836.8,17
2023-05-22,Coffee Maker,Home & Kitchen,1147.83,14
2023-05-22,Cookware Set,Home & Kitchen,1233.0,10
2023-05-22,Vacuum Cleaner,Home & Kitchen,1404.85,7
2023-05-22,Air Fryer,Home & Kitchen,1338.94,16
2023-05-22,Shampoo,Beauty,563.81,47
2023-05-22,Moisturizer,Beauty,1105.31,38
2023-05-22,Lipstick,Beauty,547.31,30
2023-05-22,Perfume,Beauty,598.11,9
2023-05-22,Face Serum,Beauty,635.3,15
2023-05-23,Laptop,Electronics,7636.35,9
2023-05-23,Smartphone,Electronics,9503.27,14
2023-05-23,Headphones,Electronics,3340.32,28
2023-05-23,Tablet,Electronics,4471.33,11
2023-05-23,Smart Watch,Electronics,4405.36,19
2023-05-23,T-Shirt,Clothing,1396.6,62
2023-05-23,Jeans,Clothing,1571.31,28
2023-05-23,Jacket,Clothing,1159.28,14
2023-05-23,Sneakers,Clothing,1606.55,20
2023-05-23,Dress,Clothing,1150.83,17
2023-05-23,Blender,Home & Kitchen,899.9,19
2023-05-23,Coffee Maker,Home & Kitchen,610.32,8
2023-05-23,Cookware Set,Home & Kitchen,792.71,6
2023-05-23,Vacuum Cleaner,Home & Kitchen,1325.53,7
2023-05-23,Air Fryer,Home & Kitchen,1351.44,16
2023-05-23,Shampoo,Beauty,449.34,37
2023-05-23,Moisturizer,Beauty,908.64,32
2023-05-23,Lipstick,Beauty,642.24,34
2023-05-23,Perfume,Beauty,764.75,12
2023-05-23,Face Serum,Beauty,439.67,11
2023-05-24,Laptop,Electronics,5579.01,6
2023-05-24,Smartphone,Electronics,11314.68,17
2023-05-24,Headphones,Electronics,3708.07,28
2023-05-24,Tablet,Electronics,3739.5,10
2023-05-24,Smart Watch,Electronics,3302.87,13
2023-05-24,T-Shirt,Clothing,924.32,39
2023-05-24,Jeans,Clothing,1542.82,26
2023-05-24,Jacket,Clothing,1300.04,15
2023-05-24,Sneakers,Clothing,1770.74,22
2023-05-24,Dress,Clothing,1020.65,15
2023-05-24,Blender,Home & Kitchen,743.59,15
2023-05-24,Coffee Maker,Home & Kitchen,806.55,11
2023-05-24,Cookware Set,Home & Kitchen,1145.66,9
2023-05-24,Vacuum Cleaner,Home & Kitchen,1203.88,6
2023-05-24,Air Fryer,Home & Kitchen,967.32,11
2023-05-24,Shampoo,Beauty,414.3,36
2023-05-24,Moisturizer,Beauty,838.14,31
2023-05-24,Lipstick,Beauty,509.28,28
2023-05-24,Perfume,Beauty,527.13,8
2023-05-24,Face Serum,Beauty,772.15,19
2023-05-25,Laptop,Electronics,8166.04,9
2023-05-25,Smartphone,Electronics,14110.95,22
2023-05-25,Headphones,Electronics,2988.43,23
2023-05-25,Tablet,Electronics,4612.15,12
2023-05-25,Smart Watch,Electronics,4937.33,20
2023-05-25,T-Shirt,Clothing,868.24,35
2023-05-25,Jeans,Clothing,1331.95,23
2023-05-25,Jacket,Clothing,1466.11,17
2023-05-25,Sneakers,Clothing,1131.91,15
2023-05-25,Dress,Clothing,1149.65,17
2023-05-25,Blender,Home & Kitchen,868.3,17
2023-05-25,Coffee Maker,Home & Kitchen,1031.91,14
2023-05-25,Cookware Set,Home & Kitchen,1353.64,10
2023-05-25,Vacuum Cleaner,Home & Kitchen,918.47,5
2023-05-25,Air Fryer,Home & Kitchen,1235.72,15
2023-05-25,Shampoo,Beauty,501.77,42
2023-05-25,Moisturizer,Beauty,972.24,35
2023-05-25,Lipstick,Beauty,557.0,31
2023-05-25,Perfume,Beauty,652.59,10
2023-05-25,Face Serum,Beauty,465.46,11
2023-05-26,Laptop,Electronics,9236.45,10
2023-05-26,Smartphone,Electronics,6686.95,11
2023-05-26,Headphones,Electronics,4010.29,31
2023-05-26,Tablet,Electronics,3732.75,10
2023-05-26,Smart Watch,Electronics,4923.26,21
2023-05-26,T-Shirt,Clothing,671.3,28
2023-05-26,Jeans,Clothing,1672.86,28
2023-05-26,Jacket,Clothing,1453.24,17
2023-05-26,Sneakers,Clothing,1614.88,20
2023-05-26,Dress,Clothing,678.98,10
2023-05-26,Blender,Home & Kitchen,701.1,15
2023-05-26,Coffee Maker,Home & Kitchen,1057.36,13
2023-05-26,Cookware Set,Home & Kitchen,1483.77,11
2023-05-26,Vacuum Cleaner,Home & Kitchen,1178.84,6
2023-05-26,Air Fryer,Home & Kitchen,1068.58,13
2023-05-26,Shampoo,Beauty,415.21,37
2023-05-26,Moisturizer,Beauty,1439.68,52
2023-05-26,Lipstick,Beauty,499.76,27
2023-05-26,Perfume,Beauty,548.72,9
2023-05-26,Face Serum,Beauty,535.32,13
2023-05-27,Laptop,Electronics,8112.08,9
2023-05-27,Smartphone,Electronics,14921.66,24
2023-05-27,Headphones,Electronics,3909.17,29
2023-05-27,Tablet,Electronics,8284.92,21
2023-05-27,Smart Watch,Electronics,5703.13,24
2023-05-27,T-Shirt,Clothing,1867.29,76
2023-05-27,Jeans,Clothing,2193.97,36
2023-05-27,Jacket,Clothing,1658.11,19
2023-05-27,Sneakers,Clothing,2249.81,28
2023-05-27,Dress,Clothing,1575.88,23
2023-05-27,Blender,Home & Kitchen,804.79,16
2023-05-27,Coffee Maker,Home & Kitchen,1307.06,16
2023-05-27,Cookware Set,Home & Kitchen,1217.91,9
2023-05-27,Vacuum Cleaner,Home & Kitchen,1146.51,6
2023-05-27,Air Fryer,Home & Kitchen,2118.58,24
2023-05-27,Shampoo,Beauty,407.9,35
2023-05-27,Moisturizer,Beauty,1036.91,36
2023-05-27,Lipstick,Beauty,718.03,40
2023-05-27,Perfume,Beauty,733.66,11
2023-05-27,Face Serum,Beauty,561.15,14
2023-05-28,Laptop,Electronics,8145.74,9
2023-05-28,Smartphone,Electronics,17606.52,27
2023-05-28,Headphones,Electronics,4168.65,33
2023-05-28,Tablet,Electronics,5541.66,15
2023-05-28,Smart Watch,Electronics,5995.95,24
2023-05-28,T-Shirt,Clothing,1450.47,65
2023-05-28,Jeans,Clothing,1982.71,35
2023-05-28,Jacket,Clothing,2008.33,24
2023-05-28,Sneakers,Clothing,1517.36,20
2023-05-28,Dress,Clothing,1640.97,25
2023-05-28,Blender,Home & Kitchen,797.38,17
2023-05-28,Coffee Maker,Home & Kitchen,808.88,10
2023-05-28,Cookware Set,Home & Kitchen,1194.65,10
2023-05-28,Vacuum Cleaner,Home & Kitchen,1461.82,7
2023-05-28,Air Fryer,Home & Kitchen,1604.31,19
2023-05-28,Shampoo,Beauty,463.12,40
2023-05-28,Moisturizer,Beauty,1014.62,36
2023-05-28,Lipstick,Beauty,641.58,36
2023-05-28,Perfume,Beauty,939.66,15
2023-05-28,Face Serum,Beauty,812.79,20
2023-05-29,Laptop,Electronics,7841.33,9
2023-05-29,Smartphone,Electronics,12119.2,19
2023-05-29,Headphones,Electronics,3515.8,27
2023-05-29,Tablet,Electronics,3727.58,9
2023-05-29,Smart Watch,Electronics,5307.72,22
2023-05-29,T-Shirt,Clothing,1182.03,48
2023-05-29,Jeans,Clothing,1816.82,30
2023-05-29,Jacket,Clothing,1082.32,13
2023-05-29,Sneakers,Clothing,1262.87,17
2023-05-29,Dress,Clothing,815.44,12
2023-05-29,Blender,Home & Kitchen,808.33,16
2023-05-29,Coffee Maker,Home & Kitchen,1059.29,13
2023-05-29,Cookware Set,Home & Kitchen,1174.26,9
2023-05-29,Vacuum Cleaner,Home & Kitchen,1394.94,7
2023-05-29,Air Fryer,Home & Kitchen,990.71,12
2023-05-29,Shampoo,Beauty,394.38,32
2023-05-29,Moisturizer,Beauty,1256.18,43
2023-05-29,Lipstick,Beauty,690.06,37
2023-05-29,Perfume,Beauty,672.22,10
2023-05-29,Face Serum,Beauty,737.73,17
2023-05-30,Laptop,Electronics,6725.84,8
2023-05-30,Smartphone,Electronics,11623.17,19
2023-05-30,Headphones,Electronics,3537.15,28
2023-05-30,Tablet,Electronics,6698.3,16
2023-05-30,Smart Watch,Electronics,4913.64,19
2023-05-30,T-Shirt,Clothing,1001.74,44
2023-05-30,Jeans,Clothing,1559.44,27
2023-05-30,Jacket,Clothing,1454.34,16
2023-05-30,Sneakers,Clothing,1380.84,18
2023-05-30,Dress,Clothing,1251.48,19
2023-05-30,Blender,Home & Kitchen,813.12,17
2023-05-30,Coffee Maker,Home & Kitchen,1058.2,13
2023-05-30,Cookware Set,Home & Kitchen,1429.73,12
2023-05-30,Vacuum Cleaner,Home & Kitchen,1492.41,8
2023-05-30,Air Fryer,Home & Kitchen,1459.69,16
2023-05-30,Shampoo,Beauty,421.08,35
2023-05-30,Moisturizer,Beauty,973.93,37
2023-05-30,Lipstick,Beauty,502.8,29
2023-05-30,Perfume,Beauty,1022.6,16
2023-05-30,Face Serum,Beauty,482.6,12
2023-05-31,Laptop,Electronics,7475.48,8
2023-05-31,Smartphone,Electronics,10766.95,18
2023-05-31,Headphones,Electronics,3571.52,27
2023-05-31,Tablet,Electronics,3995.42,10
2023-05-31,Smart Watch,Electronics,3238.24,14
2023-05-31,T-Shirt,Clothing,725.72,32
2023-05-31,Jeans,Clothing,1525.49,26
2023-05-31,Jacket,Clothing,912.87,11
2023-05-31,Sneakers,Clothing,1632.31,21
2023-05-31,Dress,Clothing,1132.32,17
2023-05-31,Blender,Home & Kitchen,910.05,20
2023-05-31,Coffee Maker,Home & Kitchen,1106.13,14
2023-05-31,Cookware Set,Home & Kitchen,809.93,6
2023-05-31,Vacuum Cleaner,Home & Kitchen,984.93,5
2023-05-31,Air Fryer,Home & Kitchen,1168.93,14
2023-05-31,Shampoo,Beauty,340.46,30
2023-05-31,Moisturizer,Beauty,748.8,26
2023-05-31,Lipstick,Beauty,527.02,28
2023-05-31,Perfume,Beauty,791.6,13
2023-05-31,Face Serum,Beauty,880.27,21
2023-06-01,Laptop,Electronics,6102.61,7
2023-06-01,Smartphone,Electronics,11515.88,17
2023-06-01,Headphones,Electronics,3418.22,26
2023-06-01,Tablet,Electronics,4113.09,11
2023-06-01,Smart Watch,Electronics,5498.24,24
2023-06-01,T-Shirt,Clothing,928.68,40
2023-06-01,Jeans,Clothing,1365.62,24
2023-06-01,Jacket,Clothing,1283.36,15
2023-06-01,Sneakers,Clothing,1485.28,19
2023-06-01,Dress,Clothing,660.59,10
2023-06-01,Blender,Home & Kitchen,844.88,17
2023-06-01,Coffee Maker,Home & Kitchen,912.73,12
2023-06-01,Cookware Set,Home & Kitchen,808.36,6
2023-06-01,Vacuum Cleaner,Home & Kitchen,1314.73,7
2023-06-01,Air Fryer,Home & Kitchen,1092.91,13
2023-06-01,Shampoo,Beauty,447.58,40
2023-06-01,Moisturizer,Beauty,1091.53,39
2023-06-01,Lipstick,Beauty,642.93,35
2023-06-01,Perfume,Beauty,878.29,13
2023-06-01,Face Serum,Beauty,387.3,9
2023-06-02,Laptop,Electronics,6082.81,7
2023-06-02,Smartphone,Electronics,10123.64,16
2023-06-02,Headphones,Electronics,2272.46,18
2023-06-02,Tablet,Electronics,4774.7,13
2023-06-02,Smart Watch,Electronics,4022.3,16
2023-06-02,T-Shirt,Clothing,1203.5,52
2023-06-02,Jeans,Clothing,1955.79,32
2023-06-02,Jacket,Clothing,1510.46,17
2023-06-02,Sneakers,Clothing,1517.23,19
2023-06-02,Dress,Clothing,807.48,12
2023-06-02,Blender,Home & Kitchen,812.72,17
2023-06-02,Coffee Maker,Home & Kitchen,1159.95,14
2023-06-02,Cookware Set,Home & Kitchen,1247.04,10
2023-06-02,Vacuum Cleaner,Home & Kitchen,1748.02,9
2023-06-02,Air Fryer,Home & Kitchen,1231.82,14
2023-06-02,Shampoo,Beauty,434.54,36
2023-06-02,Moisturizer,Beauty,909.12,32
2023-06-02,Lipstick,Beauty,841.54,49
2023-06-02,Perfume,Beauty,519.7,8
2023-06-02,Face Serum,Beauty,708.89,18
2023-06-03,Laptop,Electronics,9722.63,11
2023-06-03,Smartphone,Electronics,14539.3,23
2023-06-03,Headphones,Electronics,3150.52,26
2023-06-03,Tablet,Electronics,4602.61,11
2023-06-03,Smart Watch,Electronics,5639.85,23
2023-06-03,T-Shirt,Clothing,1676.86,74
2023-06-03,Jeans,Clothing,2200.59,37
2023-06-03,Jacket,Clothing,2130.86,25
2023-06-03,Sneakers,Clothing,2278.33,28
2023-06-03,Dress,Clothing,1684.98,24
2023-06-03,Blender,Home & Kitchen,928.98,19
2023-06-03,Coffee Maker,Home & Kitchen,1262.69,17
2023-06-03,Cookware Set,Home & Kitchen,1433.8,11
2023-06-03,Vacuum Cleaner,Home & Kitchen,1166.21,6
2023-06-03,Air Fryer,Home & Kitchen,1096.93,13
2023-06-03,Shampoo,Beauty,574.65,51
2023-06-03,Moisturizer,Beauty,1151.61,44
2023-06-03,Lipstick,Beauty,968.19,56
2023-06-03,Perfume,Beauty,1142.37,18
2023-06-03,Face Serum,Beauty,661.04,16
2023-06-04,Laptop,Electronics,8534.52,10
2023-06-04,Smartphone,Electronics,9654.64,16
2023-06-04,Headphones,Electronics,4416.4,34
2023-06-04,Tablet,Electronics,7135.81,18
2023-06-04,Smart Watch,Electronics,5635.64,24
2023-06-04,T-Shirt,Clothing,1522.1,62
2023-06-04,Jeans,Clothing,2474.07,45
2023-06-04,Jacket,Clothing,2883.87,31
2023-06-04,Sneakers,Clothing,2833.04,37
2023-06-04,Dress,Clothing,1436.96,22
2023-06-04,Blender,Home & Kitchen,805.02,17
2023-06-04,Coffee Maker,Home & Kitchen,1149.77,14
2023-06-04,Cookware Set,Home & Kitchen,1084.83,9
2023-06-04,Vacuum Cleaner,Home & Kitchen,1704.84,9
2023-06-04,Air Fryer,Home & Kitchen,1252.22,15
2023-06-04,Shampoo,Beauty,558.39,46
2023-06-04,Moisturizer,Beauty,1354.15,47
2023-06-04,Lipstick,Beauty,571.47,31
2023-06-04,Perfume,Beauty,720.45,12
2023-06-04,Face Serum,Beauty,1075.9,27
2023-06-05,Laptop,Electronics,7470.88,9
2023-06-05,Smartphone,Electronics,9876.44,15
2023-06-05,Headphones,Electronics,3631.27,28
2023-06-05,Tablet,Electronics,5698.1,14
2023-06-05,Smart Watch,Electronics,4592.1,19
2023-06-05,T-Shirt,Clothing,1234.83,50
2023-06-05,Jeans,Clothing,1802.67,31
2023-06-05,Jacket,Clothing,1200.5,14
2023-06-05,Sneakers,Clothing,1601.42,20
2023-06-05,Dress,Clothing,1504.08,21
2023-06-05,Blender,Home & Kitchen,1102.05,24
2023-06-05,Coffee Maker,Home & Kitchen,1133.19,14
2023-06-05,Cookware Set,Home & Kitchen,986.85,8
2023-06-05,Vacuum Cleaner,Home & Kitchen,941.84,5
2023-06-05,Air Fryer,Home & Kitchen,1173.12,13
2023-06-05,Shampoo,Beauty,375.76,31
2023-06-05,Moisturizer,Beauty,1378.62,51
2023-06-05,Lipstick,Beauty,423.17,25
2023-06-05,Perfume,Beauty,610.6,9
2023-06-05,Face Serum,Beauty,721.1,17
2023-06-06,Laptop,Electronics,7113.57,8
2023-06-06,Smartphone,Electronics,14042.93,22
2023-06-06,Headphones,Electronics,3308.91,27
2023-06-06,Tablet,Electronics,4531.56,11
2023-06-06,Smart Watch,Electronics,6210.59,25
2023-06-06,T-Shirt,Clothing,1013.57,41
2023-06-06,Jeans,Clothing,2122.74,37
2023-06-06,Jacket,Clothing,1316.57,15
2023-06-06,Sneakers,Clothing,1044.48,13
2023-06-06,Dress,Clothing,1009.71,15
2023-06-06,Blender,Home & Kitchen,552.5,12
2023-06-06,Coffee Maker,Home & Kitchen,1143.04,14
2023-06-06,Cookware Set,Home & Kitchen,1334.51,10
2023-06-06,Vacuum Cleaner,Home & Kitchen,1713.86,9
2023-06-06,Air Fryer,Home & Kitchen,1393.89,15
2023-06-06,Shampoo,Beauty,354.36,30
2023-06-06,Moisturizer,Beauty,1171.45,41
2023-06-06,Lipstick,Beauty,568.72,31
2023-06-06,Perfume,Beauty,807.46,13
2023-06-06,Face Serum,Beauty,579.79,14
2023-06-07,Laptop,Electronics,8677.74,10
2023-06-07,Smartphone,Electronics,10896.26,17
2023-06-07,Headphones,Electronics,3198.16,24
2023-06-07,Tablet,Electronics,5453.25,14
2023-06-07,Smart Watch,Electronics,5680.85,23
2023-06-07,T-Shirt,Clothing,954.44,38
2023-06-07,Jeans,Clothing,1806.74,32
2023-06-07,Jacket,Clothing,1620.81,19
2023-06-07,Sneakers,Clothing,1513.45,20
2023-06-07,Dress,Clothing,1256.59,18
2023-06-07,Blender,Home & Kitchen,1084.05,22
2023-06-07,Coffee Maker,Home & Kitchen,893.52,12
2023-06-07,Cookware Set,Home & Kitchen,1109.73,9
2023-06-07,Vacuum Cleaner,Home & Kitchen,1458.35,7
2023-06-07,Air Fryer,Home & Kitchen,1084.99,13
2023-06-07,Shampoo,Beauty,438.42,38
2023-06-07,Moisturizer,Beauty,1034.08,37
2023-06-07,Lipstick,Beauty,607.73,33
2023-06-07,Perfume,Beauty,645.06,10
2023-06-07,Face Serum,Beauty,513.75,13
2023-06-08,Laptop,Electronics,8273.62,10
2023-06-08,Smartphone,Electronics,9202.58,15
2023-06-08,Headphones,Electronics,4314.12,32
2023-06-08,Tablet,Electronics,3606.74,9
2023-06-08,Smart Watch,Electronics,6200.9,27
2023-06-08,T-Shirt,Clothing,960.8,41
2023-06-08,Jeans,Clothing,1868.1,32
2023-06-08,Jacket,Clothing,1567.51,18
2023-06-08,Sneakers,Clothing,1307.16,16
2023-06-08,Dress,Clothing,798.49,12
2023-06-08,Blender,Home & Kitchen,740.17,15
2023-06-08,Coffee Maker,Home & Kitchen,808.53,11
2023-06-08,Cookware Set,Home & Kitchen,1085.39,9
2023-06-08,Vacuum Cleaner,Home & Kitchen,1366.08,7
2023-06-08,Air Fryer,Home & Kitchen,1299.56,15
2023-06-08,Shampoo,Beauty,459.62,41
2023-06-08,Moisturizer,Beauty,1145.58,41
2023-06-08,Lipstick,Beauty,585.62,33
2023-06-08,Perfume,Beauty,804.23,12
2023-06-08,Face Serum,Beauty,785.5,19
2023-06-09,Laptop,Electronics,8325.13,9
2023-06-09,Smartphone,Electronics,11090.06,18
2023-06-09,Headphones,Electronics,3386.58,26
2023-06-09,Tablet,Electronics,5635.62,14
2023-06-09,Smart Watch,Electronics,4772.79,20
2023-06-09,T-Shirt,Clothing,920.84,39
2023-06-09,Jeans,Clothing,1603.75,27
2023-06-09,Jacket,Clothing,1222.78,14
2023-06-09,Sneakers,Clothing,1246.76,16
2023-06-09,Dress,Clothing,1178.96,18
2023-06-09,Blender,Home & Kitchen,1141.61,23
2023-06-09,Coffee Maker,Home & Kitchen,862.29,11
2023-06-09,Cookware Set,Home & Kitchen,1351.51,11
2023-06-09,Vacuum Cleaner,Home & Kitchen,1038.8,5
2023-06-09,Air Fryer,Home & Kitchen,951.78,11
2023-06-09,Shampoo,Beauty,604.18,48
2023-06-09,Moisturizer,Beauty,1073.33,41
2023-06-09,Lipstick,Beauty,596.74,34
2023-06-09,Perfume,Beauty,941.07,15
2023-06-09,Face Serum,Beauty,658.88,16
2023-06-10,Laptop,Electronics,9129.71,10
2023-06-10,Smartphone,Electronics,12768.82,19
2023-06-10,Headphones,Electronics,4800.1,37
2023-06-10,Tablet,Electronics,7114.31,17
2023-06-10,Smart Watch,Electronics,7016.78,28
2023-06-10,T-Shirt,Clothing,2190.32,97
2023-06-10,Jeans,Clothing,3534.31,65
2023-06-10,Jacket,Clothing,2620.24,30
2023-06-10,Sneakers,Clothing,2203.66,28
2023-06-10,Dress,Clothing,2058.81,31
2023-06-10,Blender,Home & Kitchen,1418.74,28
2023-06-10,Coffee Maker,Home & Kitchen,1096.47,15
2023-06-10,Cookware Set,Home & Kitchen,1672.47,14
2023-06-10,Vacuum Cleaner,Home & Kitchen,1583.72,8
2023-06-10,Air Fryer,Home & Kitchen,1755.55,21
2023-06-10,Shampoo,Beauty,745.01,61
2023-06-10,Moisturizer,Beauty,1565.72,57
2023-06-10,Lipstick,Beauty,1247.79,69
2023-06-10,Perfume,Beauty,1247.37,20
2023-06-10,Face Serum,Beauty,1109.42,27
2023-06-11,Laptop,Electronics,11938.4,14
2023-06-11,Smartphone,Electronics,19760.8,29
2023-06-11,Headphones,Electronics,4526.66,38
2023-06-11,Tablet,Electronics,5942.67,16
2023-06-11,Smart Watch,Electronics,7052.49,27
2023-06-11,T-Shirt,Clothing,1489.95,67
2023-06-11,Jeans,Clothing,3724.96,67
2023-06-11,Jacket,Clothing,4167.6,47
2023-06-11,Sneakers,Clothing,3051.75,38
2023-06-11,Dress,Clothing,1905.09,29
2023-06-11,Blender,Home & Kitchen,1257.87,26
2023-06-11,Coffee Maker,Home & Kitchen,1301.86,16
2023-06-11,Cookware Set,Home & Kitchen,1280.63,10
2023-06-11,Vacuum Cleaner,Home & Kitchen,1332.26,7
2023-06-11,Air Fryer,Home & Kitchen,2455.14,29
2023-06-11,Shampoo,Beauty,457.66,41
2023-06-11,Moisturizer,Beauty,1547.37,57
2023-06-11,Lipstick,Beauty,625.24,37
2023-06-11,Perfume,Beauty,926.12,15
2023-06-11,Face Serum,Beauty,892.45,22
2023-06-12,Laptop,Electronics,7499.53,8
2023-06-12,Smartphone,Electronics,15072.43,23
2023-06-12,Headphones,Electronics,3177.34,25
2023-06-12,Tablet,Electronics,4136.77,10
2023-06-12,Smart Watch,Electronics,6650.54,27
2023-06-12,T-Shirt,Clothing,1198.6,50
2023-06-12,Jeans,Clothing,1713.09,29
2023-06-12,Jacket,Clothing,2175.49,24
2023-06-12,Sneakers,Clothing,1650.76,20
2023-06-12,Dress,Clothing,964.29,14
2023-06-12,Blender,Home & Kitchen,1247.78,27
2023-06-12,Coffee Maker,Home & Kitchen,1506.45,20
2023-06-12,Cookware Set,Home & Kitchen,1483.81,11
2023-06-12,Vacuum Cleaner,Home & Kitchen,981.85,5
2023-06-12,Air Fryer,Home & Kitchen,1618.16,18
2023-06-12,Shampoo,Beauty,676.13,55
2023-06-12,Moisturizer,Beauty,1523.8,57
2023-06-12,Lipstick,Beauty,611.87,35
2023-06-12,Perfume,Beauty,789.97,13
2023-06-12,Face Serum,Beauty,829.77,21
2023-06-13,Laptop,Electronics,9233.64,11
2023-06-13,Smartphone,Electronics,14161.91,23
2023-06-13,Headphones,Electronics,3922.03,33
2023-06-13,Tablet,Electronics,6466.64,17
2023-06-13,Smart Watch,Electronics,5584.63,24
2023-06-13,T-Shirt,Clothing,1572.98,70
2023-06-13,Jeans,Clothing,1824.36,30
2023-06-13,Jacket,Clothing,2039.25,24
2023-06-13,Sneakers,Clothing,1736.21,23
2023-06-13,Dress,Clothing,1279.05,19
2023-06-13,Blender,Home & Kitchen,1068.38,21
2023-06-13,Coffee Maker,Home & Kitchen,1101.35,14
2023-06-13,Cookware Set,Home & Kitchen,1825.85,14
2023-06-13,Vacuum Cleaner,Home & Kitchen,1477.15,8
2023-06-13,Air Fryer,Home & Kitchen,1683.09,19
2023-06-13,Shampoo,Beauty,606.86,53
2023-06-13,Moisturizer,Beauty,2067.13,73
2023-06-13,Lipstick,Beauty,803.31,46
2023-06-13,Perfume,Beauty,934.0,14
2023-06-13,Face Serum,Beauty,566.88,14
2023-06-14,Laptop,Electronics,7548.86,9
2023-06-14,Smartphone,Electronics,10786.48,18
2023-06-14,Headphones,Electronics,3593.15,29
2023-06-14,Tablet,Electronics,5439.09,13
2023-06-14,Smart Watch,Electronics,6644.09,27
2023-06-14,T-Shirt,Clothing,1209.31,52
2023-06-14,Jeans,Clothing,1787.38,29
2023-06-14,Jacket,Clothing,2169.71,25
2023-06-14,Sneakers,Clothing,1635.08,20
2023-06-14,Dress,Clothing,1350.91,19
2023-06-14,Blender,Home & Kitchen,1042.41,21
2023-06-14,Coffee Maker,Home & Kitchen,1241.26,16
2023-06-14,Cookware Set,Home & Kitchen,1859.85,14
2023-06-14,Vacuum Cleaner,Home & Kitchen,2679.26,14
2023-06-14,Air Fryer,Home & Kitchen,1651.37,19
2023-06-14,Shampoo,Beauty,472.67,42
2023-06-14,Moisturizer,Beauty,1189.24,41
2023-06-14,Lipstick,Beauty,634.69,36
2023-06-14,Perfume,Beauty,942.22,14
2023-06-14,Face Serum,Beauty,603.98,14
2023-06-15,Laptop,Electronics,6946.5,8
2023-06-15,Smartphone,Electronics,14108.42,21
2023-06-15,Headphones,Electronics,4559.54,36
2023-06-15,Tablet,Electronics,5922.07,16
2023-06-15,Smart Watch,Electronics,6389.09,25
2023-06-15,T-Shirt,Clothing,1423.01,62
2023-06-15,Jeans,Clothing,2264.21,41
2023-06-15,Jacket,Clothing,1766.41,20
2023-06-15,Sneakers,Clothing,2372.35,30
2023-06-15,Dress,Clothing,904.09,14
2023-06-15,Blender,Home & Kitchen,819.87,17
2023-06-15,Coffee Maker,Home & Kitchen,1093.95,14
2023-06-15,Cookware Set,Home & Kitchen,970.55,8
2023-06-15,Vacuum Cleaner,Home & Kitchen,1847.1,9
2023-06-15,Air Fryer,Home & Kitchen,1515.94,17
2023-06-15,Shampoo,Beauty,568.06,46
2023-06-15,Moisturizer,Beauty,778.13,27
2023-06-15,Lipstick,Beauty,722.08,41
2023-06-15,Perfume,Beauty,819.04,13
2023-06-15,Face Serum,Beauty,668.88,17
2023-06-16,Laptop,Electronics,9598.54,11
2023-06-16,Smartphone,Electronics,11165.27,18
2023-06-16,Headphones,Electronics,3851.16,30
2023-06-16,Tablet,Electronics,5928.44,15
2023-06-16,Smart Watch,Electronics,7645.46,30
2023-06-16,T-Shirt,Clothing,1633.34,65
2023-06-16,Jeans,Clothing,1824.59,31
2023-06-16,Jacket,Clothing,1542.96,18
2023-06-16,Sneakers,Clothing,2444.77,32
2023-06-16,Dress,Clothing,1080.45,17
2023-06-16,Blender,Home & Kitchen,1051.26,23
2023-06-16,Coffee Maker,Home & Kitchen,858.89,11
2023-06-16,Cookware Set,Home & Kitchen,1042.27,8
2023-06-16,Vacuum Cleaner,Home & Kitchen,1710.81,9
2023-06-16,Air Fryer,Home & Kitchen,1663.35,18
2023-06-16,Shampoo,Beauty,603.02,54
2023-06-16,Moisturizer,Beauty,1188.26,41
2023-06-16,Lipstick,Beauty,753.7,44
2023-06-16,Perfume,Beauty,971.92,15
2023-06-16,Face Serum,Beauty,762.14,18
2023-06-17,Laptop,Electronics,9924.36,11
2023-06-17,Smartphone,Electronics,12744.52,20
2023-06-17,Headphones,Electronics,5260.6,42
2023-06-17,Tablet,Electronics,7151.75,18
2023-06-17,Smart Watch,Electronics,8603.4,33
2023-06-17,T-Shirt,Clothing,1839.26,79
2023-06-17,Jeans,Clothing,3275.03,56
2023-06-17,Jacket,Clothing,1804.88,20
2023-06-17,Sneakers,Clothing,2835.13,37
2023-06-17,Dress,Clothing,2497.01,39
2023-06-17,Blender,Home & Kitchen,1110.82,23
2023-06-17,Coffee Maker,Home & Kitchen,1521.27,19
2023-06-17,Cookware Set,Home & Kitchen,1594.46,12
2023-06-17,Vacuum Cleaner,Home & Kitchen,2418.72,12
2023-06-17,Air Fryer,Home & Kitchen,1516.23,17
2023-06-17,Shampoo,Beauty,734.72,60
2023-06-17,Moisturizer,Beauty,1333.57,48
2023-06-17,Lipstick,Beauty,893.16,51
2023-06-17,Perfume,Beauty,895.53,14
2023-06-17,Face Serum,Beauty,999.85,23
2023-06-18,Laptop,Electronics,9774.46,11
2023-06-18,Smartphone,Electronics,17720.74,28
2023-06-18,Headphones,Electronics,4859.85,40
2023-06-18,Tablet,Electronics,5769.25,15
2023-06-18,Smart Watch,Electronics,6378.41,26
2023-06-18,T-Shirt,Clothing,1684.11,70
2023-06-18,Jeans,Clothing,2319.55,42
2023-06-18,Jacket,Clothing,3311.35,37
2023-06-18,Sneakers,Clothing,2486.76,32
2023-06-18,Dress,Clothing,2127.6,31
2023-06-18,Blender,Home & Kitchen,948.68,21
2023-06-18,Coffee Maker,Home & Kitchen,1501.89,19
2023-06-18,Cookware Set,Home & Kitchen,2158.37,17
2023-06-18,Vacuum Cleaner,Home & Kitchen,1138.44,6
2023-06-18,Air Fryer,Home & Kitchen,1470.78,17
2023-06-18,Shampoo,Beauty,556.36,50
2023-06-18,Moisturizer,Beauty,1525.65,52
2023-06-18,Lipstick,Beauty,837.33,46
2023-06-18,Perfume,Beauty,790.89,12
2023-06-18,Face Serum,Beauty,1383.45,33
2023-06-19,Laptop,Electronics,7882.9,9
2023-06-19,Smartphone,Electronics,14905.59,22
2023-06-19,Headphones,Electronics,4121.72,33
2023-06-19,Tablet,Electronics,3882.31,10
2023-06-19,Smart Watch,Electronics,5519.69,23
2023-06-19,T-Shirt,Clothing,1409.32,61
2023-06-19,Jeans,Clothing,2371.09,43
2023-06-19,Jacket,Clothing,1847.19,20
2023-06-19,Sneakers,Clothing,1520.31,20
2023-06-19,Dress,Clothing,1133.22,17
2023-06-19,Blender,Home & Kitchen,907.13,20
2023-06-19,Coffee Maker,Home & Kitchen,1098.54,14
2023-06-19,Cookware Set,Home & Kitchen,1281.93,10
2023-06-19,Vacuum Cleaner,Home & Kitchen,1344.97,7
2023-06-19,Air Fryer,Home & Kitchen,1314.99,15
2023-06-19,Shampoo,Beauty,496.74,43
2023-06-19,Moisturizer,Beauty,1386.25,53
2023-06-19,Lipstick,Beauty,922.39,51
2023-06-19,Perfume,Beauty,932.06,14
2023-06-19,Face Serum,Beauty,701.85,16
2023-06-20,Laptop,Electronics,7721.75,9
2023-06-20,Smartphone,Electronics,9101.13,14
2023-06-20,Headphones,Electronics,4838.97,39
2023-06-20,Tablet,Electronics,4535.68,12
2023-06-20,Smart Watch,Electronics,6060.36,26
2023-06-20,T-Shirt,Clothing,1415.89,64
2023-06-20,Jeans,Clothing,2831.17,46
2023-06-20,Jacket,Clothing,2111.48,24
2023-06-20,Sneakers,Clothing,1746.56,23
2023-06-20,Dress,Clothing,1487.0,21
2023-06-20,Blender,Home & Kitchen,1456.66,29
2023-06-20,Coffee Maker,Home & Kitchen,994.28,13
2023-06-20,Cookware Set,Home & Kitchen,1159.1,9
2023-06-20,Vacuum Cleaner,Home & Kitchen,1415.54,7
2023-06-20,Air Fryer,Home & Kitchen,1788.82,20
2023-06-20,Shampoo,Beauty,526.57,44
2023-06-20,Moisturizer,Beauty,1317.41,46
2023-06-20,Lipstick,Beauty,816.52,46
2023-06-20,Perfume,Beauty,673.51,11
2023-06-20,Face Serum,Beauty,828.79,19
2023-06-21,Laptop,Electronics,6587.0,7
2023-06-21,Smartphone,Electronics,14477.88,22
2023-06-21,Headphones,Electronics,3780.63,29
2023-06-21,Tablet,Electronics,4037.39,10
2023-06-21,Smart Watch,Electronics,4451.75,18
2023-06-21,T-Shirt,Clothing,1375.5,60
2023-06-21,Jeans,Clothing,2148.57,37
2023-06-21,Jacket,Clothing,1686.87,19
2023-06-21,Sneakers,Clothing,1612.56,20
2023-06-21,Dress,Clothing,838.65,12
2023-06-21,Blender,Home & Kitchen,761.27,15
2023-06-21,Coffee Maker,Home & Kitchen,826.12,10
2023-06-21,Cookware Set,Home & Kitchen,1422.06,11
2023-06-21,Vacuum Cleaner,Home & Kitchen,1172.55,6
2023-06-21,Air Fryer,Home & Kitchen,1235.42,14
2023-06-21,Shampoo,Beauty,348.83,28
2023-06-21,Moisturizer,Beauty,765.59,29
2023-06-21,Lipstick,Beauty,664.49,38
2023-06-21,Perfume,Beauty,774.88,12
2023-06-21,Face Serum,Beauty,670.45,16
2023-06-22,Laptop,Electronics,6422.44,7
2023-06-22,Smartphone,Electronics,7416.81,12
2023-06-22,Headphones,Electronics,2818.02,22
2023-06-22,Tablet,Electronics,4506.15,11
2023-06-22,Smart Watch,Electronics,5599.53,22
2023-06-22,T-Shirt,Clothing,1305.34,52
2023-06-22,Jeans,Clothing,1747.93,31
2023-06-22,Jacket,Clothing,1539.83,18
2023-06-22,Sneakers,Clothing,1576.38,20
2023-06-22,Dress,Clothing,1016.42,16
2023-06-22,Blender,Home & Kitchen,734.32,16
2023-06-22,Coffee Maker,Home & Kitchen,983.93,12
2023-06-22,Cookware Set,Home & Kitchen,1188.39,9
2023-06-22,Vacuum Cleaner,Home & Kitchen,2020.93,10
2023-06-22,Air Fryer,Home & Kitchen,1470.0,16
2023-06-22,Shampoo,Beauty,329.38,27
2023-06-22,Moisturizer,Beauty,977.87,35
2023-06-22,Lipstick,Beauty,596.58,32
2023-06-22,Perfume,Beauty,866.55,13
2023-06-22,Face Serum,Beauty,657.0,17
2023-06-23,Laptop,Electronics,6685.46,8
2023-06-23,Smartphone,Electronics,12548.43,21
2023-06-23,Headphones,Electronics,4173.89,34
2023-06-23,Tablet,Electronics,5029.32,13
2023-06-23,Smart Watch,Electronics,4139.13,18
2023-06-23,T-Shirt,Clothing,1031.5,41
2023-06-23,Jeans,Clothing,909.87,16
2023-06-23,Jacket,Clothing,1743.89,21
2023-06-23,Sneakers,Clothing,1497.94,19
2023-06-23,Dress,Clothing,1034.56,15
2023-06-23,Blender,Home & Kitchen,721.38,16
2023-06-23,Coffee Maker,Home & Kitchen,748.36,10
2023-06-23,Cookware Set,Home & Kitchen,1700.52,14
2023-06-23,Vacuum Cleaner,Home & Kitchen,1300.16,7
2023-06-23,Air Fryer,Home & Kitchen,1842.86,20
2023-06-23,Shampoo,Beauty,434.52,36
2023-06-23,Moisturizer,Beauty,886.4,34
2023-06-23,Lipstick,Beauty,714.82,38
2023-06-23,Perfume,Beauty,819.35,13
2023-06-23,Face Serum,Beauty,828.49,20
2023-06-24,Laptop,Electronics,8474.16,9
2023-06-24,Smartphone,Electronics,14449.17,23
2023-06-24,Headphones,Electronics,3260.99,27
2023-06-24,Tablet,Electronics,5761.26,14
2023-06-24,Smart Watch,Electronics,5703.65,23
2023-06-24,T-Shirt,Clothing,1401.95,62
2023-06-24,Jeans,Clothing,2424.19,43
2023-06-24,Jacket,Clothing,1897.26,22
2023-06-24,Sneakers,Clothing,2962.63,37
2023-06-24,Dress,Clothing,1480.83,22
2023-06-24,Blender,Home & Kitchen,1085.0,22
2023-06-24,Coffee Maker,Home & Kitchen,833.78,11
2023-06-24,Cookware Set,Home & Kitchen,1188.36,9
2023-06-24,Vacuum Cleaner,Home & Kitchen,1133.83,6
2023-06-24,Air Fryer,Home & Kitchen,1081.82,13
2023-06-24,Shampoo,Beauty,479.78,39
2023-06-24,Moisturizer,Beauty,1088.83,38
2023-06-24,Lipstick,Beauty,595.33,33
2023-06-24,Perfume,Beauty,859.31,13
2023-06-24,Face Serum,Beauty,832.21,21
2023-06-25,Laptop,Electronics,9714.75,11
2023-06-25,Smartphone,Electronics,10015.4,15
2023-06-25,Headphones,Electronics,3640.53,28
2023-06-25,Tablet,Electronics,5094.95,13
2023-06-25,Smart Watch,Electronics,7100.54,30
2023-06-25,T-Shirt,Clothing,1480.9,64
2023-06-25,Jeans,Clothing,2405.33,41
2023-06-25,Jacket,Clothing,1700.2,20
2023-06-25,Sneakers,Clothing,2140.22,27
2023-06-25,Dress,Clothing,1197.13,18
2023-06-25,Blender,Home & Kitchen,972.46,19
2023-06-25,Coffee Maker,Home & Kitchen,1354.13,17
2023-06-25,Cookware Set,Home & Kitchen,1189.85,9
2023-06-25,Vacuum Cleaner,Home & Kitchen,1350.87,7
2023-06-25,Air Fryer,Home & Kitchen,1183.56,14
2023-06-25,Shampoo,Beauty,466.51,40
2023-06-25,Moisturizer,Beauty,1315.72,45
2023-06-25,Lipstick,Beauty,965.47,56
2023-06-25,Perfume,Beauty,999.68,16
2023-06-25,Face Serum,Beauty,1125.48,26
2023-06-26,Laptop,Electronics,7917.61,9
2023-06-26,Smartphone,Electronics,9729.4,16
2023-06-26,Headphones,Electronics,2848.98,23
2023-06-26,Tablet,Electronics,3741.33,10
2023-06-26,Smart Watch,Electronics,3277.39,13
2023-06-26,T-Shirt,Clothing,959.26,41
2023-06-26,Jeans,Clothing,2105.29,35
2023-06-26,Jacket,Clothing,2018.23,22
2023-06-26,Sneakers,Clothing,2361.1,31
2023-06-26,Dress,Clothing,1120.21,16
2023-06-26,Blender,Home & Kitchen,680.93,14
2023-06-26,Coffee Maker,Home & Kitchen,1244.14,15
2023-06-26,Cookware Set,Home & Kitchen,1322.42,10
2023-06-26,Vacuum Cleaner,Home & Kitchen,2052.2,10
2023-06-26,Air Fryer,Home & Kitchen,1682.28,20
2023-06-26,Shampoo,Beauty,418.41,35
2023-06-26,Moisturizer,Beauty,862.96,31
2023-06-26,Lipstick,Beauty,505.99,27
2023-06-26,Perfume,Beauty,658.67,10
2023-06-26,Face Serum,Beauty,623.38,15
2023-06-27,Laptop,Electronics,6201.67,7
2023-06-27,Smartphone,Electronics,11864.33,18
2023-06-27,Headphones,Electronics,2867.88,23
2023-06-27,Tablet,Electronics,4103.77,11
2023-06-27,Smart Watch,Electronics,3884.04,15
2023-06-27,T-Shirt,Clothing,869.73,38
2023-06-27,Jeans,Clothing,1370.15,23
2023-06-27,Jacket,Clothing,1074.56,13
2023-06-27,Sneakers,Clothing,1431.77,19
2023-06-27,Dress,Clothing,779.3,12
2023-06-27,Blender,Home & Kitchen,774.95,16
2023-06-27,Coffee Maker,Home & Kitchen,940.42,12
2023-06-27,Cookware Set,Home & Kitchen,1584.34,12
2023-06-27,Vacuum Cleaner,Home & Kitchen,1118.76,6
2023-06-27,Air Fryer,Home & Kitchen,1350.52,15
2023-06-27,Shampoo,Beauty,395.21,34
2023-06-27,Moisturizer,Beauty,747.64,29
2023-06-27,Lipstick,Beauty,791.09,44
2023-06-27,Perfume,Beauty,708.34,11
2023-06-27,Face Serum,Beauty,712.59,18
2023-06-28,Laptop,Electronics,9759.0,11
2023-06-28,Smartphone,Electronics,9789.87,15
2023-06-28,Headphones,Electronics,2647.04,20
2023-06-28,Tablet,Electronics,3626.25,9
2023-06-28,Smart Watch,Electronics,3569.81,15
2023-06-28,T-Shirt,Clothing,1205.6,53
2023-06-28,Jeans,Clothing,2273.6,39
2023-06-28,Jacket,Clothing,1521.63,17
2023-06-28,Sneakers,Clothing,1677.99,23
2023-06-28,Dress,Clothing,1173.62,18
2023-06-28,Blender,Home & Kitchen,1128.24,24
2023-06-28,Coffee Maker,Home & Kitchen,1269.91,17
2023-06-28,Cookware Set,Home & Kitchen,901.88,7
2023-06-28,Vacuum Cleaner,Home & Kitchen,1155.07,6
2023-06-28,Air Fryer,Home & Kitchen,1311.86,15
2023-06-28,Shampoo,Beauty,405.54,34
2023-06-28,Moisturizer,Beauty,1019.56,36
2023-06-28,Lipstick,Beauty,635.37,36
2023-06-28,Perfume,Beauty,470.6,7
2023-06-28,Face Serum,Beauty,729.91,17
2023-06-29,Laptop,Electronics,8006.25,9
2023-06-29,Smartphone,Electronics,10705.32,16
2023-06-29,Headphones,Electronics,2043.16,16
2023-06-29,Tablet,Electronics,3903.33,10
2023-06-29,Smart Watch,Electronics,5294.5,21
2023-06-29,T-Shirt,Clothing,1291.58,52
2023-06-29,Jeans,Clothing,1871.14,32
2023-06-29,Jacket,Clothing,1502.58,17
2023-06-29,Sneakers,Clothing,1367.47,18
2023-06-29,Dress,Clothing,1075.03,15
2023-06-29,Blender,Home & Kitchen,657.26,13
2023-06-29,Coffee Maker,Home & Kitchen,801.86,11
2023-06-29,Cookware Set,Home & Kitchen,1436.43,11
2023-06-29,Vacuum Cleaner,Home & Kitchen,1352.62,7
2023-06-29,Air Fryer,Home & Kitchen,1423.4,16
2023-06-29,Shampoo,Beauty,364.83,30
2023-06-29,Moisturizer,Beauty,1185.12,45
2023-06-29,Lipstick,Beauty,618.49,33
2023-06-29,Perfume,Beauty,731.92,11
2023-06-29,Face Serum,Beauty,751.96,18
2023-06-30,Laptop,Electronics,7831.2,9
2023-06-30,Smartphone,Electronics,11339.29,17
2023-06-30,Headphones,Electronics,3108.39,24
2023-06-30,Tablet,Electronics,3624.46,9
2023-06-30,Smart Watch,Electronics,3877.01,15
2023-06-30,T-Shirt,Clothing,1034.16,44
2023-06-30,Jeans,Clothing,1769.65,29
2023-06-30,Jacket,Clothing,1672.52,19
2023-06-30,Sneakers,Clothing,1248.23,17
2023-06-30,Dress,Clothing,904.59,14
2023-06-30,Blender,Home & Kitchen,855.79,18
2023-06-30,Coffee Maker,Home & Kitchen,844.95,11
2023-06-30,Cookware Set,Home & Kitchen,1734.63,14
2023-06-30,Vacuum Cleaner,Home & Kitchen,1233.42,6
2023-06-30,Air Fryer,Home & Kitchen,1394.97,16
2023-06-30,Shampoo,Beauty,489.02,44
2023-06-30,Moisturizer,Beauty,1196.36,44
2023-06-30,Lipstick,Beauty,566.37,31
2023-06-30,Perfume,Beauty,815.76,12
2023-06-30,Face Serum,Beauty,682.57,17
2023-07-01,Laptop,Electronics,9369.83,11
2023-07-01,Smartphone,Electronics,12551.04,20
2023-07-01,Headphones,Electronics,4256.95,34
2023-07-01,Tablet,Electronics,5605.6,14
2023-07-01,Smart Watch,Electronics,4433.79,19
2023-07-01,T-Shirt,Clothing,1641.24,69
2023-07-01,Jeans,Clothing,2684.6,44
2023-07-01,Jacket,Clothing,2565.42,30
2023-07-01,Sneakers,Clothing,2437.44,32
2023-07-01,Dress,Clothing,2107.23,32
2023-07-01,Blender,Home & Kitchen,815.67,18
2023-07-01,Coffee Maker,Home & Kitchen,989.6,12
2023-07-01,Cookware Set,Home & Kitchen,1649.44,13
2023-07-01,Vacuum Cleaner,Home & Kitchen,1409.85,7
2023-07-01,Air Fryer,Home & Kitchen,1361.2,16
2023-07-01,Shampoo,Beauty,554.0,47
2023-07-01,Moisturizer,Beauty,1335.17,46
2023-07-01,Lipstick,Beauty,747.61,44
2023-07-01,Perfume,Beauty,857.24,14
2023-07-01,Face Serum,Beauty,741.7,17
2023-07-02,Laptop,Electronics,6895.46,8
2023-07-02,Smartphone,Electronics,10919.48,17
2023-07-02,Headphones,Electronics,4731.41,37
2023-07-02,Tablet,Electronics,4825.46,13
2023-07-02,Smart Watch,Electronics,6557.31,27
2023-07-02,T-Shirt,Clothing,1739.37,75
2023-07-02,Jeans,Clothing,2584.18,42
2023-07-02,Jacket,Clothing,1831.67,22
2023-07-02,Sneakers,Clothing,2741.29,35
2023-07-02,Dress,Clothing,1530.94,24
2023-07-02,Blender,Home & Kitchen,701.12,15
2023-07-02,Coffee Maker,Home & Kitchen,898.79,12
2023-07-02,Cookware Set,Home & Kitchen,1064.2,8
2023-07-02,Vacuum Cleaner,Home & Kitchen,1352.17,7
2023-07-02,Air Fryer,Home & Kitchen,1308.28,14
2023-07-02,Shampoo,Beauty,534.52,45
2023-07-02,Moisturizer,Beauty,1157.97,43
2023-07-02,Lipstick,Beauty,677.48,38
2023-07-02,Perfume,Beauty,882.79,13
2023-07-02,Face Serum,Beauty,878.99,21
2023-07-03,Laptop,Electronics,9164.84,10
2023-07-03,Smartphone,Electronics,13312.39,22
2023-07-03,Headphones,Electronics,3113.23,24
2023-07-03,Tablet,Electronics,5666.55,15
2023-07-03,Smart Watch,Electronics,5124.38,21
2023-07-03,T-Shirt,Clothing,1008.43,45
2023-07-03,Jeans,Clothing,1411.22,25
2023-07-03,Jacket,Clothing,1086.52,12
2023-07-03,Sneakers,Clothing,1988.99,24
2023-07-03,Dress,Clothing,1239.42,18
2023-07-03,Blender,Home & Kitchen,856.51,17
2023-07-03,Coffee Maker,Home & Kitchen,960.34,12
2023-07-03,Cookware Set,Home & Kitchen,1188.42,10
2023-07-03,Vacuum Cleaner,Home & Kitchen,1297.77,7
2023-07-03,Air Fryer,Home & Kitchen,1182.56,14
2023-07-03,Shampoo,Beauty,434.45,35
2023-07-03,Moisturizer,Beauty,1446.3,51
2023-07-03,Lipstick,Beauty,566.89,34
2023-07-03,Perfume,Beauty,847.95,13
2023-07-03,Face Serum,Beauty,799.0,20
2023-07-04,Laptop,Electronics,7883.79,9
2023-07-04,Smartphone,Electronics,13554.45,20
2023-07-04,Headphones,Electronics,3797.31,29
2023-07-04,Tablet,Electronics,4102.64,11
2023-07-04,Smart Watch,Electronics,4893.72,20
2023-07-04,T-Shirt,Clothing,1287.59,58
2023-07-04,Jeans,Clothing,1662.87,27
2023-07-04,Jacket,Clothing,1602.5,19
2023-07-04,Sneakers,Clothing,1936.9,24
2023-07-04,Dress,Clothing,1431.56,22
2023-07-04,Blender,Home & Kitchen,1088.63,23
2023-07-04,Coffee Maker,Home & Kitchen,843.23,11
2023-07-04,Cookware Set,Home & Kitchen,1394.05,11
2023-07-04,Vacuum Cleaner,Home & Kitchen,1552.51,8
2023-07-04,Air Fryer,Home & Kitchen,1403.18,16
2023-07-04,Shampoo,Beauty,514.05,42
2023-07-04,Moisturizer,Beauty,1059.57,37
2023-07-04,Lipstick,Beauty,597.81,36
2023-07-04,Perfume,Beauty,659.81,11
2023-07-04,Face Serum,Beauty,573.3,13
2023-07-05,Laptop,Electronics,7557.45,9
2023-07-05,Smartphone,Electronics,11217.15,17
2023-07-05,Headphones,Electronics,4575.72,36
2023-07-05,Tablet,Electronics,4419.93,12
2023-07-05,Smart Watch,Electronics,5308.54,21
2023-07-05,T-Shirt,Clothing,1079.37,46
2023-07-05,Jeans,Clothing,1677.81,28
2023-07-05,Jacket,Clothing,1375.42,15
2023-07-05,Sneakers,Clothing,2045.52,26
2023-07-05,Dress,Clothing,1435.78,21
2023-07-05,Blender,Home & Kitchen,841.98,17
2023-07-05,Coffee Maker,Home & Kitchen,1247.09,16
2023-07-05,Cookware Set,Home & Kitchen,2079.31,16
2023-07-05,Vacuum Cleaner,Home & Kitchen,2019.48,11
2023-07-05,Air Fryer,Home & Kitchen,1804.96,21
2023-07-05,Shampoo,Beauty,395.51,35
2023-07-05,Moisturizer,Beauty,904.33,34
2023-07-05,Lipstick,Beauty,752.96,41
2023-07-05,Perfume,Beauty,735.08,12
2023-07-05,Face Serum,Beauty,508.5,13
2023-07-06,Laptop,Electronics,6659.22,8
2023-07-06,Smartphone,Electronics,13564.09,20
2023-07-06,Headphones,Electronics,3444.37,26
2023-07-06,Tablet,Electronics,4571.82,12
2023-07-06,Smart Watch,Electronics,4346.92,18
2023-07-06,T-Shirt,Clothing,1105.52,44
2023-07-06,Jeans,Clothing,1868.53,33
2023-07-06,Jacket,Clothing,1402.71,17
2023-07-06,Sneakers,Clothing,1964.35,27
2023-07-06,Dress,Clothing,1181.52,17
2023-07-06,Blender,Home & Kitchen,929.78,20
2023-07-06,Coffee Maker,Home & Kitchen,1231.85,15
2023-07-06,Cookware Set,Home & Kitchen,1364.8,11
2023-07-06,Vacuum Cleaner,Home & Kitchen,1237.15,6
2023-07-06,Air Fryer,Home & Kitchen,1193.81,14
2023-07-06,Shampoo,Beauty,351.79,30
2023-07-06,Moisturizer,Beauty,1130.11,39
2023-07-06,Lipstick,Beauty,577.38,32
2023-07-06,Perfume,Beauty,748.58,11
2023-07-06,Face Serum,Beauty,745.05,17
2023-07-07,Laptop,Electronics,7821.62,9
2023-07-07,Smartphone,Electronics,12237.52,18
2023-07-07,Headphones,Electronics,3097.91,26
2023-07-07,Tablet,Electronics,5019.49,13
2023-07-07,Smart Watch,Electronics,4919.77,21
2023-07-07,T-Shirt,Clothing,1333.36,56
2023-07-07,Jeans,Clothing,1661.93,30
2023-07-07,Jacket,Clothing,2225.75,25
2023-07-07,Sneakers,Clothing,1453.34,19
2023-07-07,Dress,Clothing,1133.54,16
2023-07-07,Blender,Home & Kitchen,833.09,17
2023-07-07,Coffee Maker,Home & Kitchen,1060.55,14
2023-07-07,Cookware Set,Home & Kitchen,1129.16,9
2023-07-07,Vacuum Cleaner,Home & Kitchen,1880.12,9
2023-07-07,Air Fryer,Home & Kitchen,1141.54,13
2023-07-07,Shampoo,Beauty,460.27,37
2023-07-07,Moisturizer,Beauty,943.61,33
2023-07-07,Lipstick,Beauty,623.34,36
2023-07-07,Perfume,Beauty,795.51,12
2023-07-07,Face Serum,Beauty,592.02,14
2023-07-08,Laptop,Electronics,8742.07,10
2023-07-08,Smartphone,Electronics,16168.52,26
2023-07-08,Headphones,Electronics,5365.2,41
2023-07-08,Tablet,Electronics,6522.43,17
2023-07-08,Smart Watch,Electronics,3952.96,17
2023-07-08,T-Shirt,Clothing,1730.27,74
2023-07-08,Jeans,Clothing,3446.74,56
2023-07-08,Jacket,Clothing,2143.6,26
2023-07-08,Sneakers,Clothing,2181.37,28
2023-07-08,Dress,Clothing,2214.51,31
2023-07-08,Blender,Home & Kitchen,1145.53,25
2023-07-08,Coffee Maker,Home & Kitchen,1088.97,14
2023-07-08,Cookware Set,Home & Kitchen,1154.55,9
2023-07-08,Vacuum Cleaner,Home & Kitchen,1103.28,6
2023-07-08,Air Fryer,Home & Kitchen,1627.64,19
2023-07-08,Shampoo,Beauty,533.41,44
2023-07-08,Moisturizer,Beauty,1221.63,47
2023-07-08,Lipstick,Beauty,726.69,42
2023-07-08,Perfume,Beauty,800.73,12
2023-07-08,Face Serum,Beauty,622.86,15
2023-07-09,Laptop,Electronics,8521.2,10
2023-07-09,Smartphone,Electronics,14608.42,22
2023-07-09,Headphones,Electronics,4116.31,34
2023-07-09,Tablet,Electronics,5057.08,13
2023-07-09,Smart Watch,Electronics,8008.07,32
2023-07-09,T-Shirt,Clothing,1352.01,60
2023-07-09,Jeans,Clothing,1805.95,30
2023-07-09,Jacket,Clothing,3032.74,34
2023-07-09,Sneakers,Clothing,2817.48,34
2023-07-09,Dress,Clothing,1724.88,24
2023-07-09,Blender,Home & Kitchen,1057.34,22
2023-07-09,Coffee Maker,Home & Kitchen,1055.67,14
2023-07-09,Cookware Set,Home & Kitchen,1205.69,9
2023-07-09,Vacuum Cleaner,Home & Kitchen,1253.22,6
2023-07-09,Air Fryer,Home & Kitchen,1306.59,15
2023-07-09,Shampoo,Beauty,509.55,46
2023-07-09,Moisturizer,Beauty,1213.09,44
2023-07-09,Lipstick,Beauty,889.2,51
2023-07-09,Perfume,Beauty,720.82,12
2023-07-09,Face Serum,Beauty,735.65,18
2023-07-10,Laptop,Electronics,5991.89,7
2023-07-10,Smartphone,Electronics,8734.47,14
2023-07-10,Headphones,Electronics,2531.51,21
2023-07-10,Tablet,Electronics,3378.43,9
2023-07-10,Smart Watch,Electronics,4939.32,20
2023-07-10,T-Shirt,Clothing,983.37,42
2023-07-10,Jeans,Clothing,1447.37,26
2023-07-10,Jacket,Clothing,1120.55,13
2023-07-10,Sneakers,Clothing,1620.06,21
2023-07-10,Dress,Clothing,1144.12,17
2023-07-10,Blender,Home & Kitchen,1030.11,22
2023-07-10,Coffee Maker,Home & Kitchen,1016.92,13
2023-07-10,Cookware Set,Home & Kitchen,1578.94,12
2023-07-10,Vacuum Cleaner,Home & Kitchen,1128.92,6
2023-07-10,Air Fryer,Home & Kitchen,1650.74,20
2023-07-10,Shampoo,Beauty,507.43,41
2023-07-10,Moisturizer,Beauty,1021.37,39
2023-07-10,Lipstick,Beauty,574.85,32
2023-07-10,Perfume,Beauty,653.34,10
2023-07-10,Face Serum,Beauty,566.52,14
2023-07-11,Laptop,Electronics,9233.03,10
2023-07-11,Smartphone,Electronics,10550.17,16
2023-07-11,Headphones,Electronics,3125.74,26
2023-07-11,Tablet,Electronics,4720.97,12
2023-07-11,Smart Watch,Electronics,5621.04,22
2023-07-11,T-Shirt,Clothing,1079.53,44
2023-07-11,Jeans,Clothing,2045.15,35
2023-07-11,Jacket,Clothing,1533.78,18
2023-07-11,Sneakers,Clothing,1466.64,18
2023-07-11,Dress,Clothing,1002.1,14
2023-07-11,Blender,Home & Kitchen,621.19,13
2023-07-11,Coffee Maker,Home & Kitchen,887.0,12
2023-07-11,Cookware Set,Home & Kitchen,1245.14,10
2023-07-11,Vacuum Cleaner,Home & Kitchen,1537.37,8
2023-07-11,Air Fryer,Home & Kitchen,1357.23,16
2023-07-11,Shampoo,Beauty,445.12,37
2023-07-11,Moisturizer,Beauty,1051.11,37
2023-07-11,Lipstick,Beauty,621.98,33
2023-07-11,Perfume,Beauty,783.14,13
2023-07-11,Face Serum,Beauty,469.46,12
2023-07-12,Laptop,Electronics,6349.18,7
2023-07-12,Smartphone,Electronics,8595.93,14
2023-07-12,Headphones,Electronics,4272.1,35
2023-07-12,Tablet,Electronics,5286.76,13
2023-07-12,Smart Watch,Electronics,4417.63,18
2023-07-12,T-Shirt,Clothing,790.92,34
2023-07-12,Jeans,Clothing,1311.12,22
2023-07-12,Jacket,Clothing,1762.69,20
2023-07-12,Sneakers,Clothing,1200.02,15
2023-07-12,Dress,Clothing,976.0,15
2023-07-12,Blender,Home & Kitchen,933.35,19
2023-07-12,Coffee Maker,Home & Kitchen,751.78,10
2023-07-12,Cookware Set,Home & Kitchen,1125.41,9
2023-07-12,Vacuum Cleaner,Home & Kitchen,1128.77,6
2023-07-12,Air Fryer,Home & Kitchen,1203.69,14
2023-07-12,Shampoo,Beauty,387.18,34
2023-07-12,Moisturizer,Beauty,1229.93,43
2023-07-12,Lipstick,Beauty,807.17,43
2023-07-12,Perfume,Beauty,609.23,10
2023-07-12,Face Serum,Beauty,721.98,17
2023-07-13,Laptop,Electronics,7134.67,8
2023-07-13,Smartphone,Electronics,7725.94,12
2023-07-13,Headphones,Electronics,3104.86,23
2023-07-13,Tablet,Electronics,3205.62,8
2023-07-13,Smart Watch,Electronics,4308.47,18
2023-07-13,T-Shirt,Clothing,1056.81,42
2023-07-13,Jeans,Clothing,1810.24,30
2023-07-13,Jacket,Clothing,1641.35,18
2023-07-13,Sneakers,Clothing,1900.09,23
2023-07-13,Dress,Clothing,835.75,13
2023-07-13,Blender,Home & Kitchen,1027.43,21
2023-07-13,Coffee Maker,Home & Kitchen,1130.37,15
2023-07-13,Cookware Set,Home & Kitchen,917.79,7
2023-07-13,Vacuum Cleaner,Home & Kitchen,1028.74,5
2023-07-13,Air Fryer,Home & Kitchen,1240.32,15
2023-07-13,Shampoo,Beauty,381.04,34
2023-07-13,Moisturizer,Beauty,938.61,34
2023-07-13,Lipstick,Beauty,597.21,35
2023-07-13,Perfume,Beauty,837.49,13
2023-07-13,Face Serum,Beauty,585.39,14
2023-07-14,Laptop,Electronics,7718.52,9
2023-07-14,Smartphone,Electronics,8591.66,14
2023-07-14,Headphones,Electronics,4780.56,36
2023-07-14,Tablet,Electronics,5584.18,14
2023-07-14,Smart Watch,Electronics,3964.39,17
2023-07-14,T-Shirt,Clothing,752.55,34
2023-07-14,Jeans,Clothing,1411.1,24
2023-07-14,Jacket,Clothing,1234.0,15
2023-07-14,Sneakers,Clothing,1658.0,22
2023-07-14,Dress,Clothing,751.75,11
2023-07-14,Blender,Home & Kitchen,639.72,13
2023-07-14,Coffee Maker,Home & Kitchen,1074.41,13
2023-07-14,Cookware Set,Home & Kitchen,986.11,8
2023-07-14,Vacuum Cleaner,Home & Kitchen,1149.61,6
2023-07-14,Air Fryer,Home & Kitchen,1403.72,17
2023-07-14,Shampoo,Beauty,517.72,45
2023-07-14,Moisturizer,Beauty,1303.19,46
2023-07-14,Lipstick,Beauty,659.08,37
2023-07-14,Perfume,Beauty,606.72,10
2023-07-14,Face Serum,Beauty,611.0,15
2023-07-15,Laptop,Electronics,8058.07,9
2023-07-15,Smartphone,Electronics,10847.08,16
2023-07-15,Headphones,Electronics,3117.5,25
2023-07-15,Tablet,Electronics,6657.69,16
2023-07-15,Smart Watch,Electronics,5199.72,20
2023-07-15,T-Shirt,Clothing,1272.57,53
2023-07-15,Jeans,Clothing,2909.21,50
2023-07-15,Jacket,Clothing,1865.47,20
2023-07-15,Sneakers,Clothing,2383.91,31
2023-07-15,Dress,Clothing,1144.92,16
2023-07-15,Blender,Home & Kitchen,1267.91,25
2023-07-15,Coffee Maker,Home & Kitchen,1397.89,17
2023-07-15,Cookware Set,Home & Kitchen,1036.86,8
2023-07-15,Vacuum Cleaner,Home & Kitchen,1428.91,7
2023-07-15,Air Fryer,Home & Kitchen,1191.62,13
2023-07-15,Shampoo,Beauty,419.16,37
2023-07-15,Moisturizer,Beauty,1031.09,40
2023-07-15,Lipstick,Beauty,741.87,43
2023-07-15,Perfume,Beauty,845.48,14
2023-07-15,Face Serum,Beauty,840.82,20
2023-07-16,Laptop,Electronics,7669.57,9
2023-07-16,Smartphone,Electronics,13534.49,22
2023-07-16,Headphones,Electronics,2915.81,24
2023-07-16,Tablet,Electronics,5572.85,14
2023-07-16,Smart Watch,Electronics,5963.26,23
2023-07-16,T-Shirt,Clothing,1424.47,62
2023-07-16,Jeans,Clothing,2550.16,43
2023-07-16,Jacket,Clothing,1658.51,18
2023-07-16,Sneakers,Clothing,2113.36,26
2023-07-16,Dress,Clothing,1667.73,25
2023-07-16,Blender,Home & Kitchen,823.46,18
2023-07-16,Coffee Maker,Home & Kitchen,741.37,10
2023-07-16,Cookware Set,Home & Kitchen,1302.7,10
2023-07-16,Vacuum Cleaner,Home & Kitchen,1310.67,7
2023-07-16,Air Fryer,Home & Kitchen,1667.9,19
2023-07-16,Shampoo,Beauty,402.34,36
2023-07-16,Moisturizer,Beauty,1010.83,36
2023-07-16,Lipstick,Beauty,729.32,41
2023-07-16,Perfume,Beauty,796.68,12
2023-07-16,Face Serum,Beauty,777.97,18
2023-07-17,Laptop,Electronics,10258.87,11
2023-07-17,Smartphone,Electronics,11352.4,18
2023-07-17,Headphones,Electronics,3087.17,23
2023-07-17,Tablet,Electronics,3255.46,8
2023-07-17,Smart Watch,Electronics,4674.03,18
2023-07-17,T-Shirt,Clothing,821.38,34
2023-07-17,Jeans,Clothing,1265.01,23
2023-07-17,Jacket,Clothing,1155.31,14
2023-07-17,Sneakers,Clothing,1777.68,24
2023-07-17,Dress,Clothing,786.76,12
2023-07-17,Blender,Home & Kitchen,972.86,20
2023-07-17,Coffee Maker,Home & Kitchen,981.96,13
2023-07-17,Cookware Set,Home & Kitchen,1316.88,10
2023-07-17,Vacuum Cleaner,Home & Kitchen,1183.15,6
2023-07-17,Air Fryer,Home & Kitchen,1557.2,17
2023-07-17,Shampoo,Beauty,288.58,23
2023-07-17,Moisturizer,Beauty,874.94,31
2023-07-17,Lipstick,Beauty,712.31,43
2023-07-17,Perfume,Beauty,861.32,13
2023-07-17,Face Serum,Beauty,849.39,21
2023-07-18,Laptop,Electronics,6799.23,8
2023-07-18,Smartphone,Electronics,10832.21,16
2023-07-18,Headphones,Electronics,2701.35,22
2023-07-18,Tablet,Electronics,6194.47,16
2023-07-18,Smart Watch,Electronics,5464.7,21
2023-07-18,T-Shirt,Clothing,813.43,34
2023-07-18,Jeans,Clothing,1934.15,33
2023-07-18,Jacket,Clothing,1310.28,16
2023-07-18,Sneakers,Clothing,1002.18,13
2023-07-18,Dress,Clothing,834.98,13
2023-07-18,Blender,Home & Kitchen,923.3,20
2023-07-18,Coffee Maker,Home & Kitchen,1057.02,13
2023-07-18,Cookware Set,Home & Kitchen,1342.95,10
2023-07-18,Vacuum Cleaner,Home & Kitchen,1612.66,8
2023-07-18,Air Fryer,Home & Kitchen,970.63,11
2023-07-18,Shampoo,Beauty,384.56,33
2023-07-18,Moisturizer,Beauty,1075.53,37
2023-07-18,Lipstick,Beauty,750.0,40
2023-07-18,Perfume,Beauty,582.09,9
2023-07-18,Face Serum,Beauty,637.72,15
2023-07-19,Laptop,Electronics,7220.92,8
2023-07-19,Smartphone,Electronics,9001.81,14
2023-07-19,Headphones,Electronics,3226.39,24
2023-07-19,Tablet,Electronics,3736.93,10
2023-07-19,Smart Watch,Electronics,3963.48,17
2023-07-19,T-Shirt,Clothing,1123.38,48
2023-07-19,Jeans,Clothing,1624.63,29
2023-07-19,Jacket,Clothing,1772.19,19
2023-07-19,Sneakers,Clothing,1673.72,23
2023-07-19,Dress,Clothing,1445.13,20
2023-07-19,Blender,Home & Kitchen,603.47,13
2023-07-19,Coffee Maker,Home & Kitchen,661.23,9
2023-07-19,Cookware Set,Home & Kitchen,1207.92,10
2023-07-19,Vacuum Cleaner,Home & Kitchen,1244.32,6
2023-07-19,Air Fryer,Home & Kitchen,1134.04,13
2023-07-19,Shampoo,Beauty,381.78,33
2023-07-19,Moisturizer,Beauty,1149.09,43
2023-07-19,Lipstick,Beauty,799.89,48
2023-07-19,Perfume,Beauty,725.45,12
2023-07-19,Face Serum,Beauty,616.63,15
2023-07-20,Laptop,Electronics,7653.09,9
2023-07-20,Smartphone,Electronics,7922.99,12
2023-07-20,Headphones,Electronics,1956.08,15
2023-07-20,Tablet,Electronics,3805.64,10
2023-07-20,Smart Watch,Electronics,3479.42,14
2023-07-20,T-Shirt,Clothing,897.13,39
2023-07-20,Jeans,Clothing,1661.58,27
2023-07-20,Jacket,Clothing,2083.7,25
2023-07-20,Sneakers,Clothing,1887.86,24
2023-07-20,Dress,Clothing,737.47,11
2023-07-20,Blender,Home & Kitchen,617.2,13
2023-07-20,Coffee Maker,Home & Kitchen,799.77,10
2023-07-20,Cookware Set,Home & Kitchen,1614.18,12
2023-07-20,Vacuum Cleaner,Home & Kitchen,969.65,5
2023-07-20,Air Fryer,Home & Kitchen,1156.01,13
2023-07-20,Shampoo,Beauty,397.77,33
2023-07-20,Moisturizer,Beauty,1118.25,39
2023-07-20,Lipstick,Beauty,652.26,38
2023-07-20,Perfume,Beauty,773.76,12
2023-07-20,Face Serum,Beauty,728.33,17
2023-07-21,Laptop,Electronics,5160.64,6
2023-07-21,Smartphone,Electronics,9935.82,16
2023-07-21,Headphones,Electronics,3864.69,30
2023-07-21,Tablet,Electronics,5705.16,15
2023-07-21,Smart Watch,Electronics,5116.58,20
2023-07-21,T-Shirt,Clothing,734.08,31
2023-07-21,Jeans,Clothing,1643.14,28
2023-07-21,Jacket,Clothing,1425.58,16
2023-07-21,Sneakers,Clothing,1224.43,15
2023-07-21,Dress,Clothing,787.72,12
2023-07-21,Blender,Home & Kitchen,666.04,14
2023-07-21,Coffee Maker,Home & Kitchen,975.88,13
2023-07-21,Cookware Set,Home & Kitchen,1500.91,12
2023-07-21,Vacuum Cleaner,Home & Kitchen,1406.17,7
2023-07-21,Air Fryer,Home & Kitchen,1431.77,17
2023-07-21,Shampoo,Beauty,464.16,37
2023-07-21,Moisturizer,Beauty,921.22,33
2023-07-21,Lipstick,Beauty,602.52,36
2023-07-21,Perfume,Beauty,715.94,11
2023-07-21,Face Serum,Beauty,582.2,14
2023-07-22,Laptop,Electronics,8568.43,10
2023-07-22,Smartphone,Electronics,12161.37,19
2023-07-22,Headphones,Electronics,3385.07,27
2023-07-22,Tablet,Electronics,4637.69,12
2023-07-22,Smart Watch,Electronics,5982.66,24
2023-07-22,T-Shirt,Clothing,1425.77,59
2023-07-22,Jeans,Clothing,3254.1,59
2023-07-22,Jacket,Clothing,2585.47,28
2023-07-22,Sneakers,Clothing,2531.08,32
2023-07-22,Dress,Clothing,1484.96,22
2023-07-22,Blender,Home & Kitchen,768.74,17
2023-07-22,Coffee Maker,Home & Kitchen,678.07,9
2023-07-22,Cookware Set,Home & Kitchen,989.72,8
2023-07-22,Vacuum Cleaner,Home & Kitchen,966.85,5
2023-07-22,Air Fryer,Home & Kitchen,1071.06,12
2023-07-22,Shampoo,Beauty,409.8,35
2023-07-22,Moisturizer,Beauty,1494.11,53
2023-07-22,Lipstick,Beauty,804.4,47
2023-07-22,Perfume,Beauty,736.99,11
2023-07-22,Face Serum,Beauty,572.64,14
2023-07-23,Laptop,Electronics,7770.4,9
2023-07-23,Smartphone,Electronics,13744.51,22
2023-07-23,Headphones,Electronics,4187.91,34
2023-07-23,Tablet,Electronics,5242.77,13
2023-07-23,Smart Watch,Electronics,6235.46,24
2023-07-23,T-Shirt,Clothing,1550.42,68
2023-07-23,Jeans,Clothing,1840.98,30
2023-07-23,Jacket,Clothing,1844.41,20
2023-07-23,Sneakers,Clothing,3369.53,41
2023-07-23,Dress,Clothing,1667.42,24
2023-07-23,Blender,Home & Kitchen,590.94,13
2023-07-23,Coffee Maker,Home & Kitchen,1160.52,14
2023-07-23,Cookware Set,Home & Kitchen,1076.07,8
2023-07-23,Vacuum Cleaner,Home & Kitchen,1683.74,9
2023-07-23,Air Fryer,Home & Kitchen,1641.73,19
2023-07-23,Shampoo,Beauty,559.47,48
2023-07-23,Moisturizer,Beauty,1250.44,44
2023-07-23,Lipstick,Beauty,872.14,48
2023-07-23,Perfume,Beauty,1060.48,16
2023-07-23,Face Serum,Beauty,650.28,16
2023-07-24,Laptop,Electronics,8314.12,9
2023-07-24,Smartphone,Electronics,9145.69,14
2023-07-24,Headphones,Electronics,2686.9,20
2023-07-24,Tablet,Electronics,5670.11,14
2023-07-24,Smart Watch,Electronics,5386.94,22
2023-07-24,T-Shirt,Clothing,1105.34,44
2023-07-24,Jeans,Clothing,1295.53,23
2023-07-24,Jacket,Clothing,1908.9,22
2023-07-24,Sneakers,Clothing,2547.79,31
2023-07-24,Dress,Clothing,880.34,13
2023-07-24,Blender,Home & Kitchen,666.2,14
2023-07-24,Coffee Maker,Home & Kitchen,885.19,12
2023-07-24,Cookware Set,Home & Kitchen,1254.06,10
2023-07-24,Vacuum Cleaner,Home & Kitchen,1152.71,6
2023-07-24,Air Fryer,Home & Kitchen,2615.76,30
2023-07-24,Shampoo,Beauty,460.31,38
2023-07-24,Moisturizer,Beauty,931.0,33
2023-07-24,Lipstick,Beauty,496.97,30
2023-07-24,Perfume,Beauty,986.33,15
2023-07-24,Face Serum,Beauty,597.55,15
2023-07-25,Laptop,Electronics,9150.07,10
2023-07-25,Smartphone,Electronics,7865.32,12
2023-07-25,Headphones,Electronics,3622.02,29
2023-07-25,Tablet,Electronics,3721.4,9
2023-07-25,Smart Watch,Electronics,5061.9,22
2023-07-25,T-Shirt,Clothing,817.87,36
2023-07-25,Jeans,Clothing,1471.84,24
2023-07-25,Jacket,Clothing,1195.86,14
2023-07-25,Sneakers,Clothing,1680.27,23
2023-07-25,Dress,Clothing,1152.87,18
2023-07-25,Blender,Home & Kitchen,759.04,15
2023-07-25,Coffee Maker,Home & Kitchen,718.76,9
2023-07-25,Cookware Set,Home & Kitchen,1453.31,11
2023-07-25,Vacuum Cleaner,Home & Kitchen,1128.25,6
2023-07-25,Air Fryer,Home & Kitchen,1159.32,14
2023-07-25,Shampoo,Beauty,363.9,32
2023-07-25,Moisturizer,Beauty,1179.74,41
2023-07-25,Lipstick,Beauty,647.38,37
2023-07-25,Perfume,Beauty,856.57,14
2023-07-25,Face Serum,Beauty,803.86,19
2023-07-26,Laptop,Electronics,8318.82,9
2023-07-26,Smartphone,Electronics,10399.67,16
2023-07-26,Headphones,Electronics,2738.57,23
2023-07-26,Tablet,Electronics,4967.6,12
2023-07-26,Smart Watch,Electronics,4593.99,18
2023-07-26,T-Shirt,Clothing,1233.41,52
2023-07-26,Jeans,Clothing,1308.0,22
2023-07-26,Jacket,Clothing,1106.9,12
2023-07-26,Sneakers,Clothing,1637.78,22
2023-07-26,Dress,Clothing,949.58,14
2023-07-26,Blender,Home & Kitchen,680.5,14
2023-07-26,Coffee Maker,Home & Kitchen,1256.45,17
2023-07-26,Cookware Set,Home & Kitchen,1118.58,9
2023-07-26,Vacuum Cleaner,Home & Kitchen,969.98,5
2023-07-26,Air Fryer,Home & Kitchen,1095.42,13
2023-07-26,Shampoo,Beauty,421.11,35
2023-07-26,Moisturizer,Beauty,1135.69,40
2023-07-26,Lipstick,Beauty,508.0,29
2023-07-26,Perfume,Beauty,639.97,10
2023-07-26,Face Serum,Beauty,666.93,17
2023-07-27,Laptop,Electronics,6777.35,8
2023-07-27,Smartphone,Electronics,10867.23,16
2023-07-27,Headphones,Electronics,4154.06,33
2023-07-27,Tablet,Electronics,4821.42,12
2023-07-27,Smart Watch,Electronics,5115.02,21
2023-07-27,T-Shirt,Clothing,1046.68,47
2023-07-27,Jeans,Clothing,1871.3,32
2023-07-27,Jacket,Clothing,1585.24,17
2023-07-27,Sneakers,Clothing,1245.66,16
2023-07-27,Dress,Clothing,1100.11,16
2023-07-27,Blender,Home & Kitchen,918.35,18
2023-07-27,Coffee Maker,Home & Kitchen,1119.31,15
2023-07-27,Cookware Set,Home & Kitchen,934.08,7
2023-07-27,Vacuum Cleaner,Home & Kitchen,1204.92,6
2023-07-27,Air Fryer,Home & Kitchen,1338.75,15
2023-07-27,Shampoo,Beauty,469.5,42
2023-07-27,Moisturizer,Beauty,846.6,29
2023-07-27,Lipstick,Beauty,468.22,27
2023-07-27,Perfume,Beauty,746.01,12
2023-07-27,Face Serum,Beauty,548.87,13
2023-07-28,Laptop,Electronics,6069.9,7
2023-07-28,Smartphone,Electronics,12610.97,19
2023-07-28,Headphones,Electronics,3640.89,27
2023-07-28,Tablet,Electronics,3674.9,10
2023-07-28,Smart Watch,Electronics,5410.38,21
2023-07-28,T-Shirt,Clothing,1076.27,44
2023-07-28,Jeans,Clothing,1495.13,26
2023-07-28,Jacket,Clothing,1390.91,15
2023-07-28,Sneakers,Clothing,1691.08,21
2023-07-28,Dress,Clothing,796.37,12
2023-07-28,Blender,Home & Kitchen,910.47,18
2023-07-28,Coffee Maker,Home & Kitchen,925.64,12
2023-07-28,Cookware Set,Home & Kitchen,1084.79,9
2023-07-28,Vacuum Cleaner,Home & Kitchen,1244.68,6
2023-07-28,Air Fryer,Home & Kitchen,1589.34,19
2023-07-28,Shampoo,Beauty,374.51,33
2023-07-28,Moisturizer,Beauty,964.46,33
2023-07-28,Lipstick,Beauty,579.02,32
2023-07-28,Perfume,Beauty,810.81,12
2023-07-28,Face Serum,Beauty,675.76,16
2023-07-29,Laptop,Electronics,6323.97,7
2023-07-29,Smartphone,Electronics,11969.26,19
2023-07-29,Headphones,Electronics,3695.82,29
2023-07-29,Tablet,Electronics,6635.51,17
2023-07-29,Smart Watch,Electronics,5336.38,22
2023-07-29,T-Shirt,Clothing,1630.37,71
2023-07-29,Jeans,Clothing,3984.21,66
2023-07-29,Jacket,Clothing,2638.82,31
2023-07-29,Sneakers,Clothing,1821.93,25
2023-07-29,Dress,Clothing,1843.34,26
2023-07-29,Blender,Home & Kitchen,950.15,19
2023-07-29,Coffee Maker,Home & Kitchen,988.25,12
2023-07-29,Cookware Set,Home & Kitchen,1452.91,11
2023-07-29,Vacuum Cleaner,Home & Kitchen,1130.61,6
2023-07-29,Air Fryer,Home & Kitchen,1211.79,14
2023-07-29,Shampoo,Beauty,503.33,42
2023-07-29,Moisturizer,Beauty,1053.63,40
2023-07-29,Lipstick,Beauty,768.09,43
2023-07-29,Perfume,Beauty,719.45,12
2023-07-29,Face Serum,Beauty,671.91,17
2023-07-30,Laptop,Electronics,9973.46,11
2023-07-30,Smartphone,Electronics,13547.37,21
2023-07-30,Headphones,Electronics,2960.09,22
2023-07-30,Tablet,Electronics,3820.21,10
2023-07-30,Smart Watch,Electronics,5151.0,21
2023-07-30,T-Shirt,Clothing,1188.78,51
2023-07-30,Jeans,Clothing,2947.35,48
2023-07-30,Jacket,Clothing,2029.73,23
2023-07-30,Sneakers,Clothing,2607.72,33
2023-07-30,Dress,Clothing,2381.27,33
2023-07-30,Blender,Home & Kitchen,918.95,20
2023-07-30,Coffee Maker,Home & Kitchen,729.99,9
2023-07-30,Cookware Set,Home & Kitchen,1181.14,9
2023-07-30,Vacuum Cleaner,Home & Kitchen,1397.83,7
2023-07-30,Air Fryer,Home & Kitchen,1430.69,17
2023-07-30,Shampoo,Beauty,621.85,51
2023-07-30,Moisturizer,Beauty,1674.59,64
2023-07-30,Lipstick,Beauty,857.95,51
2023-07-30,Perfume,Beauty,736.12,12
2023-07-30,Face Serum,Beauty,726.39,18
2023-07-31,Laptop,Electronics,8670.38,10
2023-07-31,Smartphone,Electronics,10560.23,16
2023-07-31,Headphones,Electronics,2754.15,21
2023-07-31,Tablet,Electronics,5182.4,13
2023-07-31,Smart Watch,Electronics,5098.98,20
2023-07-31,T-Shirt,Clothing,810.16,33
2023-07-31,Jeans,Clothing,1486.94,25
2023-07-31,Jacket,Clothing,1109.56,13
2023-07-31,Sneakers,Clothing,977.39,13
2023-07-31,Dress,Clothing,1379.61,21
2023-07-31,Blender,Home & Kitchen,806.2,17
2023-07-31,Coffee Maker,Home & Kitchen,850.91,11
2023-07-31,Cookware Set,Home & Kitchen,1055.97,8
2023-07-31,Vacuum Cleaner,Home & Kitchen,1452.45,7
2023-07-31,Air Fryer,Home & Kitchen,1124.64,13
2023-07-31,Shampoo,Beauty,367.61,31
2023-07-31,Moisturizer,Beauty,908.02,34
2023-07-31,Lipstick,Beauty,710.93,42
2023-07-31,Perfume,Beauty,754.27,12
2023-07-31,Face Serum,Beauty,541.1,14
2023-08-01,Laptop,Electronics,9563.16,11
2023-08-01,Smartphone,Electronics,10144.43,16
2023-08-01,Headphones,Electronics,2716.75,21
2023-08-01,Tablet,Electronics,4062.71,11
2023-08-01,Smart Watch,Electronics,6096.43,25
2023-08-01,T-Shirt,Clothing,1396.0,57
2023-08-01,Jeans,Clothing,1481.53,25
2023-08-01,Jacket,Clothing,1212.81,14
2023-08-01,Sneakers,Clothing,1390.79,19
2023-08-01,Dress,Clothing,1229.8,17
2023-08-01,Blender,Home & Kitchen,907.22,19
2023-08-01,Coffee Maker,Home & Kitchen,1124.67,14
2023-08-01,Cookware Set,Home & Kitchen,1092.63,9
2023-08-01,Vacuum Cleaner,Home & Kitchen,1413.62,7
2023-08-01,Air Fryer,Home & Kitchen,1240.31,15
2023-08-01,Shampoo,Beauty,493.18,41
2023-08-01,Moisturizer,Beauty,1102.02,39
2023-08-01,Lipstick,Beauty,474.77,26
2023-08-01,Perfume,Beauty,713.67,11
2023-08-01,Face Serum,Beauty,719.96,17
2023-08-02,Laptop,Electronics,7495.56,9
2023-08-02,Smartphone,Electronics,11449.23,17
2023-08-02,Headphones,Electronics,3329.51,25
2023-08-02,Tablet,Electronics,4332.85,11
2023-08-02,Smart Watch,Electronics,4744.36,19
2023-08-02,T-Shirt,Clothing,1438.0,61
2023-08-02,Jeans,Clothing,1604.11,28
2023-08-02,Jacket,Clothing,1312.76,16
2023-08-02,Sneakers,Clothing,1822.55,22
2023-08-02,Dress,Clothing,1194.21,18
2023-08-02,Blender,Home & Kitchen,949.93,20
2023-08-02,Coffee Maker,Home & Kitchen,752.24,10
2023-08-02,Cookware Set,Home & Kitchen,1553.93,12
2023-08-02,Vacuum Cleaner,Home & Kitchen,1661.0,8
2023-08-02,Air Fryer,Home & Kitchen,1582.03,19
2023-08-02,Shampoo,Beauty,306.84,27
2023-08-02,Moisturizer,Beauty,1101.89,40
2023-08-02,Lipstick,Beauty,438.9,25
2023-08-02,Perfume,Beauty,559.39,9
2023-08-02,Face Serum,Beauty,698.93,16
2023-08-03,Laptop,Electronics,5422.87,6
2023-08-03,Smartphone,Electronics,9172.73,14
2023-08-03,Headphones,Electronics,2538.26,19
2023-08-03,Tablet,Electronics,4622.56,12
2023-08-03,Smart Watch,Electronics,3759.69,16
2023-08-03,T-Shirt,Clothing,1095.95,45
2023-08-03,Jeans,Clothing,1783.09,30
2023-08-03,Jacket,Clothing,1708.22,19
2023-08-03,Sneakers,Clothing,1736.38,22
2023-08-03,Dress,Clothing,1139.9,16
2023-08-03,Blender,Home & Kitchen,596.59,13
2023-08-03,Coffee Maker,Home & Kitchen,828.46,11
2023-08-03,Cookware Set,Home & Kitchen,1192.67,9
2023-08-03,Vacuum Cleaner,Home & Kitchen,1340.71,7
2023-08-03,Air Fryer,Home & Kitchen,1152.04,14
2023-08-03,Shampoo,Beauty,354.12,30
2023-08-03,Moisturizer,Beauty,947.27,35
2023-08-03,Lipstick,Beauty,538.37,32
2023-08-03,Perfume,Beauty,579.99,9
2023-08-03,Face Serum,Beauty,688.78,17
2023-08-04,Laptop,Electronics,8761.69,10
2023-08-04,Smartphone,Electronics,9605.75,16
2023-08-04,Headphones,Electronics,2615.6,21
2023-08-04,Tablet,Electronics,3364.99,9
2023-08-04,Smart Watch,Electronics,4540.43,18
2023-08-04,T-Shirt,Clothing,975.19,44
2023-08-04,Jeans,Clothing,1258.34,23
2023-08-04,Jacket,Clothing,1399.75,17
2023-08-04,Sneakers,Clothing,1943.57,25
2023-08-04,Dress,Clothing,772.35,11
2023-08-04,Blender,Home & Kitchen,866.57,17
2023-08-04,Coffee Maker,Home & Kitchen,763.69,10
2023-08-04,Cookware Set,Home & Kitchen,1122.94,9
2023-08-04,Vacuum Cleaner,Home & Kitchen,1771.35,9
2023-08-04,Air Fryer,Home & Kitchen,1224.14,14
2023-08-04,Shampoo,Beauty,378.43,33
2023-08-04,Moisturizer,Beauty,998.26,37
2023-08-04,Lipstick,Beauty,559.75,31
2023-08-04,Perfume,Beauty,653.77,10
2023-08-04,Face Serum,Beauty,638.93,15
2023-08-05,Laptop,Electronics,9614.01,11
2023-08-05,Smartphone,Electronics,14725.72,22
2023-08-05,Headphones,Electronics,3451.3,27
2023-08-05,Tablet,Electronics,6605.35,17
2023-08-05,Smart Watch,Electronics,5374.24,21
2023-08-05,T-Shirt,Clothing,1597.59,70
2023-08-05,Jeans,Clothing,2444.37,44
2023-08-05,Jacket,Clothing,2186.95,26
2023-08-05,Sneakers,Clothing,3022.67,41
2023-08-05,Dress,Clothing,1597.34,23
2023-08-05,Blender,Home & Kitchen,859.76,18
2023-08-05,Coffee Maker,Home & Kitchen,1241.86,15
2023-08-05,Cookware Set,Home & Kitchen,1080.05,9
2023-08-05,Vacuum Cleaner,Home & Kitchen,1248.81,6
2023-08-05,Air Fryer,Home & Kitchen,1449.38,16
2023-08-05,Shampoo,Beauty,373.57,33
2023-08-05,Moisturizer,Beauty,917.28,32
2023-08-05,Lipstick,Beauty,410.77,24
2023-08-05,Perfume,Beauty,489.02,8
2023-08-05,Face Serum,Beauty,480.2,12
2023-08-06,Laptop,Electronics,10249.08,12
2023-08-06,Smartphone,Electronics,9137.83,14
2023-08-06,Headphones,Electronics,3177.88,24
2023-08-06,Tablet,Electronics,5348.62,13
2023-08-06,Smart Watch,Electronics,6329.36,25
2023-08-06,T-Shirt,Clothing,1866.46,78
2023-08-06,Jeans,Clothing,2178.71,37
2023-08-06,Jacket,Clothing,2338.48,27
2023-08-06,Sneakers,Clothing,2342.26,31
2023-08-06,Dress,Clothing,1569.27,24
2023-08-06,Blender,Home & Kitchen,874.48,18
2023-08-06,Coffee Maker,Home & Kitchen,1050.12,13
2023-08-06,Cookware Set,Home & Kitchen,1201.0,9
2023-08-06,Vacuum Cleaner,Home & Kitchen,1878.74,9
2023-08-06,Air Fryer,Home & Kitchen,2046.38,22
2023-08-06,Shampoo,Beauty,426.56,37
2023-08-06,Moisturizer,Beauty,1632.74,57
2023-08-06,Lipstick,Beauty,597.03,32
2023-08-06,Perfume,Beauty,694.99,11
2023-08-06,Face Serum,Beauty,682.69,16
2023-08-07,Laptop,Electronics,7435.52,8
2023-08-07,Smartphone,Electronics,12878.45,19
2023-08-07,Headphones,Electronics,3096.2,23
2023-08-07,Tablet,Electronics,3563.1,9
2023-08-07,Smart Watch,Electronics,4206.93,17
2023-08-07,T-Shirt,Clothing,960.39,43
2023-08-07,Jeans,Clothing,1736.76,29
2023-08-07,Jacket,Clothing,1348.72,15
2023-08-07,Sneakers,Clothing,1333.64,18
2023-08-07,Dress,Clothing,1101.66,16
2023-08-07,Blender,Home & Kitchen,831.0,17
2023-08-07,Coffee Maker,Home & Kitchen,1023.81,13
2023-08-07,Cookware Set,Home & Kitchen,1080.45,8
2023-08-07,Vacuum Cleaner,Home & Kitchen,1308.71,7
2023-08-07,Air Fryer,Home & Kitchen,1243.1,14
2023-08-07,Shampoo,Beauty,351.15,31
2023-08-07,Moisturizer,Beauty,965.0,33
2023-08-07,Lipstick,Beauty,511.32,30
2023-08-07,Perfume,Beauty,504.59,8
2023-08-07,Face Serum,Beauty,502.73,12
2023-08-08,Laptop,Electronics,7058.86,8
2023-08-08,Smartphone,Electronics,9470.28,15
2023-08-08,Headphones,Electronics,3109.27,24
2023-08-08,Tablet,Electronics,4949.44,12
2023-08-08,Smart Watch,Electronics,4574.42,18
2023-08-08,T-Shirt,Clothing,1128.44,49
2023-08-08,Jeans,Clothing,1668.11,28
2023-08-08,Jacket,Clothing,1624.18,18
2023-08-08,Sneakers,Clothing,1979.86,25
2023-08-08,Dress,Clothing,1019.43,15
2023-08-08,Blender,Home & Kitchen,862.3,19
2023-08-08,Coffee Maker,Home & Kitchen,725.93,9
2023-08-08,Cookware Set,Home & Kitchen,1186.39,9
2023-08-08,Vacuum Cleaner,Home & Kitchen,1620.27,8
2023-08-08,Air Fryer,Home & Kitchen,1901.55,22
2023-08-08,Shampoo,Beauty,308.14,27
2023-08-08,Moisturizer,Beauty,834.61,31
2023-08-08,Lipstick,Beauty,425.04,25
2023-08-08,Perfume,Beauty,597.82,9
2023-08-08,Face Serum,Beauty,744.84,17
2023-08-09,Laptop,Electronics,7871.63,9
2023-08-09,Smartphone,Electronics,12054.48,19
2023-08-09,Headphones,Electronics,2247.49,18
2023-08-09,Tablet,Electronics,4392.0,11
2023-08-09,Smart Watch,Electronics,4131.7,17
2023-08-09,T-Shirt,Clothing,1021.26,43
2023-08-09,Jeans,Clothing,1584.28,26
2023-08-09,Jacket,Clothing,1212.78,14
2023-08-09,Sneakers,Clothing,1891.55,26
2023-08-09,Dress,Clothing,944.01,14
2023-08-09,Blender,Home & Kitchen,747.74,15
2023-08-09,Coffee Maker,Home & Kitchen,1148.74,15
2023-08-09,Cookware Set,Home & Kitchen,902.43,7
2023-08-09,Vacuum Cleaner,Home & Kitchen,1307.16,7
2023-08-09,Air Fryer,Home & Kitchen,1551.19,17
2023-08-09,Shampoo,Beauty,489.33,43
2023-08-09,Moisturizer,Beauty,957.31,35
2023-08-09,Lipstick,Beauty,557.16,33
2023-08-09,Perfume,Beauty,664.21,11
2023-08-09,Face Serum,Beauty,601.04,14
2023-08-10,Laptop,Electronics,4999.85,6
2023-08-10,Smartphone,Electronics,12698.62,20
2023-08-10,Headphones,Electronics,3214.36,26
2023-08-10,Tablet,Electronics,4225.97,11
2023-08-10,Smart Watch,Electronics,3666.71,15
2023-08-10,T-Shirt,Clothing,725.41,30
2023-08-10,Jeans,Clothing,1628.96,30
2023-08-10,Jacket,Clothing,1016.4,12
2023-08-10,Sneakers,Clothing,1678.62,21
2023-08-10,Dress,Clothing,935.02,14
2023-08-10,Blender,Home & Kitchen,724.5,15
2023-08-10,Coffee Maker,Home & Kitchen,1148.78,14
2023-08-10,Cookware Set,Home & Kitchen,1065.62,8
2023-08-10,Vacuum Cleaner,Home & Kitchen,1431.4,7
2023-08-10,Air Fryer,Home & Kitchen,1109.28,13
2023-08-10,Shampoo,Beauty,388.13,35
2023-08-10,Moisturizer,Beauty,964.56,34
2023-08-10,Lipstick,Beauty,534.18,30
2023-08-10,Perfume,Beauty,717.17,11
2023-08-10,Face Serum,Beauty,460.89,11
2023-08-11,Laptop,Electronics,5159.51,6
2023-08-11,Smartphone,Electronics,7797.03,13
2023-08-11,Headphones,Electronics,3203.33,24
2023-08-11,Tablet,Electronics,4118.52,11
2023-08-11,Smart Watch,Electronics,2672.35,11
2023-08-11,T-Shirt,Clothing,1185.06,48
2023-08-11,Jeans,Clothing,2346.22,38
2023-08-11,Jacket,Clothing,1471.81,16
2023-08-11,Sneakers,Clothing,2097.94,27
2023-08-11,Dress,Clothing,1080.51,17
2023-08-11,Blender,Home & Kitchen,962.5,21
2023-08-11,Coffee Maker,Home & Kitchen,1117.59,14
2023-08-11,Cookware Set,Home & Kitchen,1009.64,8
2023-08-11,Vacuum Cleaner,Home & Kitchen,1648.78,8
2023-08-11,Air Fryer,Home & Kitchen,1304.12,14
2023-08-11,Shampoo,Beauty,542.47,45
2023-08-11,Moisturizer,Beauty,878.8,31
2023-08-11,Lipstick,Beauty,552.63,32
2023-08-11,Perfume,Beauty,877.21,13
2023-08-11,Face Serum,Beauty,681.39,16
2023-08-12,Laptop,Electronics,7328.08,8
2023-08-12,Smartphone,Electronics,8985.59,15
2023-08-12,Headphones,Electronics,2735.1,22
2023-08-12,Tablet,Electronics,5428.34,14
2023-08-12,Smart Watch,Electronics,5369.08,22
2023-08-12,T-Shirt,Clothing,1368.95,55
2023-08-12,Jeans,Clothing,2738.16,48
2023-08-12,Jacket,Clothing,2494.9,30
2023-08-12,Sneakers,Clothing,2369.23,31
2023-08-12,Dress,Clothing,2053.41,31
2023-08-12,Blender,Home & Kitchen,607.97,13
2023-08-12,Coffee Maker,Home & Kitchen,911.58,11
2023-08-12,Cookware Set,Home & Kitchen,1201.76,10
2023-08-12,Vacuum Cleaner,Home & Kitchen,1241.23,6
2023-08-12,Air Fryer,Home & Kitchen,1647.99,18
2023-08-12,Shampoo,Beauty,577.58,48
2023-08-12,Moisturizer,Beauty,647.03,25
2023-08-12,Lipstick,Beauty,835.44,45
2023-08-12,Perfume,Beauty,766.09,12
2023-08-12,Face Serum,Beauty,595.58,15
2023-08-13,Laptop,Electronics,6082.96,7
2023-08-13,Smartphone,Electronics,14389.69,22
2023-08-13,Headphones,Electronics,2813.05,23
2023-08-13,Tablet,Electronics,5621.27,14
2023-08-13,Smart Watch,Electronics,4555.38,18
2023-08-13,T-Shirt,Clothing,1675.1,68
2023-08-13,Jeans,Clothing,2725.7,50
2023-08-13,Jacket,Clothing,2094.72,24
2023-08-13,Sneakers,Clothing,3029.32,41
2023-08-13,Dress,Clothing,1719.91,27
2023-08-13,Blender,Home & Kitchen,701.64,15
2023-08-13,Coffee Maker,Home & Kitchen,780.89,10
2023-08-13,Cookware Set,Home & Kitchen,1038.28,8
2023-08-13,Vacuum Cleaner,Home & Kitchen,1321.87,7
2023-08-13,Air Fryer,Home & Kitchen,1865.25,21
2023-08-13,Shampoo,Beauty,628.81,54
2023-08-13,Moisturizer,Beauty,1025.19,35
2023-08-13,Lipstick,Beauty,551.09,31
2023-08-13,Perfume,Beauty,856.12,13
2023-08-13,Face Serum,Beauty,809.79,19
2023-08-14,Laptop,Electronics,7916.09,9
2023-08-14,Smartphone,Electronics,12585.39,20
2023-08-14,Headphones,Electronics,2495.95,20
2023-08-14,Tablet,Electronics,3133.55,8
2023-08-14,Smart Watch,Electronics,5385.51,21
2023-08-14,T-Shirt,Clothing,1097.15,46
2023-08-14,Jeans,Clothing,1155.37,19
2023-08-14,Jacket,Clothing,1115.85,12
2023-08-14,Sneakers,Clothing,1220.18,16
2023-08-14,Dress,Clothing,1225.32,17
2023-08-14,Blender,Home & Kitchen,783.47,16
2023-08-14,Coffee Maker,Home & Kitchen,1031.56,13
2023-08-14,Cookware Set,Home & Kitchen,916.95,7
2023-08-14,Vacuum Cleaner,Home & Kitchen,1387.92,7
2023-08-14,Air Fryer,Home & Kitchen,1348.89,15
2023-08-14,Shampoo,Beauty,456.58,38
2023-08-14,Moisturizer,Beauty,788.72,30
2023-08-14,Lipstick,Beauty,487.99,26
2023-08-14,Perfume,Beauty,458.58,7
2023-08-14,Face Serum,Beauty,553.29,13
2023-08-15,Laptop,Electronics,7918.64,9
2023-08-15,Smartphone,Electronics,12132.01,20
2023-08-15,Headphones,Electronics,2366.48,19
2023-08-15,Tablet,Electronics,4175.16,10
2023-08-15,Smart Watch,Electronics,6467.0,25
2023-08-15,T-Shirt,Clothing,1344.93,60
2023-08-15,Jeans,Clothing,1492.55,26
2023-08-15,Jacket,Clothing,1929.85,21
2023-08-15,Sneakers,Clothing,1886.86,24
2023-08-15,Dress,Clothing,1206.78,18
2023-08-15,Blender,Home & Kitchen,550.48,12
2023-08-15,Coffee Maker,Home & Kitchen,757.93,10
2023-08-15,Cookware Set,Home & Kitchen,1170.31,9
2023-08-15,Vacuum Cleaner,Home & Kitchen,1123.34,6
2023-08-15,Air Fryer,Home & Kitchen,1307.9,14
2023-08-15,Shampoo,Beauty,555.2,47
2023-08-15,Moisturizer,Beauty,802.64,31
2023-08-15,Lipstick,Beauty,520.6,31
2023-08-15,Perfume,Beauty,681.13,10
2023-08-15,Face Serum,Beauty,616.26,14
2023-08-16,Laptop,Electronics,5388.9,6
2023-08-16,Smartphone,Electronics,10443.0,16
2023-08-16,Headphones,Electronics,1977.38,16
2023-08-16,Tablet,Electronics,4185.37,11
2023-08-16,Smart Watch,Electronics,3039.54,13
2023-08-16,T-Shirt,Clothing,1073.73,47
2023-08-16,Jeans,Clothing,1394.58,24
2023-08-16,Jacket,Clothing,1395.22,15
2023-08-16,Sneakers,Clothing,1754.85,23
2023-08-16,Dress,Clothing,994.62,14
2023-08-16,Blender,Home & Kitchen,763.72,16
2023-08-16,Coffee Maker,Home & Kitchen,642.66,8
2023-08-16,Cookware Set,Home & Kitchen,1375.73,11
2023-08-16,Vacuum Cleaner,Home & Kitchen,1301.33,7
2023-08-16,Air Fryer,Home & Kitchen,1357.31,15
2023-08-16,Shampoo,Beauty,516.14,41
2023-08-16,Moisturizer,Beauty,948.61,36
2023-08-16,Lipstick,Beauty,329.21,19
2023-08-16,Perfume,Beauty,787.3,12
2023-08-16,Face Serum,Beauty,560.93,13
2023-08-17,Laptop,Electronics,9176.62,10
2023-08-17,Smartphone,Electronics,8820.15,14
2023-08-17,Headphones,Electronics,2771.43,21
2023-08-17,Tablet,Electronics,4556.72,11
2023-08-17,Smart Watch,Electronics,6451.83,27
2023-08-17,T-Shirt,Clothing,1307.44,54
2023-08-17,Jeans,Clothing,1849.53,30
2023-08-17,Jacket,Clothing,1664.24,19
2023-08-17,Sneakers,Clothing,1606.94,21
2023-08-17,Dress,Clothing,1354.07,20
2023-08-17,Blender,Home & Kitchen,932.05,19
2023-08-17,Coffee Maker,Home & Kitchen,676.46,9
2023-08-17,Cookware Set,Home & Kitchen,913.51,7
2023-08-17,Vacuum Cleaner,Home & Kitchen,1431.03,7
2023-08-17,Air Fryer,Home & Kitchen,1057.43,12
2023-08-17,Shampoo,Beauty,396.15,34
2023-08-17,Moisturizer,Beauty,1115.1,38
2023-08-17,Lipstick,Beauty,582.76,32
2023-08-17,Perfume,Beauty,427.52,7
2023-08-17,Face Serum,Beauty,494.46,12
2023-08-18,Laptop,Electronics,7465.07,8
2023-08-18,Smartphone,Electronics,13255.27,22
2023-08-18,Headphones,Electronics,3085.08,23
2023-08-18,Tablet,Electronics,4778.97,12
2023-08-18,Smart Watch,Electronics,5135.8,20
2023-08-18,T-Shirt,Clothing,899.27,39
2023-08-18,Jeans,Clothing,1970.07,32
2023-08-18,Jacket,Clothing,1136.1,13
2023-08-18,Sneakers,Clothing,1864.59,24
2023-08-18,Dress,Clothing,1212.21,17
2023-08-18,Blender,Home & Kitchen,714.85,15
2023-08-18,Coffee Maker,Home & Kitchen,691.58,9
2023-08-18,Cookware Set,Home & Kitchen,1043.81,8
2023-08-18,Vacuum Cleaner,Home & Kitchen,1123.3,6
2023-08-18,Air Fryer,Home & Kitchen,1162.74,14
2023-08-18,Shampoo,Beauty,373.78,31
2023-08-18,Moisturizer,Beauty,830.23,29
2023-08-18,Lipstick,Beauty,376.93,22
2023-08-18,Perfume,Beauty,479.3,8
2023-08-18,Face Serum,Beauty,735.2,17
2023-08-19,Laptop,Electronics,6936.91,8
2023-08-19,Smartphone,Electronics,11091.91,18
2023-08-19,Headphones,Electronics,3196.44,26
2023-08-19,Tablet,Electronics,6015.8,16
2023-08-19,Smart Watch,Electronics,4898.0,19
2023-08-19,T-Shirt,Clothing,1421.18,58
2023-08-19,Jeans,Clothing,2758.09,46
2023-08-19,Jacket,Clothing,2253.13,27
2023-08-19,Sneakers,Clothing,2712.67,35
2023-08-19,Dress,Clothing,1771.88,26
2023-08-19,Blender,Home & Kitchen,953.55,21
2023-08-19,Coffee Maker,Home & Kitchen,790.87,10
2023-08-19,Cookware Set,Home & Kitchen,1250.26,10
2023-08-19,Vacuum Cleaner,Home & Kitchen,1200.41,6
2023-08-19,Air Fryer,Home & Kitchen,954.23,11
2023-08-19,Shampoo,Beauty,501.59,42
2023-08-19,Moisturizer,Beauty,1064.19,41
2023-08-19,Lipstick,Beauty,629.56,34
2023-08-19,Perfume,Beauty,846.63,13
2023-08-19,Face Serum,Beauty,571.51,14
2023-08-20,Laptop,Electronics,9087.02,10
2023-08-20,Smartphone,Electronics,11926.97,18
2023-08-20,Headphones,Electronics,3361.49,27
2023-08-20,Tablet,Electronics,3624.0,9
2023-08-20,Smart Watch,Electronics,6783.43,26
2023-08-20,T-Shirt,Clothing,1725.84,72
2023-08-20,Jeans,Clothing,2651.85,47
2023-08-20,Jacket,Clothing,1961.88,22
2023-08-20,Sneakers,Clothing,2657.04,33
2023-08-20,Dress,Clothing,1604.9,23
2023-08-20,Blender,Home & Kitchen,949.11,19
2023-08-20,Coffee Maker,Home & Kitchen,1063.46,13
2023-08-20,Cookware Set,Home & Kitchen,1694.83,13
2023-08-20,Vacuum Cleaner,Home & Kitchen,1781.28,9
2023-08-20,Air Fryer,Home & Kitchen,1775.28,19
2023-08-20,Shampoo,Beauty,427.85,37
2023-08-20,Moisturizer,Beauty,1125.48,41
2023-08-20,Lipstick,Beauty,566.7,32
2023-08-20,Perfume,Beauty,829.94,13
2023-08-20,Face Serum,Beauty,695.7,16
2023-08-21,Laptop,Electronics,5985.67,7
2023-08-21,Smartphone,Electronics,10403.05,16
2023-08-21,Headphones,Electronics,3710.59,29
2023-08-21,Tablet,Electronics,4866.41,12
2023-08-21,Smart Watch,Electronics,4205.29,17
2023-08-21,T-Shirt,Clothing,1422.56,58
2023-08-21,Jeans,Clothing,1365.71,23
2023-08-21,Jacket,Clothing,1319.34,15
2023-08-21,Sneakers,Clothing,1919.22,24
2023-08-21,Dress,Clothing,746.63,11
2023-08-21,Blender,Home & Kitchen,792.82,16
2023-08-21,Coffee Maker,Home & Kitchen,838.14,11
2023-08-21,Cookware Set,Home & Kitchen,1473.81,12
2023-08-21,Vacuum Cleaner,Home & Kitchen,967.35,5
2023-08-21,Air Fryer,Home & Kitchen,1055.83,12
2023-08-21,Shampoo,Beauty,511.8,46
2023-08-21,Moisturizer,Beauty,862.72,31
2023-08-21,Lipstick,Beauty,647.07,36
2023-08-21,Perfume,Beauty,548.7,9
2023-08-21,Face Serum,Beauty,508.8,12
2023-08-22,Laptop,Electronics,7965.79,9
2023-08-22,Smartphone,Electronics,14223.09,22
2023-08-22,Headphones,Electronics,3817.13,29
2023-08-22,Tablet,Electronics,3434.16,9
2023-08-22,Smart Watch,Electronics,4425.11,18
2023-08-22,T-Shirt,Clothing,881.96,37
2023-08-22,Jeans,Clothing,1432.59,24
2023-08-22,Jacket,Clothing,1351.57,15
2023-08-22,Sneakers,Clothing,1486.81,19
2023-08-22,Dress,Clothing,1051.19,16
2023-08-22,Blender,Home & Kitchen,561.9,11
2023-08-22,Coffee Maker,Home & Kitchen,889.97,11
2023-08-22,Cookware Set,Home & Kitchen,1276.12,10
2023-08-22,Vacuum Cleaner,Home & Kitchen,1318.61,7
2023-08-22,Air Fryer,Home & Kitchen,1418.71,16
2023-08-22,Shampoo,Beauty,471.52,38
2023-08-22,Moisturizer,Beauty,802.69,30
2023-08-22,Lipstick,Beauty,527.61,28
2023-08-22,Perfume,Beauty,1045.52,17
2023-08-22,Face Serum,Beauty,541.8,13
2023-08-23,Laptop,Electronics,7243.4,8
2023-08-23,Smartphone,Electronics,7184.57,12
2023-08-23,Headphones,Electronics,3369.57,27
2023-08-23,Tablet,Electronics,3559.19,9
2023-08-23,Smart Watch,Electronics,4310.76,18
2023-08-23,T-Shirt,Clothing,853.21,34
2023-08-23,Jeans,Clothing,1300.8,21
2023-08-23,Jacket,Clothing,1539.2,17
2023-08-23,Sneakers,Clothing,1585.69,20
2023-08-23,Dress,Clothing,1080.88,15
2023-08-23,Blender,Home & Kitchen,809.32,17
2023-08-23,Coffee Maker,Home & Kitchen,1144.74,14
2023-08-23,Cookware Set,Home & Kitchen,840.4,7
2023-08-23,Vacuum Cleaner,Home & Kitchen,1110.41,6
2023-08-23,Air Fryer,Home & Kitchen,1025.02,11
2023-08-23,Shampoo,Beauty,290.83,24
2023-08-23,Moisturizer,Beauty,925.89,33
2023-08-23,Lipstick,Beauty,429.98,24
2023-08-23,Perfume,Beauty,581.58,9
2023-08-23,Face Serum,Beauty,596.23,14
2023-08-24,Laptop,Electronics,4480.87,5
2023-08-24,Smartphone,Electronics,9891.15,16
2023-08-24,Headphones,Electronics,3405.63,28
2023-08-24,Tablet,Electronics,4542.59,11
2023-08-24,Smart Watch,Electronics,3584.37,15
2023-08-24,T-Shirt,Clothing,1072.37,43
2023-08-24,Jeans,Clothing,1472.14,27
2023-08-24,Jacket,Clothing,1408.84,17
2023-08-24,Sneakers,Clothing,1246.51,16
2023-08-24,Dress,Clothing,920.38,13
2023-08-24,Blender,Home & Kitchen,727.94,15
2023-08-24,Coffee Maker,Home & Kitchen,990.75,12
2023-08-24,Cookware Set,Home & Kitchen,1072.51,8
2023-08-24,Vacuum Cleaner,Home & Kitchen,821.05,4
2023-08-24,Air Fryer,Home & Kitchen,900.66,10
2023-08-24,Shampoo,Beauty,377.35,30
2023-08-24,Moisturizer,Beauty,1204.26,44
2023-08-24,Lipstick,Beauty,556.72,31
2023-08-24,Perfume,Beauty,654.99,10
2023-08-24,Face Serum,Beauty,498.08,12
2023-08-25,Laptop,Electronics,6541.54,7
2023-08-25,Smartphone,Electronics,7151.8,11
2023-08-25,Headphones,Electronics,2422.6,20
2023-08-25,Tablet,Electronics,4245.2,11
2023-08-25,Smart Watch,Electronics,4673.29,19
2023-08-25,T-Shirt,Clothing,943.26,39
2023-08-25,Jeans,Clothing,1422.71,26
2023-08-25,Jacket,Clothing,1520.44,17
2023-08-25,Sneakers,Clothing,1353.67,18
2023-08-25,Dress,Clothing,1090.7,17
2023-08-25,Blender,Home & Kitchen,779.4,17
2023-08-25,Coffee Maker,Home & Kitchen,769.7,10
2023-08-25,Cookware Set,Home & Kitchen,836.89,7
2023-08-25,Vacuum Cleaner,Home & Kitchen,1120.97,6
2023-08-25,Air Fryer,Home & Kitchen,1082.48,13
2023-08-25,Shampoo,Beauty,352.42,29
2023-08-25,Moisturizer,Beauty,637.86,24
2023-08-25,Lipstick,Beauty,682.82,37
2023-08-25,Perfume,Beauty,750.67,12
2023-08-25,Face Serum,Beauty,557.21,13
2023-08-26,Laptop,Electronics,8205.66,9
2023-08-26,Smartphone,Electronics,13482.62,20
2023-08-26,Headphones,Electronics,3427.72,27
2023-08-26,Tablet,Electronics,5005.3,13
2023-08-26,Smart Watch,Electronics,5918.17,24
2023-08-26,T-Shirt,Clothing,1542.86,68
2023-08-26,Jeans,Clothing,2692.48,47
2023-08-26,Jacket,Clothing,2134.39,23
2023-08-26,Sneakers,Clothing,2421.19,31
2023-08-26,Dress,Clothing,2537.13,38
2023-08-26,Blender,Home & Kitchen,1039.64,21
2023-08-26,Coffee Maker,Home & Kitchen,901.05,12
2023-08-26,Cookware Set,Home & Kitchen,1008.17,8
2023-08-26,Vacuum Cleaner,Home & Kitchen,1389.37,7
2023-08-26,Air Fryer,Home & Kitchen,1508.82,18
2023-08-26,Shampoo,Beauty,538.43,43
2023-08-26,Moisturizer,Beauty,772.64,27
2023-08-26,Lipstick,Beauty,427.15,25
2023-08-26,Perfume,Beauty,542.57,8
2023-08-26,Face Serum,Beauty,730.12,17
2023-08-27,Laptop,Electronics,5978.9,7
2023-08-27,Smartphone,Electronics,9772.23,15
2023-08-27,Headphones,Electronics,3463.0,27
2023-08-27,Tablet,Electronics,5981.16,15
2023-08-27,Smart Watch,Electronics,6060.46,24
2023-08-27,T-Shirt,Clothing,1566.92,63
2023-08-27,Jeans,Clothing,2923.34,48
2023-08-27,Jacket,Clothing,3299.9,38
2023-08-27,Sneakers,Clothing,2316.82,31
2023-08-27,Dress,Clothing,1350.94,19
2023-08-27,Blender,Home & Kitchen,691.78,15
2023-08-27,Coffee Maker,Home & Kitchen,770.51,10
2023-08-27,Cookware Set,Home & Kitchen,1074.37,8
2023-08-27,Vacuum Cleaner,Home & Kitchen,1154.51,6
2023-08-27,Air Fryer,Home & Kitchen,1358.95,16
2023-08-27,Shampoo,Beauty,334.76,30
2023-08-27,Moisturizer,Beauty,878.26,30
2023-08-27,Lipstick,Beauty,688.11,37
2023-08-27,Perfume,Beauty,679.68,10
2023-08-27,Face Serum,Beauty,581.81,14
2023-08-28,Laptop,Electronics,5878.95,7
2023-08-28,Smartphone,Electronics,12467.52,19
2023-08-28,Headphones,Electronics,3262.72,26
2023-08-28,Tablet,Electronics,4053.73,11
2023-08-28,Smart Watch,Electronics,5723.14,24
2023-08-28,T-Shirt,Clothing,994.37,45
2023-08-28,Jeans,Clothing,2253.33,37
2023-08-28,Jacket,Clothing,2007.39,24
2023-08-28,Sneakers,Clothing,1193.39,16
2023-08-28,Dress,Clothing,704.01,11
2023-08-28,Blender,Home & Kitchen,617.74,13
2023-08-28,Coffee Maker,Home & Kitchen,1078.59,14
2023-08-28,Cookware Set,Home & Kitchen,978.99,8
2023-08-28,Vacuum Cleaner,Home & Kitchen,1116.37,6
2023-08-28,Air Fryer,Home & Kitchen,1361.87,16
2023-08-28,Shampoo,Beauty,325.91,29
2023-08-28,Moisturizer,Beauty,961.09,33
2023-08-28,Lipstick,Beauty,575.79,32
2023-08-28,Perfume,Beauty,505.73,8
2023-08-28,Face Serum,Beauty,473.0,11
2023-08-29,Laptop,Electronics,6188.62,7
2023-08-29,Smartphone,Electronics,9065.33,15
2023-08-29,Headphones,Electronics,3089.15,26
2023-08-29,Tablet,Electronics,5856.73,14
2023-08-29,Smart Watch,Electronics,3616.46,15
2023-08-29,T-Shirt,Clothing,934.44,38
2023-08-29,Jeans,Clothing,2135.71,38
2023-08-29,Jacket,Clothing,1855.09,20
2023-08-29,Sneakers,Clothing,1454.44,19
2023-08-29,Dress,Clothing,1236.15,19
2023-08-29,Blender,Home & Kitchen,634.88,13
2023-08-29,Coffee Maker,Home & Kitchen,819.86,11
2023-08-29,Cookware Set,Home & Kitchen,648.7,5
2023-08-29,Vacuum Cleaner,Home & Kitchen,1158.05,6
2023-08-29,Air Fryer,Home & Kitchen,1161.21,13
2023-08-29,Shampoo,Beauty,380.58,31
2023-08-29,Moisturizer,Beauty,1044.54,36
2023-08-29,Lipstick,Beauty,573.64,34
2023-08-29,Perfume,Beauty,538.68,8
2023-08-29,Face Serum,Beauty,426.25,11
2023-08-30,Laptop,Electronics,5269.91,6
2023-08-30,Smartphone,Electronics,6638.87,11
2023-08-30,Headphones,Electronics,4004.4,30
2023-08-30,Tablet,Electronics,4458.2,11
2023-08-30,Smart Watch,Electronics,4630.91,19
2023-08-30,T-Shirt,Clothing,891.55,39
2023-08-30,Jeans,Clothing,1430.37,24
2023-08-30,Jacket,Clothing,1724.13,20
2023-08-30,Sneakers,Clothing,1201.37,15
2023-08-30,Dress,Clothing,986.38,14
2023-08-30,Blender,Home & Kitchen,916.66,20
2023-08-30,Coffee Maker,Home & Kitchen,798.01,10
2023-08-30,Cookware Set,Home & Kitchen,1217.16,10
2023-08-30,Vacuum Cleaner,Home & Kitchen,1201.05,6
2023-08-30,Air Fryer,Home & Kitchen,790.75,9
2023-08-30,Shampoo,Beauty,363.99,32
2023-08-30,Moisturizer,Beauty,849.52,32
2023-08-30,Lipstick,Beauty,462.08,27
2023-08-30,Perfume,Beauty,420.68,7
2023-08-30,Face Serum,Beauty,515.92,13
2023-08-31,Laptop,Electronics,4145.71,5
2023-08-31,Smartphone,Electronics,8427.83,14
2023-08-31,Headphones,Electronics,3106.86,26
2023-08-31,Tablet,Electronics,5236.25,13
2023-08-31,Smart Watch,Electronics,5435.87,23
2023-08-31,T-Shirt,Clothing,848.18,35
2023-08-31,Jeans,Clothing,1210.87,21
2023-08-31,Jacket,Clothing,1453.11,17
2023-08-31,Sneakers,Clothing,1582.92,20
2023-08-31,Dress,Clothing,1226.61,17
2023-08-31,Blender,Home & Kitchen,633.5,14
2023-08-31,Coffee Maker,Home & Kitchen,844.62,11
2023-08-31,Cookware Set,Home & Kitchen,1059.42,8
2023-08-31,Vacuum Cleaner,Home & Kitchen,1181.33,6
2023-08-31,Air Fryer,Home & Kitchen,863.44,10
2023-08-31,Shampoo,Beauty,460.98,37
2023-08-31,Moisturizer,Beauty,945.47,33
2023-08-31,Lipstick,Beauty,601.3,33
2023-08-31,Perfume,Beauty,736.77,11
2023-08-31,Face Serum,Beauty,514.41,13
2023-09-01,Laptop,Electronics,7411.86,8
2023-09-01,Smartphone,Electronics,12945.38,20
2023-09-01,Headphones,Electronics,3896.82,32
2023-09-01,Tablet,Electronics,4157.74,11
2023-09-01,Smart Watch,Electronics,4865.95,19
2023-09-01,T-Shirt,Clothing,1046.74,45
2023-09-01,Jeans,Clothing,1630.64,29
2023-09-01,Jacket,Clothing,1720.99,20
2023-09-01,Sneakers,Clothing,1549.09,21
2023-09-01,Dress,Clothing,1457.24,21
2023-09-01,Blender,Home & Kitchen,1016.04,21
2023-09-01,Coffee Maker,Home & Kitchen,816.78,11
2023-09-01,Cookware Set,Home & Kitchen,1077.17,9
2023-09-01,Vacuum Cleaner,Home & Kitchen,1107.49,6
2023-09-01,Air Fryer,Home & Kitchen,1228.3,15
2023-09-01,Shampoo,Beauty,338.98,30
2023-09-01,Moisturizer,Beauty,751.68,29
2023-09-01,Lipstick,Beauty,560.99,31
2023-09-01,Perfume,Beauty,439.76,7
2023-09-01,Face Serum,Beauty,693.54,16
2023-09-02,Laptop,Electronics,8683.87,10
2023-09-02,Smartphone,Electronics,14578.26,24
2023-09-02,Headphones,Electronics,3609.93,29
2023-09-02,Tablet,Electronics,5767.99,14
2023-09-02,Smart Watch,Electronics,3557.77,14
2023-09-02,T-Shirt,Clothing,1920.01,77
2023-09-02,Jeans,Clothing,2965.35,51
2023-09-02,Jacket,Clothing,2491.18,27
2023-09-02,Sneakers,Clothing,2272.32,28
2023-09-02,Dress,Clothing,1765.66,25
2023-09-02,Blender,Home & Kitchen,1018.93,20
2023-09-02,Coffee Maker,Home & Kitchen,1046.58,14
2023-09-02,Cookware Set,Home & Kitchen,889.62,7
2023-09-02,Vacuum Cleaner,Home & Kitchen,2215.51,11
2023-09-02,Air Fryer,Home & Kitchen,1273.91,14
2023-09-02,Shampoo,Beauty,532.34,43
2023-09-02,Moisturizer,Beauty,1319.19,47
2023-09-02,Lipstick,Beauty,565.99,33
2023-09-02,Perfume,Beauty,810.95,13
2023-09-02,Face Serum,Beauty,490.73,12
2023-09-03,Laptop,Electronics,5587.47,6
2023-09-03,Smartphone,Electronics,14769.23,23
2023-09-03,Headphones,Electronics,3938.99,33
2023-09-03,Tablet,Electronics,7932.15,19
2023-09-03,Smart Watch,Electronics,5293.83,23
2023-09-03,T-Shirt,Clothing,1846.0,78
2023-09-03,Jeans,Clothing,3332.08,56
2023-09-03,Jacket,Clothing,2780.28,33
2023-09-03,Sneakers,Clothing,2270.17,30
2023-09-03,Dress,Clothing,1582.24,24
2023-09-03,Blender,Home & Kitchen,793.25,16
2023-09-03,Coffee Maker,Home & Kitchen,825.39,11
2023-09-03,Cookware Set,Home & Kitchen,1411.19,11
2023-09-03,Vacuum Cleaner,Home & Kitchen,1287.98,7
2023-09-03,Air Fryer,Home & Kitchen,1439.38,17
2023-09-03,Shampoo,Beauty,440.16,37
2023-09-03,Moisturizer,Beauty,1087.04,37
2023-09-03,Lipstick,Beauty,513.25,29
2023-09-03,Perfume,Beauty,765.93,12
2023-09-03,Face Serum,Beauty,472.48,12
2023-09-04,Laptop,Electronics,8662.94,10
2023-09-04,Smartphone,Electronics,15877.16,25
2023-09-04,Headphones,Electronics,3376.39,25
2023-09-04,Tablet,Electronics,4043.63,11
2023-09-04,Smart Watch,Electronics,3737.42,15
2023-09-04,T-Shirt,Clothing,1020.97,43
2023-09-04,Jeans,Clothing,1925.05,35
2023-09-04,Jacket,Clothing,1972.84,23
2023-09-04,Sneakers,Clothing,1697.79,23
2023-09-04,Dress,Clothing,1420.38,20
2023-09-04,Blender,Home & Kitchen,688.23,15
2023-09-04,Coffee Maker,Home & Kitchen,946.43,13
2023-09-04,Cookware Set,Home & Kitchen,1544.58,12
2023-09-04,Vacuum Cleaner,Home & Kitchen,1663.11,8
2023-09-04,Air Fryer,Home & Kitchen,1917.32,21
2023-09-04,Shampoo,Beauty,566.56,49
2023-09-04,Moisturizer,Beauty,1026.83,38
2023-09-04,Lipstick,Beauty,303.98,18
2023-09-04,Perfume,Beauty,762.9,12
2023-09-04,Face Serum,Beauty,474.51,12
2023-09-05,Laptop,Electronics,4416.42,5
2023-09-05,Smartphone,Electronics,7885.05,12
2023-09-05,Headphones,Electronics,3698.14,31
2023-09-05,Tablet,Electronics,4502.77,12
2023-09-05,Smart Watch,Electronics,5215.63,20
2023-09-05,T-Shirt,Clothing,1222.97,53
2023-09-05,Jeans,Clothing,1221.89,21
2023-09-05,Jacket,Clothing,1507.51,18
2023-09-05,Sneakers,Clothing,1401.05,19
2023-09-05,Dress,Clothing,1199.98,17
2023-09-05,Blender,Home & Kitchen,894.58,18
2023-09-05,Coffee Maker,Home & Kitchen,982.86,13
2023-09-05,Cookware Set,Home & Kitchen,1489.29,11
2023-09-05,Vacuum Cleaner,Home & Kitchen,932.11,5
2023-09-05,Air Fryer,Home & Kitchen,1256.3,15
2023-09-05,Shampoo,Beauty,433.97,36
2023-09-05,Moisturizer,Beauty,797.86,28
2023-09-05,Lipstick,Beauty,403.65,24
2023-09-05,Perfume,Beauty,471.63,7
2023-09-05,Face Serum,Beauty,497.93,12
2023-09-06,Laptop,Electronics,7459.43,9
2023-09-06,Smartphone,Electronics,7831.86,12
2023-09-06,Headphones,Electronics,2405.08,19
2023-09-06,Tablet,Electronics,4282.26,11
2023-09-06,Smart Watch,Electronics,5290.22,21
2023-09-06,T-Shirt,Clothing,1041.17,47
2023-09-06,Jeans,Clothing,1378.68,24
2023-09-06,Jacket,Clothing,1258.23,15
2023-09-06,Sneakers,Clothing,1686.64,22
2023-09-06,Dress,Clothing,2093.7,29
2023-09-06,Blender,Home & Kitchen,818.78,17
2023-09-06,Coffee Maker,Home & Kitchen,807.43,11
2023-09-06,Cookware Set,Home & Kitchen,1475.99,11
2023-09-06,Vacuum Cleaner,Home & Kitchen,1455.42,7
2023-09-06,Air Fryer,Home & Kitchen,997.23,12
2023-09-06,Shampoo,Beauty,411.03,33
2023-09-06,Moisturizer,Beauty,1089.56,38
2023-09-06,Lipstick,Beauty,549.14,30
2023-09-06,Perfume,Beauty,674.07,11
2023-09-06,Face Serum,Beauty,723.13,17
2023-09-07,Laptop,Electronics,6827.44,8
2023-09-07,Smartphone,Electronics,10845.5,16
2023-09-07,Headphones,Electronics,3041.77,23
2023-09-07,Tablet,Electronics,4921.26,12
2023-09-07,Smart Watch,Electronics,4412.99,18
2023-09-07,T-Shirt,Clothing,1142.53,51
2023-09-07,Jeans,Clothing,1774.28,30
2023-09-07,Jacket,Clothing,1163.77,13
2023-09-07,Sneakers,Clothing,1983.51,24
2023-09-07,Dress,Clothing,1114.62,17
2023-09-07,Blender,Home & Kitchen,1099.81,22
2023-09-07,Coffee Maker,Home & Kitchen,809.64,10
2023-09-07,Cookware Set,Home & Kitchen,1234.52,10
2023-09-07,Vacuum Cleaner,Home & Kitchen,1245.52,6
2023-09-07,Air Fryer,Home & Kitchen,946.43,11
2023-09-07,Shampoo,Beauty,276.11,24
2023-09-07,Moisturizer,Beauty,1300.18,45
2023-09-07,Lipstick,Beauty,562.57,32
2023-09-07,Perfume,Beauty,643.85,10
2023-09-07,Face Serum,Beauty,443.8,11
2023-09-08,Laptop,Electronics,8533.16,10
2023-09-08,Smartphone,Electronics,8508.77,14
2023-09-08,Headphones,Electronics,3217.37,26
2023-09-08,Tablet,Electronics,4580.0,11
2023-09-08,Smart Watch,Electronics,6761.51,28
2023-09-08,T-Shirt,Clothing,1030.97,46
2023-09-08,Jeans,Clothing,1579.75,26
2023-09-08,Jacket,Clothing,1601.96,19
2023-09-08,Sneakers,Clothing,1832.58,23
2023-09-08,Dress,Clothing,1725.17,27
2023-09-08,Blender,Home & Kitchen,855.74,17
2023-09-08,Coffee Maker,Home & Kitchen,740.95,10
2023-09-08,Cookware Set,Home & Kitchen,1207.1,9
2023-09-08,Vacuum Cleaner,Home & Kitchen,1291.73,7
2023-09-08,Air Fryer,Home & Kitchen,1435.21,16
2023-09-08,Shampoo,Beauty,323.44,26
2023-09-08,Moisturizer,Beauty,863.94,32
2023-09-08,Lipstick,Beauty,746.3,43
2023-09-08,Perfume,Beauty,531.84,8
2023-09-08,Face Serum,Beauty,725.98,17
2023-09-09,Laptop,Electronics,8033.51,9
2023-09-09,Smartphone,Electronics,12851.46,20
2023-09-09,Headphones,Electronics,3097.4,23
2023-09-09,Tablet,Electronics,5329.29,13
2023-09-09,Smart Watch,Electronics,5845.71,25
2023-09-09,T-Shirt,Clothing,1638.1,71
2023-09-09,Jeans,Clothing,2396.52,43
2023-09-09,Jacket,Clothing,2784.58,31
2023-09-09,Sneakers,Clothing,2085.24,26
2023-09-09,Dress,Clothing,1874.03,27
2023-09-09,Blender,Home & Kitchen,636.52,13
2023-09-09,Coffee Maker,Home & Kitchen,1170.96,16
2023-09-09,Cookware Set,Home & Kitchen,1201.69,10
2023-09-09,Vacuum Cleaner,Home & Kitchen,1728.8,9
2023-09-09,Air Fryer,Home & Kitchen,844.17,10
2023-09-09,Shampoo,Beauty,516.37,46
2023-09-09,Moisturizer,Beauty,961.67,35
2023-09-09,Lipstick,Beauty,673.74,36
2023-09-09,Perfume,Beauty,852.37,13
2023-09-09,Face Serum,Beauty,731.98,17
2023-09-10,Laptop,Electronics,9169.98,10
2023-09-10,Smartphone,Electronics,12127.93,19
2023-09-10,Headphones,Electronics,4743.86,37
2023-09-10,Tablet,Electronics,4910.65,13
2023-09-10,Smart Watch,Electronics,5535.74,23
2023-09-10,T-Shirt,Clothing,1636.75,70
2023-09-10,Jeans,Clothing,2637.62,45
2023-09-10,Jacket,Clothing,1944.45,22
2023-09-10,Sneakers,Clothing,2035.04,28
2023-09-10,Dress,Clothing,2092.36,30
2023-09-10,Blender,Home & Kitchen,1042.69,21
2023-09-10,Coffee Maker,Home & Kitchen,1199.17,15
2023-09-10,Cookware Set,Home & Kitchen,1439.11,11
2023-09-10,Vacuum Cleaner,Home & Kitchen,1294.96,7
2023-09-10,Air Fryer,Home & Kitchen,1290.87,15
2023-09-10,Shampoo,Beauty,489.19,40
2023-09-10,Moisturizer,Beauty,1311.31,49
2023-09-10,Lipstick,Beauty,634.31,37
2023-09-10,Perfume,Beauty,612.97,10
2023-09-10,Face Serum,Beauty,530.79,13
2023-09-11,Laptop,Electronics,6619.78,8
2023-09-11,Smartphone,Electronics,11885.79,19
2023-09-11,Headphones,Electronics,2109.66,16
2023-09-11,Tablet,Electronics,4647.06,12
2023-09-11,Smart Watch,Electronics,4924.9,19
2023-09-11,T-Shirt,Clothing,930.34,37
2023-09-11,Jeans,Clothing,1530.96,27
2023-09-11,Jacket,Clothing,1195.98,14
2023-09-11,Sneakers,Clothing,1461.07,19
2023-09-11,Dress,Clothing,1075.19,15
2023-09-11,Blender,Home & Kitchen,973.49,19
2023-09-11,Coffee Maker,Home & Kitchen,751.79,10
2023-09-11,Cookware Set,Home & Kitchen,880.57,7
2023-09-11,Vacuum Cleaner,Home & Kitchen,1334.34,7
2023-09-11,Air Fryer,Home & Kitchen,1266.94,15
2023-09-11,Shampoo,Beauty,346.33,28
2023-09-11,Moisturizer,Beauty,703.28,26
2023-09-11,Lipstick,Beauty,388.11,23
2023-09-11,Perfume,Beauty,701.41,11
2023-09-11,Face Serum,Beauty,660.18,15
2023-09-12,Laptop,Electronics,6480.18,7
2023-09-12,Smartphone,Electronics,12198.43,18
2023-09-12,Headphones,Electronics,2313.91,19
2023-09-12,Tablet,Electronics,4133.33,10
2023-09-12,Smart Watch,Electronics,3264.12,14
2023-09-12,T-Shirt,Clothing,1246.08,51
2023-09-12,Jeans,Clothing,1309.77,23
2023-09-12,Jacket,Clothing,1254.15,14
2023-09-12,Sneakers,Clothing,1652.04,21
2023-09-12,Dress,Clothing,656.78,10
2023-09-12,Blender,Home & Kitchen,587.66,12
2023-09-12,Coffee Maker,Home & Kitchen,979.27,12
2023-09-12,Cookware Set,Home & Kitchen,890.38,7
2023-09-12,Vacuum Cleaner,Home & Kitchen,1811.45,9
2023-09-12,Air Fryer,Home & Kitchen,1150.62,14
2023-09-12,Shampoo,Beauty,274.46,23
2023-09-12,Moisturizer,Beauty,567.06,20
2023-09-12,Lipstick,Beauty,642.71,37
2023-09-12,Perfume,Beauty,612.29,9
2023-09-12,Face Serum,Beauty,559.62,13
2023-09-13,Laptop,Electronics,5972.78,7
2023-09-13,Smartphone,Electronics,6770.26,11
2023-09-13,Headphones,Electronics,2697.99,22
2023-09-13,Tablet,Electronics,3090.56,8
2023-09-13,Smart Watch,Electronics,4107.79,17
2023-09-13,T-Shirt,Clothing,904.91,38
2023-09-13,Jeans,Clothing,1504.65,27
2023-09-13,Jacket,Clothing,1421.92,16
2023-09-13,Sneakers,Clothing,1365.57,18
2023-09-13,Dress,Clothing,844.86,12
2023-09-13,Blender,Home & Kitchen,497.15,11
2023-09-13,Coffee Maker,Home & Kitchen,613.61,8
2023-09-13,Cookware Set,Home & Kitchen,894.7,7
2023-09-13,Vacuum Cleaner,Home & Kitchen,1346.64,7
2023-09-13,Air Fryer,Home & Kitchen,934.28,11
2023-09-13,Shampoo,Beauty,333.59,28
2023-09-13,Moisturizer,Beauty,741.87,27
2023-09-13,Lipstick,Beauty,460.09,26
2023-09-13,Perfume,Beauty,654.97,10
2023-09-13,Face Serum,Beauty,516.04,13
2023-09-14,Laptop,Electronics,6688.74,8
2023-09-14,Smartphone,Electronics,7966.97,12
2023-09-14,Headphones,Electronics,3175.81,25
2023-09-14,Tablet,Electronics,4930.62,13
2023-09-14,Smart Watch,Electronics,3955.65,17
2023-09-14,T-Shirt,Clothing,827.73,34
2023-09-14,Jeans,Clothing,1641.28,28
2023-09-14,Jacket,Clothing,1406.66,16
2023-09-14,Sneakers,Clothing,1593.64,20
2023-09-14,Dress,Clothing,1082.48,17
2023-09-14,Blender,Home & Kitchen,699.2,14
2023-09-14,Coffee Maker,Home & Kitchen,792.05,10
2023-09-14,Cookware Set,Home & Kitchen,1574.05,13
2023-09-14,Vacuum Cleaner,Home & Kitchen,1405.28,7
2023-09-14,Air Fryer,Home & Kitchen,1416.76,16
2023-09-14,Shampoo,Beauty,433.76,36
2023-09-14,Moisturizer,Beauty,960.42,37
2023-09-14,Lipstick,Beauty,541.33,29
2023-09-14,Perfume,Beauty,744.0,11
2023-09-14,Face Serum,Beauty,496.83,12
2023-09-15,Laptop,Electronics,4258.07,5
2023-09-15,Smartphone,Electronics,7820.2,12
2023-09-15,Headphones,Electronics,2670.75,21
2023-09-15,Tablet,Electronics,3364.38,9
2023-09-15,Smart Watch,Electronics,4064.77,17
2023-09-15,T-Shirt,Clothing,871.39,37
2023-09-15,Jeans,Clothing,979.5,18
2023-09-15,Jacket,Clothing,1257.96,15
2023-09-15,Sneakers,Clothing,1155.49,15
2023-09-15,Dress,Clothing,1035.16,15
2023-09-15,Blender,Home & Kitchen,732.64,16
2023-09-15,Coffee Maker,Home & Kitchen,770.54,10
2023-09-15,Cookware Set,Home & Kitchen,831.22,7
2023-09-15,Vacuum Cleaner,Home & Kitchen,1142.38,6
2023-09-15,Air Fryer,Home & Kitchen,1877.14,22
2023-09-15,Shampoo,Beauty,423.78,34
2023-09-15,Moisturizer,Beauty,927.94,34
2023-09-15,Lipstick,Beauty,436.29,25
2023-09-15,Perfume,Beauty,520.23,8
2023-09-15,Face Serum,Beauty,621.38,16
2023-09-16,Laptop,Electronics,5021.25,6
2023-09-16,Smartphone,Electronics,9304.05,15
2023-09-16,Headphones,Electronics,4812.98,36
2023-09-16,Tablet,Electronics,4527.97,12
2023-09-16,Smart Watch,Electronics,4069.38,16
2023-09-16,T-Shirt,Clothing,1561.08,69
2023-09-16,Jeans,Clothing,2185.99,37
2023-09-16,Jacket,Clothing,1611.67,18
2023-09-16,Sneakers,Clothing,2477.53,31
2023-09-16,Dress,Clothing,1637.91,23
2023-09-16,Blender,Home & Kitchen,741.62,16
2023-09-16,Coffee Maker,Home & Kitchen,978.91,13
2023-09-16,Cookware Set,Home & Kitchen,898.06,7
2023-09-16,Vacuum Cleaner,Home & Kitchen,1432.76,7
2023-09-16,Air Fryer,Home & Kitchen,1239.79,15
2023-09-16,Shampoo,Beauty,515.53,44
2023-09-16,Moisturizer,Beauty,899.68,31
2023-09-16,Lipstick,Beauty,667.24,40
2023-09-16,Perfume,Beauty,783.08,12
2023-09-16,Face Serum,Beauty,631.62,15
2023-09-17,Laptop,Electronics,6681.53,8
2023-09-17,Smartphone,Electronics,7809.25,12
2023-09-17,Headphones,Electronics,3281.9,26
2023-09-17,Tablet,Electronics,5067.88,13
2023-09-17,Smart Watch,Electronics,5144.07,20
2023-09-17,T-Shirt,Clothing,1867.37,77
2023-09-17,Jeans,Clothing,2588.39,43
2023-09-17,Jacket,Clothing,2969.44,36
2023-09-17,Sneakers,Clothing,2054.31,26
2023-09-17,Dress,Clothing,1756.54,25
2023-09-17,Blender,Home & Kitchen,593.06,13
2023-09-17,Coffee Maker,Home & Kitchen,887.84,11
2023-09-17,Cookware Set,Home & Kitchen,1318.06,10
2023-09-17,Vacuum Cleaner,Home & Kitchen,1355.34,7
2023-09-17,Air Fryer,Home & Kitchen,1090.25,13
2023-09-17,Shampoo,Beauty,542.67,45
2023-09-17,Moisturizer,Beauty,1344.37,46
2023-09-17,Lipstick,Beauty,512.78,28
2023-09-17,Perfume,Beauty,638.59,10
2023-09-17,Face Serum,Beauty,615.12,15
2023-09-18,Laptop,Electronics,5420.02,6
2023-09-18,Smartphone,Electronics,11520.85,18
2023-09-18,Headphones,Electronics,3353.73,28
2023-09-18,Tablet,Electronics,3638.47,9
2023-09-18,Smart Watch,Electronics,4566.76,19
2023-09-18,T-Shirt,Clothing,1224.98,50
2023-09-18,Jeans,Clothing,1663.72,27
2023-09-18,Jacket,Clothing,1310.37,15
2023-09-18,Sneakers,Clothing,1370.51,17
2023-09-18,Dress,Clothing,1207.68,17
2023-09-18,Blender,Home & Kitchen,571.08,12
2023-09-18,Coffee Maker,Home & Kitchen,781.52,10
2023-09-18,Cookware Set,Home & Kitchen,855.92,7
2023-09-18,Vacuum Cleaner,Home & Kitchen,919.45,5
2023-09-18,Air Fryer,Home & Kitchen,1202.77,13
2023-09-18,Shampoo,Beauty,334.62,30
2023-09-18,Moisturizer,Beauty,749.53,26
2023-09-18,Lipstick,Beauty,622.07,35
2023-09-18,Perfume,Beauty,614.23,10
2023-09-18,Face Serum,Beauty,532.89,13
2023-09-19,Laptop,Electronics,7394.0,8
2023-09-19,Smartphone,Electronics,12166.52,18
2023-09-19,Headphones,Electronics,3564.63,28
2023-09-19,Tablet,Electronics,3490.77,9
2023-09-19,Smart Watch,Electronics,5020.21,20
2023-09-19,T-Shirt,Clothing,935.75,40
2023-09-19,Jeans,Clothing,1483.55,27
2023-09-19,Jacket,Clothing,1300.27,15
2023-09-19,Sneakers,Clothing,1472.5,19
2023-09-19,Dress,Clothing,1183.45,17
2023-09-19,Blender,Home & Kitchen,1025.44,20
2023-09-19,Coffee Maker,Home & Kitchen,785.7,10
2023-09-19,Cookware Set,Home & Kitchen,925.6,7
2023-09-19,Vacuum Cleaner,Home & Kitchen,1553.3,8
2023-09-19,Air Fryer,Home & Kitchen,1045.73,12
2023-09-19,Shampoo,Beauty,270.87,23
2023-09-19,Moisturizer,Beauty,783.76,27
2023-09-19,Lipstick,Beauty,330.1,18
2023-09-19,Perfume,Beauty,668.83,11
2023-09-19,Face Serum,Beauty,393.66,9
2023-09-20,Laptop,Electronics,5500.93,6
2023-09-20,Smartphone,Electronics,7361.83,12
2023-09-20,Headphones,Electronics,2663.32,22
2023-09-20,Tablet,Electronics,5027.1,13
2023-09-20,Smart Watch,Electronics,4769.13,19
2023-09-20,T-Shirt,Clothing,808.71,33
2023-09-20,Jeans,Clothing,2248.75,39
2023-09-20,Jacket,Clothing,1505.67,17
2023-09-20,Sneakers,Clothing,1832.93,23
2023-09-20,Dress,Clothing,704.57,11
2023-09-20,Blender,Home & Kitchen,1076.86,22
2023-09-20,Coffee Maker,Home & Kitchen,757.41,10
2023-09-20,Cookware Set,Home & Kitchen,775.92,6
2023-09-20,Vacuum Cleaner,Home & Kitchen,1109.68,6
2023-09-20,Air Fryer,Home & Kitchen,1475.35,16
2023-09-20,Shampoo,Beauty,403.29,35
2023-09-20,Moisturizer,Beauty,978.98,34
2023-09-20,Lipstick,Beauty,565.39,30
2023-09-20,Perfume,Beauty,562.63,9
2023-09-20,Face Serum,Beauty,430.97,10
2023-09-21,Laptop,Electronics,5978.87,7
2023-09-21,Smartphone,Electronics,8249.49,13
2023-09-21,Headphones,Electronics,3390.51,28
2023-09-21,Tablet,Electronics,4571.84,12
2023-09-21,Smart Watch,Electronics,4058.55,16
2023-09-21,T-Shirt,Clothing,1107.86,47
2023-09-21,Jeans,Clothing,1491.58,25
2023-09-21,Jacket,Clothing,1090.57,12
2023-09-21,Sneakers,Clothing,1028.03,13
2023-09-21,Dress,Clothing,1020.01,16
2023-09-21,Blender,Home & Kitchen,548.8,12
2023-09-21,Coffee Maker,Home & Kitchen,727.66,9
2023-09-21,Cookware Set,Home & Kitchen,919.63,7
2023-09-21,Vacuum Cleaner,Home & Kitchen,1385.56,7
2023-09-21,Air Fryer,Home & Kitchen,1448.94,16
2023-09-21,Shampoo,Beauty,433.2,37
2023-09-21,Moisturizer,Beauty,633.27,22
2023-09-21,Lipstick,Beauty,445.08,24
2023-09-21,Perfume,Beauty,449.98,7
2023-09-21,Face Serum,Beauty,651.12,15
2023-09-22,Laptop,Electronics,4711.37,5
2023-09-22,Smartphone,Electronics,8008.27,13
2023-09-22,Headphones,Electronics,2531.43,21
2023-09-22,Tablet,Electronics,4382.99,11
2023-09-22,Smart Watch,Electronics,4360.52,17
2023-09-22,T-Shirt,Clothing,1027.49,44
2023-09-22,Jeans,Clothing,1485.41,25
2023-09-22,Jacket,Clothing,1679.11,19
2023-09-22,Sneakers,Clothing,1801.63,23
2023-09-22,Dress,Clothing,1112.93,16
2023-09-22,Blender,Home & Kitchen,861.31,18
2023-09-22,Coffee Maker,Home & Kitchen,1266.28,17
2023-09-22,Cookware Set,Home & Kitchen,1112.76,9
2023-09-22,Vacuum Cleaner,Home & Kitchen,1217.47,6
2023-09-22,Air Fryer,Home & Kitchen,1237.66,14
2023-09-22,Shampoo,Beauty,436.08,38
2023-09-22,Moisturizer,Beauty,738.55,28
2023-09-22,Lipstick,Beauty,415.72,22
2023-09-22,Perfume,Beauty,519.76,8
2023-09-22,Face Serum,Beauty,609.49,14
2023-09-23,Laptop,Electronics,6649.63,8
2023-09-23,Smartphone,Electronics,10202.26,15
2023-09-23,Headphones,Electronics,3414.21,27
2023-09-23,Tablet,Electronics,5810.0,15
2023-09-23,Smart Watch,Electronics,5309.24,22
2023-09-23,T-Shirt,Clothing,1276.27,52
2023-09-23,Jeans,Clothing,2664.56,44
2023-09-23,Jacket,Clothing,2108.54,24
2023-09-23,Sneakers,Clothing,3494.22,43
2023-09-23,Dress,Clothing,1622.76,25
2023-09-23,Blender,Home & Kitchen,701.54,15
2023-09-23,Coffee Maker,Home & Kitchen,968.72,13
2023-09-23,Cookware Set,Home & Kitchen,1138.45,9
2023-09-23,Vacuum Cleaner,Home & Kitchen,1565.02,8
2023-09-23,Air Fryer,Home & Kitchen,1199.88,13
2023-09-23,Shampoo,Beauty,484.42,40
2023-09-23,Moisturizer,Beauty,776.43,27
2023-09-23,Lipstick,Beauty,551.94,32
2023-09-23,Perfume,Beauty,507.44,8
2023-09-23,Face Serum,Beauty,687.79,16
2023-09-24,Laptop,Electronics,7761.67,9
2023-09-24,Smartphone,Electronics,12283.23,19
2023-09-24,Headphones,Electronics,2983.26,24
2023-09-24,Tablet,Electronics,4701.58,12
2023-09-24,Smart Watch,Electronics,6119.31,25
2023-09-24,T-Shirt,Clothing,2065.76,86
2023-09-24,Jeans,Clothing,2304.04,41
2023-09-24,Jacket,Clothing,2849.96,31
2023-09-24,Sneakers,Clothing,1852.21,25
2023-09-24,Dress,Clothing,1366.12,21
2023-09-24,Blender,Home & Kitchen,854.76,17
2023-09-24,Coffee Maker,Home & Kitchen,908.92,11
2023-09-24,Cookware Set,Home & Kitchen,1024.46,8
2023-09-24,Vacuum Cleaner,Home & Kitchen,1528.06,8
2023-09-24,Air Fryer,Home & Kitchen,1103.11,12
2023-09-24,Shampoo,Beauty,342.88,30
2023-09-24,Moisturizer,Beauty,727.53,28
2023-09-24,Lipstick,Beauty,591.61,33
2023-09-24,Perfume,Beauty,622.77,10
2023-09-24,Face Serum,Beauty,787.48,18
2023-09-25,Laptop,Electronics,6268.36,7
2023-09-25,Smartphone,Electronics,8532.73,13
2023-09-25,Headphones,Electronics,2277.75,19
2023-09-25,Tablet,Electronics,2428.63,6
2023-09-25,Smart Watch,Electronics,4089.74,17
2023-09-25,T-Shirt,Clothing,739.38,33
2023-09-25,Jeans,Clothing,1784.93,31
2023-09-25,Jacket,Clothing,1340.84,15
2023-09-25,Sneakers,Clothing,1171.29,15
2023-09-25,Dress,Clothing,1212.62,18
2023-09-25,Blender,Home & Kitchen,680.22,15
2023-09-25,Coffee Maker,Home & Kitchen,956.51,12
2023-09-25,Cookware Set,Home & Kitchen,839.98,7
2023-09-25,Vacuum Cleaner,Home & Kitchen,1611.89,8
2023-09-25,Air Fryer,Home & Kitchen,992.9,11
2023-09-25,Shampoo,Beauty,348.9,29
2023-09-25,Moisturizer,Beauty,631.21,22
2023-09-25,Lipstick,Beauty,635.11,34
2023-09-25,Perfume,Beauty,482.1,8
2023-09-25,Face Serum,Beauty,579.67,14
2023-09-26,Laptop,Electronics,6133.58,7
2023-09-26,Smartphone,Electronics,11189.62,17
2023-09-26,Headphones,Electronics,2711.66,22
2023-09-26,Tablet,Electronics,4026.81,10
2023-09-26,Smart Watch,Electronics,4900.77,20
2023-09-26,T-Shirt,Clothing,1076.18,44
2023-09-26,Jeans,Clothing,1396.89,25
2023-09-26,Jacket,Clothing,1784.5,21
2023-09-26,Sneakers,Clothing,1537.4,21
2023-09-26,Dress,Clothing,866.51,12
2023-09-26,Blender,Home & Kitchen,920.34,20
2023-09-26,Coffee Maker,Home & Kitchen,678.28,9
2023-09-26,Cookware Set,Home & Kitchen,1281.26,10
2023-09-26,Vacuum Cleaner,Home & Kitchen,979.56,5
2023-09-26,Air Fryer,Home & Kitchen,1454.38,16
2023-09-26,Shampoo,Beauty,309.42,25
2023-09-26,Moisturizer,Beauty,895.76,31
2023-09-26,Lipstick,Beauty,512.93,30
2023-09-26,Perfume,Beauty,535.85,8
2023-09-26,Face Serum,Beauty,506.61,13
2023-09-27,Laptop,Electronics,5132.12,6
2023-09-27,Smartphone,Electronics,10815.65,17
2023-09-27,Headphones,Electronics,2965.92,22
2023-09-27,Tablet,Electronics,3252.51,8
2023-09-27,Smart Watch,Electronics,4184.1,18
2023-09-27,T-Shirt,Clothing,1014.41,44
2023-09-27,Jeans,Clothing,1506.41,26
2023-09-27,Jacket,Clothing,909.11,11
2023-09-27,Sneakers,Clothing,1312.61,18
2023-09-27,Dress,Clothing,1220.85,17
2023-09-27,Blender,Home & Kitchen,830.9,17
2023-09-27,Coffee Maker,Home & Kitchen,873.16,11
2023-09-27,Cookware Set,Home & Kitchen,1078.81,8
2023-09-27,Vacuum Cleaner,Home & Kitchen,1393.31,7
2023-09-27,Air Fryer,Home & Kitchen,982.7,12
2023-09-27,Shampoo,Beauty,325.58,27
2023-09-27,Moisturizer,Beauty,1138.3,42
2023-09-27,Lipstick,Beauty,407.67,24
2023-09-27,Perfume,Beauty,472.98,7
2023-09-27,Face Serum,Beauty,487.26,12
2023-09-28,Laptop,Electronics,6434.86,7
2023-09-28,Smartphone,Electronics,10875.16,17
2023-09-28,Headphones,Electronics,2415.12,20
2023-09-28,Tablet,Electronics,3591.97,9
2023-09-28,Smart Watch,Electronics,4399.96,17
2023-09-28,T-Shirt,Clothing,924.23,37
2023-09-28,Jeans,Clothing,1155.34,20
2023-09-28,Jacket,Clothing,1208.8,13
2023-09-28,Sneakers,Clothing,1946.16,24
2023-09-28,Dress,Clothing,1111.23,17
2023-09-28,Blender,Home & Kitchen,765.85,15
2023-09-28,Coffee Maker,Home & Kitchen,884.97,11
2023-09-28,Cookware Set,Home & Kitchen,1214.58,9
2023-09-28,Vacuum Cleaner,Home & Kitchen,987.2,5
2023-09-28,Air Fryer,Home & Kitchen,1026.38,11
2023-09-28,Shampoo,Beauty,430.64,38
2023-09-28,Moisturizer,Beauty,593.64,21
2023-09-28,Lipstick,Beauty,506.07,30
2023-09-28,Perfume,Beauty,610.01,9
2023-09-28,Face Serum,Beauty,653.59,16
2023-09-29,Laptop,Electronics,7445.15,8
2023-09-29,Smartphone,Electronics,10093.37,16
2023-09-29,Headphones,Electronics,2220.52,18
2023-09-29,Tablet,Electronics,4163.34,11
2023-09-29,Smart Watch,Electronics,4460.36,18
2023-09-29,T-Shirt,Clothing,802.52,35
2023-09-29,Jeans,Clothing,1494.46,27
2023-09-29,Jacket,Clothing,1097.78,13
2023-09-29,Sneakers,Clothing,1078.2,13
2023-09-29,Dress,Clothing,1001.25,14
2023-09-29,Blender,Home & Kitchen,1141.6,23
2023-09-29,Coffee Maker,Home & Kitchen,670.83,9
2023-09-29,Cookware Set,Home & Kitchen,795.39,6
2023-09-29,Vacuum Cleaner,Home & Kitchen,1014.2,5
2023-09-29,Air Fryer,Home & Kitchen,1201.17,13
2023-09-29,Shampoo,Beauty,388.64,35
2023-09-29,Moisturizer,Beauty,878.57,30
2023-09-29,Lipstick,Beauty,353.65,21
2023-09-29,Perfume,Beauty,652.71,10
2023-09-29,Face Serum,Beauty,391.2,9
2023-09-30,Laptop,Electronics,6487.33,7
2023-09-30,Smartphone,Electronics,9942.75,16
2023-09-30,Headphones,Electronics,3975.93,31
2023-09-30,Tablet,Electronics,4656.12,12
2023-09-30,Smart Watch,Electronics,5277.15,21
2023-09-30,T-Shirt,Clothing,1224.8,49
2023-09-30,Jeans,Clothing,2166.04,36
2023-09-30,Jacket,Clothing,2614.75,29
2023-09-30,Sneakers,Clothing,2516.18,31
2023-09-30,Dress,Clothing,1797.06,25
2023-09-30,Blender,Home & Kitchen,748.1,16
2023-09-30,Coffee Maker,Home & Kitchen,1015.69,13
2023-09-30,Cookware Set,Home & Kitchen,937.71,7
2023-09-30,Vacuum Cleaner,Home & Kitchen,1169.22,6
2023-09-30,Air Fryer,Home & Kitchen,1467.01,16
2023-09-30,Shampoo,Beauty,311.91,27
2023-09-30,Moisturizer,Beauty,589.57,22
2023-09-30,Lipstick,Beauty,811.5,44
2023-09-30,Perfume,Beauty,635.92,10
2023-09-30,Face Serum,Beauty,440.26,11
2023-10-01,Laptop,Electronics,6957.82,8
2023-10-01,Smartphone,Electronics,8853.81,14
2023-10-01,Headphones,Electronics,2883.66,22
2023-10-01,Tablet,Electronics,5325.23,14
2023-10-01,Smart Watch,Electronics,4402.7,19
2023-10-01,T-Shirt,Clothing,1146.21,48
2023-10-01,Jeans,Clothing,1467.32,26
2023-10-01,Jacket,Clothing,1717.48,20
2023-10-01,Sneakers,Clothing,1927.81,25
2023-10-01,Dress,Clothing,1138.11,17
2023-10-01,Blender,Home & Kitchen,1099.85,24
2023-10-01,Coffee Maker,Home & Kitchen,684.36,9
2023-10-01,Cookware Set,Home & Kitchen,867.76,7
2023-10-01,Vacuum Cleaner,Home & Kitchen,1179.2,6
2023-10-01,Air Fryer,Home & Kitchen,1811.84,20
2023-10-01,Shampoo,Beauty,484.44,40
2023-10-01,Moisturizer,Beauty,878.52,31
2023-10-01,Lipstick,Beauty,510.22,27
2023-10-01,Perfume,Beauty,583.1,9
2023-10-01,Face Serum,Beauty,502.29,12
2023-10-02,Laptop,Electronics,5128.89,6
2023-10-02,Smartphone,Electronics,8801.64,14
2023-10-02,Headphones,Electronics,3176.77,24
2023-10-02,Tablet,Electronics,4019.52,10
2023-10-02,Smart Watch,Electronics,3889.32,16
2023-10-02,T-Shirt,Clothing,1006.86,45
2023-10-02,Jeans,Clothing,1120.6,19
2023-10-02,Jacket,Clothing,838.79,10
2023-10-02,Sneakers,Clothing,1314.15,17
2023-10-02,Dress,Clothing,1000.88,15
2023-10-02,Blender,Home & Kitchen,725.88,15
2023-10-02,Coffee Maker,Home & Kitchen,616.36,8
2023-10-02,Cookware Set,Home & Kitchen,1016.28,8
2023-10-02,Vacuum Cleaner,Home & Kitchen,1154.83,6
2023-10-02,Air Fryer,Home & Kitchen,1254.66,14
2023-10-02,Shampoo,Beauty,368.86,31
2023-10-02,Moisturizer,Beauty,963.52,37
2023-10-02,Lipstick,Beauty,380.55,22
2023-10-02,Perfume,Beauty,308.42,5
2023-10-02,Face Serum,Beauty,386.58,9
2023-10-03,Laptop,Electronics,4300.59,5
2023-10-03,Smartphone,Electronics,10869.3,16
2023-10-03,Headphones,Electronics,2685.49,20
2023-10-03,Tablet,Electronics,5383.16,13
2023-10-03,Smart Watch,Electronics,3284.41,14
2023-10-03,T-Shirt,Clothing,1034.66,45
2023-10-03,Jeans,Clothing,980.58,18
2023-10-03,Jacket,Clothing,1167.15,13
2023-10-03,Sneakers,Clothing,878.11,12
2023-10-03,Dress,Clothing,1114.81,16
2023-10-03,Blender,Home & Kitchen,690.18,15
2023-10-03,Coffee Maker,Home & Kitchen,1205.88,15
2023-10-03,Cookware Set,Home & Kitchen,1192.73,10
2023-10-03,Vacuum Cleaner,Home & Kitchen,1234.5,6
2023-10-03,Air Fryer,Home & Kitchen,934.45,11
2023-10-03,Shampoo,Beauty,437.85,36
2023-10-03,Moisturizer,Beauty,874.51,30
2023-10-03,Lipstick,Beauty,412.55,23
2023-10-03,Perfume,Beauty,605.4,9
2023-10-03,Face Serum,Beauty,386.48,9
2023-10-04,Laptop,Electronics,6369.23,7
2023-10-04,Smartphone,Electronics,10844.66,16
2023-10-04,Headphones,Electronics,2162.4,17
2023-10-04,Tablet,Electronics,4841.47,12
2023-10-04,Smart Watch,Electronics,4969.88,20
2023-10-04,T-Shirt,Clothing,796.85,36
2023-10-04,Jeans,Clothing,1096.41,18
2023-10-04,Jacket,Clothing,1297.2,15
2023-10-04,Sneakers,Clothing,1167.48,15
2023-10-04,Dress,Clothing,872.83,13
2023-10-04,Blender,Home & Kitchen,837.92,17
2023-10-04,Coffee Maker,Home & Kitchen,634.66,8
2023-10-04,Cookware Set,Home & Kitchen,713.76,6
2023-10-04,Vacuum Cleaner,Home & Kitchen,936.82,5
2023-10-04,Air Fryer,Home & Kitchen,1717.4,19
2023-10-04,Shampoo,Beauty,555.79,46
2023-10-04,Moisturizer,Beauty,838.1,32
2023-10-04,Lipstick,Beauty,567.99,32
2023-10-04,Perfume,Beauty,533.29,8
2023-10-04,Face Serum,Beauty,546.06,13
2023-10-05,Laptop,Electronics,6045.14,7
2023-10-05,Smartphone,Electronics,10374.03,17
2023-10-05,Headphones,Electronics,3739.64,28
2023-10-05,Tablet,Electronics,3942.26,10
2023-10-05,Smart Watch,Electronics,4098.79,17
2023-10-05,T-Shirt,Clothing,736.53,33
2023-10-05,Jeans,Clothing,1595.59,29
2023-10-05,Jacket,Clothing,1364.38,16
2023-10-05,Sneakers,Clothing,1034.84,13
2023-10-05,Dress,Clothing,1088.58,17
2023-10-05,Blender,Home & Kitchen,454.27,10
2023-10-05,Coffee Maker,Home & Kitchen,1043.67,13
2023-10-05,Cookware Set,Home & Kitchen,1260.4,10
2023-10-05,Vacuum Cleaner,Home & Kitchen,1213.32,6
2023-10-05,Air Fryer,Home & Kitchen,1183.66,13
2023-10-05,Shampoo,Beauty,361.39,30
2023-10-05,Moisturizer,Beauty,686.14,25
2023-10-05,Lipstick,Beauty,655.2,37
2023-10-05,Perfume,Beauty,578.41,9
2023-10-05,Face Serum,Beauty,471.92,11
2023-10-06,Laptop,Electronics,7654.07,9
2023-10-06,Smartphone,Electronics,9020.12,15
2023-10-06,Headphones,Electronics,2866.07,23
2023-10-06,Tablet,Electronics,5334.78,14
2023-10-06,Smart Watch,Electronics,4892.77,19
2023-10-06,T-Shirt,Clothing,689.25,30
2023-10-06,Jeans,Clothing,1327.88,24
2023-10-06,Jacket,Clothing,1077.49,12
2023-10-06,Sneakers,Clothing,1118.78,15
2023-10-06,Dress,Clothing,862.53,13
2023-10-06,Blender,Home & Kitchen,834.8,18
2023-10-06,Coffee Maker,Home & Kitchen,686.75,9
2023-10-06,Cookware Set,Home & Kitchen,966.42,8
2023-10-06,Vacuum Cleaner,Home & Kitchen,1146.04,6
2023-10-06,Air Fryer,Home & Kitchen,1421.95,16
2023-10-06,Shampoo,Beauty,334.81,30
2023-10-06,Moisturizer,Beauty,1125.45,42
2023-10-06,Lipstick,Beauty,449.76,24
2023-10-06,Perfume,Beauty,493.85,8
2023-10-06,Face Serum,Beauty,690.41,17
2023-10-07,Laptop,Electronics,8023.92,9
2023-10-07,Smartphone,Electronics,18057.49,27
2023-10-07,Headphones,Electronics,4401.3,33
2023-10-07,Tablet,Electronics,3603.51,9
2023-10-07,Smart Watch,Electronics,5220.94,20
2023-10-07,T-Shirt,Clothing,1360.06,55
2023-10-07,Jeans,Clothing,1996.14,34
2023-10-07,Jacket,Clothing,1840.18,20
2023-10-07,Sneakers,Clothing,1875.4,25
2023-10-07,Dress,Clothing,1306.02,19
2023-10-07,Blender,Home & Kitchen,646.8,14
2023-10-07,Coffee Maker,Home & Kitchen,1049.49,14
2023-10-07,Cookware Set,Home & Kitchen,1426.99,12
2023-10-07,Vacuum Cleaner,Home & Kitchen,1326.42,7
2023-10-07,Air Fryer,Home & Kitchen,1286.32,15
2023-10-07,Shampoo,Beauty,433.35,35
2023-10-07,Moisturizer,Beauty,972.01,36
2023-10-07,Lipstick,Beauty,549.9,33
2023-10-07,Perfume,Beauty,543.42,8
2023-10-07,Face Serum,Beauty,789.53,18
2023-10-08,Laptop,Electronics,7004.68,8
2023-10-08,Smartphone,Electronics,13201.55,22
2023-10-08,Headphones,Electronics,1900.47,15
2023-10-08,Tablet,Electronics,4540.39,12
2023-10-08,Smart Watch,Electronics,5873.64,25
2023-10-08,T-Shirt,Clothing,1361.44,60
2023-10-08,Jeans,Clothing,1514.29,26
2023-10-08,Jacket,Clothing,2228.64,27
2023-10-08,Sneakers,Clothing,1734.82,21
2023-10-08,Dress,Clothing,1142.96,17
2023-10-08,Blender,Home & Kitchen,690.21,15
2023-10-08,Coffee Maker,Home & Kitchen,594.38,8
2023-10-08,Cookware Set,Home & Kitchen,1207.39,9
2023-10-08,Vacuum Cleaner,Home & Kitchen,1486.82,8
2023-10-08,Air Fryer,Home & Kitchen,1569.7,18
2023-10-08,Shampoo,Beauty,391.6,34
2023-10-08,Moisturizer,Beauty,1019.23,35
2023-10-08,Lipstick,Beauty,663.61,36
2023-10-08,Perfume,Beauty,666.69,10
2023-10-08,Face Serum,Beauty,779.19,19
2023-10-09,Laptop,Electronics,6574.99,7
2023-10-09,Smartphone,Electronics,7231.26,12
2023-10-09,Headphones,Electronics,2721.92,22
2023-10-09,Tablet,Electronics,2673.94,7
2023-10-09,Smart Watch,Electronics,4000.27,17
2023-10-09,T-Shirt,Clothing,878.55,37
2023-10-09,Jeans,Clothing,1068.0,19
2023-10-09,Jacket,Clothing,1260.7,14
2023-10-09,Sneakers,Clothing,1135.2,15
2023-10-09,Dress,Clothing,675.56,10
2023-10-09,Blender,Home & Kitchen,525.87,11
2023-10-09,Coffee Maker,Home & Kitchen,637.29,8
2023-10-09,Cookware Set,Home & Kitchen,1437.63,11
2023-10-09,Vacuum Cleaner,Home & Kitchen,1250.27,6
2023-10-09,Air Fryer,Home & Kitchen,1239.09,14
2023-10-09,Shampoo,Beauty,327.97,29
2023-10-09,Moisturizer,Beauty,1091.0,40
2023-10-09,Lipstick,Beauty,400.92,23
2023-10-09,Perfume,Beauty,552.49,9
2023-10-09,Face Serum,Beauty,468.64,12
2023-10-10,Laptop,Electronics,7135.9,8
2023-10-10,Smartphone,Electronics,9904.71,15
2023-10-10,Headphones,Electronics,2671.56,21
2023-10-10,Tablet,Electronics,3327.56,8
2023-10-10,Smart Watch,Electronics,5812.45,25
2023-10-10,T-Shirt,Clothing,741.04,33
2023-10-10,Jeans,Clothing,1072.7,18
2023-10-10,Jacket,Clothing,837.18,10
2023-10-10,Sneakers,Clothing,981.42,12
2023-10-10,Dress,Clothing,765.54,12
2023-10-10,Blender,Home & Kitchen,908.64,18
2023-10-10,Coffee Maker,Home & Kitchen,860.48,11
2023-10-10,Cookware Set,Home & Kitchen,736.07,6
2023-10-10,Vacuum Cleaner,Home & Kitchen,1230.31,6
2023-10-10,Air Fryer,Home & Kitchen,1445.82,17
2023-10-10,Shampoo,Beauty,311.33,28
2023-10-10,Moisturizer,Beauty,801.45,31
2023-10-10,Lipstick,Beauty,428.97,25
2023-10-10,Perfume,Beauty,579.51,9
2023-10-10,Face Serum,Beauty,482.72,11
2023-10-11,Laptop,Electronics,3349.62,4
2023-10-11,Smartphone,Electronics,6774.81,11
2023-10-11,Headphones,Electronics,2541.1,19
2023-10-11,Tablet,Electronics,3533.75,9
2023-10-11,Smart Watch,Electronics,3753.14,15
2023-10-11,T-Shirt,Clothing,768.98,31
2023-10-11,Jeans,Clothing,1497.49,26
2023-10-11,Jacket,Clothing,1004.52,11
2023-10-11,Sneakers,Clothing,1228.44,16
2023-10-11,Dress,Clothing,574.46,9
2023-10-11,Blender,Home & Kitchen,772.2,17
2023-10-11,Coffee Maker,Home & Kitchen,816.75,11
2023-10-11,Cookware Set,Home & Kitchen,1584.78,12
2023-10-11,Vacuum Cleaner,Home & Kitchen,996.09,5
2023-10-11,Air Fryer,Home & Kitchen,1499.65,18
2023-10-11,Shampoo,Beauty,286.92,25
2023-10-11,Moisturizer,Beauty,818.59,28
2023-10-11,Lipstick,Beauty,359.22,21
2023-10-11,Perfume,Beauty,788.83,13
2023-10-11,Face Serum,Beauty,543.11,14
2023-10-12,Laptop,Electronics,6358.09,7
2023-10-12,Smartphone,Electronics,7181.1,12
2023-10-12,Headphones,Electronics,1786.75,14
2023-10-12,Tablet,Electronics,3545.93,9
2023-10-12,Smart Watch,Electronics,3664.52,15
2023-10-12,T-Shirt,Clothing,596.24,24
2023-10-12,Jeans,Clothing,1160.3,20
2023-10-12,Jacket,Clothing,1193.76,13
2023-10-12,Sneakers,Clothing,1282.93,17
2023-10-12,Dress,Clothing,549.78,8
2023-10-12,Blender,Home & Kitchen,561.26,12
2023-10-12,Coffee Maker,Home & Kitchen,745.26,9
2023-10-12,Cookware Set,Home & Kitchen,1225.39,10
2023-10-12,Vacuum Cleaner,Home & Kitchen,1354.86,7
2023-10-12,Air Fryer,Home & Kitchen,1285.77,14
2023-10-12,Shampoo,Beauty,348.37,28
2023-10-12,Moisturizer,Beauty,937.3,36
2023-10-12,Lipstick,Beauty,514.19,28
2023-10-12,Perfume,Beauty,646.81,10
2023-10-12,Face Serum,Beauty,545.51,14
2023-10-13,Laptop,Electronics,4197.09,5
2023-10-13,Smartphone,Electronics,5752.5,9
2023-10-13,Headphones,Electronics,2506.59,19
2023-10-13,Tablet,Electronics,4518.38,11
2023-10-13,Smart Watch,Electronics,3643.95,15
2023-10-13,T-Shirt,Clothing,1021.38,44
2023-10-13,Jeans,Clothing,1411.19,24
2023-10-13,Jacket,Clothing,1446.33,17
2023-10-13,Sneakers,Clothing,1110.78,15
2023-10-13,Dress,Clothing,686.51,10
2023-10-13,Blender,Home & Kitchen,594.74,12
2023-10-13,Coffee Maker,Home & Kitchen,822.54,11
2023-10-13,Cookware Set,Home & Kitchen,784.49,6
2023-10-13,Vacuum Cleaner,Home & Kitchen,820.16,4
2023-10-13,Air Fryer,Home & Kitchen,956.87,11
2023-10-13,Shampoo,Beauty,349.66,31
2023-10-13,Moisturizer,Beauty,685.49,25
2023-10-13,Lipstick,Beauty,563.02,32
2023-10-13,Perfume,Beauty,735.18,11
2023-10-13,Face Serum,Beauty,323.21,8
2023-10-14,Laptop,Electronics,8291.55,9
2023-10-14,Smartphone,Electronics,9379.09,15
2023-10-14,Headphones,Electronics,3894.65,30
2023-10-14,Tablet,Electronics,4712.98,12
2023-10-14,Smart Watch,Electronics,5037.25,21
2023-10-14,T-Shirt,Clothing,1239.04,50
2023-10-14,Jeans,Clothing,1445.63,24
2023-10-14,Jacket,Clothing,2578.68,31
2023-10-14,Sneakers,Clothing,1463.41,19
2023-10-14,Dress,Clothing,1789.06,25
2023-10-14,Blender,Home & Kitchen,859.22,18
2023-10-14,Coffee Maker,Home & Kitchen,765.89,10
2023-10-14,Cookware Set,Home & Kitchen,914.56,7
2023-10-14,Vacuum Cleaner,Home & Kitchen,1025.2,5
2023-10-14,Air Fryer,Home & Kitchen,1188.83,14
2023-10-14,Shampoo,Beauty,294.75,26
2023-10-14,Moisturizer,Beauty,1179.52,42
2023-10-14,Lipstick,Beauty,536.8,32
2023-10-14,Perfume,Beauty,604.69,10
2023-10-14,Face Serum,Beauty,598.51,15
2023-10-15,Laptop,Electronics,8345.67,9
2023-10-15,Smartphone,Electronics,10008.23,16
2023-10-15,Headphones,Electronics,2963.71,24
2023-10-15,Tablet,Electronics,6526.31,16
2023-10-15,Smart Watch,Electronics,5882.91,24
2023-10-15,T-Shirt,Clothing,1429.44,58
2023-10-15,Jeans,Clothing,1620.66,29
2023-10-15,Jacket,Clothing,1198.18,14
2023-10-15,Sneakers,Clothing,2070.68,26
2023-10-15,Dress,Clothing,1245.05,19
2023-10-15,Blender,Home & Kitchen,722.73,15
2023-10-15,Coffee Maker,Home & Kitchen,886.85,11
2023-10-15,Cookware Set,Home & Kitchen,937.82,7
2023-10-15,Vacuum Cleaner,Home & Kitchen,1009.55,5
2023-10-15,Air Fryer,Home & Kitchen,1471.64,17
2023-10-15,Shampoo,Beauty,275.1,23
2023-10-15,Moisturizer,Beauty,1115.28,40
2023-10-15,Lipstick,Beauty,694.12,40
2023-10-15,Perfume,Beauty,697.02,11
2023-10-15,Face Serum,Beauty,667.41,16
2023-10-16,Laptop,Electronics,5111.93,6
2023-10-16,Smartphone,Electronics,7503.75,12
2023-10-16,Headphones,Electronics,2301.34,19
2023-10-16,Tablet,Electronics,2849.88,7
2023-10-16,Smart Watch,Electronics,3343.69,14
2023-10-16,T-Shirt,Clothing,827.23,34
2023-10-16,Jeans,Clothing,1133.64,19
2023-10-16,Jacket,Clothing,1220.23,14
2023-10-16,Sneakers,Clothing,1467.07,19
2023-10-16,Dress,Clothing,812.87,12
2023-10-16,Blender,Home & Kitchen,721.82,16
2023-10-16,Coffee Maker,Home & Kitchen,530.07,7
2023-10-16,Cookware Set,Home & Kitchen,1144.65,9
2023-10-16,Vacuum Cleaner,Home & Kitchen,774.16,4
2023-10-16,Air Fryer,Home & Kitchen,1011.13,11
2023-10-16,Shampoo,Beauty,296.57,24
2023-10-16,Moisturizer,Beauty,529.69,20
2023-10-16,Lipstick,Beauty,484.78,27
2023-10-16,Perfume,Beauty,553.62,9
2023-10-16,Face Serum,Beauty,675.44,17
2023-10-17,Laptop,Electronics,6040.55,7
2023-10-17,Smartphone,Electronics,7906.15,12
2023-10-17,Headphones,Electronics,2516.12,19
2023-10-17,Tablet,Electronics,2711.1,7
2023-10-17,Smart Watch,Electronics,3536.34,15
2023-10-17,T-Shirt,Clothing,740.81,33
2023-10-17,Jeans,Clothing,1340.24,23
2023-10-17,Jacket,Clothing,1308.49,15
2023-10-17,Sneakers,Clothing,1342.77,17
2023-10-17,Dress,Clothing,643.35,10
2023-10-17,Blender,Home & Kitchen,605.37,12
2023-10-17,Coffee Maker,Home & Kitchen,834.46,11
2023-10-17,Cookware Set,Home & Kitchen,641.81,5
2023-10-17,Vacuum Cleaner,Home & Kitchen,1484.23,8
2023-10-17,Air Fryer,Home & Kitchen,976.09,11
2023-10-17,Shampoo,Beauty,411.19,37
2023-10-17,Moisturizer,Beauty,712.69,26
2023-10-17,Lipstick,Beauty,527.75,29
2023-10-17,Perfume,Beauty,469.35,7
2023-10-17,Face Serum,Beauty,570.77,13
2023-10-18,Laptop,Electronics,4624.18,5
2023-10-18,Smartphone,Electronics,9997.34,15
2023-10-18,Headphones,Electronics,1995.83,16
2023-10-18,Tablet,Electronics,3177.05,8
2023-10-18,Smart Watch,Electronics,3918.41,15
2023-10-18,T-Shirt,Clothing,747.81,32
2023-10-18,Jeans,Clothing,1299.42,23
2023-10-18,Jacket,Clothing,1196.53,14
2023-10-18,Sneakers,Clothing,1304.17,16
2023-10-18,Dress,Clothing,966.79,14
2023-10-18,Blender,Home & Kitchen,740.1,15
2023-10-18,Coffee Maker,Home & Kitchen,907.87,11
2023-10-18,Cookware Set,Home & Kitchen,742.24,6
2023-10-18,Vacuum Cleaner,Home & Kitchen,1359.32,7
2023-10-18,Air Fryer,Home & Kitchen,1240.22,15
2023-10-18,Shampoo,Beauty,374.98,30
2023-10-18,Moisturizer,Beauty,920.97,33
2023-10-18,Lipstick,Beauty,431.28,26
2023-10-18,Perfume,Beauty,692.85,11
2023-10-18,Face Serum,Beauty,526.57,13
2023-10-19,Laptop,Electronics,5121.23,6
2023-10-19,Smartphone,Electronics,8958.19,15
2023-10-19,Headphones,Electronics,3617.61,29
2023-10-19,Tablet,Electronics,2955.22,8
2023-10-19,Smart Watch,Electronics,4212.32,17
2023-10-19,T-Shirt,Clothing,722.19,30
2023-10-19,Jeans,Clothing,1182.53,20
2023-10-19,Jacket,Clothing,999.04,11
2023-10-19,Sneakers,Clothing,1360.6,17
2023-10-19,Dress,Clothing,831.97,12
2023-10-19,Blender,Home & Kitchen,838.82,17
2023-10-19,Coffee Maker,Home & Kitchen,932.47,12
2023-10-19,Cookware Set,Home & Kitchen,1214.73,10
2023-10-19,Vacuum Cleaner,Home & Kitchen,1014.2,5
2023-10-19,Air Fryer,Home & Kitchen,1260.15,14
2023-10-19,Shampoo,Beauty,447.39,37
2023-10-19,Moisturizer,Beauty,699.58,25
2023-10-19,Lipstick,Beauty,442.6,26
2023-10-19,Perfume,Beauty,475.64,7
2023-10-19,Face Serum,Beauty,743.5,17
2023-10-20,Laptop,Electronics,7071.21,8
2023-10-20,Smartphone,Electronics,9770.95,15
2023-10-20,Headphones,Electronics,2747.8,23
2023-10-20,Tablet,Electronics,3263.3,8
2023-10-20,Smart Watch,Electronics,5343.92,21
2023-10-20,T-Shirt,Clothing,751.75,31
2023-10-20,Jeans,Clothing,1041.93,18
2023-10-20,Jacket,Clothing,1355.73,16
2023-10-20,Sneakers,Clothing,1035.75,14
2023-10-20,Dress,Clothing,755.53,11
2023-10-20,Blender,Home & Kitchen,795.27,17
2023-10-20,Coffee Maker,Home & Kitchen,624.59,8
2023-10-20,Cookware Set,Home & Kitchen,1163.96,9
2023-10-20,Vacuum Cleaner,Home & Kitchen,1240.27,6
2023-10-20,Air Fryer,Home & Kitchen,1249.22,14
2023-10-20,Shampoo,Beauty,375.89,32
2023-10-20,Moisturizer,Beauty,1313.76,46
2023-10-20,Lipstick,Beauty,458.24,27
2023-10-20,Perfume,Beauty,486.93,8
2023-10-20,Face Serum,Beauty,487.77,12
2023-10-21,Laptop,Electronics,7695.2,9
2023-10-21,Smartphone,Electronics,14165.6,23
2023-10-21,Headphones,Electronics,3612.8,28
2023-10-21,Tablet,Electronics,4164.53,10
2023-10-21,Smart Watch,Electronics,9878.09,41
2023-10-21,T-Shirt,Clothing,1413.77,61
2023-10-21,Jeans,Clothing,1501.14,27
2023-10-21,Jacket,Clothing,1317.24,16
2023-10-21,Sneakers,Clothing,1515.27,19
2023-10-21,Dress,Clothing,1225.11,18
2023-10-21,Blender,Home & Kitchen,751.91,15
2023-10-21,Coffee Maker,Home & Kitchen,731.79,10
2023-10-21,Cookware Set,Home & Kitchen,771.61,6
2023-10-21,Vacuum Cleaner,Home & Kitchen,992.01,5
2023-10-21,Air Fryer,Home & Kitchen,1282.76,15
2023-10-21,Shampoo,Beauty,402.09,32
2023-10-21,Moisturizer,Beauty,802.4,28
2023-10-21,Lipstick,Beauty,548.65,31
2023-10-21,Perfume,Beauty,648.6,10
2023-10-21,Face Serum,Beauty,621.13,16
2023-10-22,Laptop,Electronics,6855.8,8
2023-10-22,Smartphone,Electronics,10838.23,16
2023-10-22,Headphones,Electronics,3899.13,31
2023-10-22,Tablet,Electronics,3434.59,9
2023-10-22,Smart Watch,Electronics,4792.11,19
2023-10-22,T-Shirt,Clothing,886.18,36
2023-10-22,Jeans,Clothing,1768.0,30
2023-10-22,Jacket,Clothing,1926.33,21
2023-10-22,Sneakers,Clothing,2036.94,27
2023-10-22,Dress,Clothing,920.44,13
2023-10-22,Blender,Home & Kitchen,789.32,16
2023-10-22,Coffee Maker,Home & Kitchen,1158.22,15
2023-10-22,Cookware Set,Home & Kitchen,652.0,5
2023-10-22,Vacuum Cleaner,Home & Kitchen,1417.64,7
2023-10-22,Air Fryer,Home & Kitchen,945.1,11
2023-10-22,Shampoo,Beauty,390.62,32
2023-10-22,Moisturizer,Beauty,1065.36,37
2023-10-22,Lipstick,Beauty,484.78,27
2023-10-22,Perfume,Beauty,651.7,10
2023-10-22,Face Serum,Beauty,632.28,15
2023-10-23,Laptop,Electronics,5663.04,6
2023-10-23,Smartphone,Electronics,7239.14,11
2023-10-23,Headphones,Electronics,2273.58,18
2023-10-23,Tablet,Electronics,4937.86,13
2023-10-23,Smart Watch,Electronics,3742.82,15
2023-10-23,T-Shirt,Clothing,726.2,31
2023-10-23,Jeans,Clothing,1152.83,20
2023-10-23,Jacket,Clothing,1305.11,15
2023-10-23,Sneakers,Clothing,1657.4,20
2023-10-23,Dress,Clothing,763.41,11
2023-10-23,Blender,Home & Kitchen,642.55,14
2023-10-23,Coffee Maker,Home & Kitchen,748.14,10
2023-10-23,Cookware Set,Home & Kitchen,1094.98,9
2023-10-23,Vacuum Cleaner,Home & Kitchen,1136.65,6
2023-10-23,Air Fryer,Home & Kitchen,1080.87,13
2023-10-23,Shampoo,Beauty,299.04,26
2023-10-23,Moisturizer,Beauty,809.08,30
2023-10-23,Lipstick,Beauty,478.52,28
2023-10-23,Perfume,Beauty,562.64,9
2023-10-23,Face Serum,Beauty,679.19,17
2023-10-24,Laptop,Electronics,5291.17,6
2023-10-24,Smartphone,Electronics,9405.7,14
2023-10-24,Headphones,Electronics,2329.28,19
2023-10-24,Tablet,Electronics,4526.95,12
2023-10-24,Smart Watch,Electronics,4298.62,18
2023-10-24,T-Shirt,Clothing,566.71,25
2023-10-24,Jeans,Clothing,1069.1,18
2023-10-24,Jacket,Clothing,1018.22,12
2023-10-24,Sneakers,Clothing,916.81,12
2023-10-24,Dress,Clothing,848.38,12
2023-10-24,Blender,Home & Kitchen,619.57,13
2023-10-24,Coffee Maker,Home & Kitchen,1106.26,14
2023-10-24,Cookware Set,Home & Kitchen,996.88,8
2023-10-24,Vacuum Cleaner,Home & Kitchen,1043.58,5
2023-10-24,Air Fryer,Home & Kitchen,848.34,10
2023-10-24,Shampoo,Beauty,224.21,18
2023-10-24,Moisturizer,Beauty,767.89,28
2023-10-24,Lipstick,Beauty,567.24,34
2023-10-24,Perfume,Beauty,482.48,8
2023-10-24,Face Serum,Beauty,467.22,12
2023-10-25,Laptop,Electronics,9339.45,10
2023-10-25,Smartphone,Electronics,9847.35,16
2023-10-25,Headphones,Electronics,2650.6,21
2023-10-25,Tablet,Electronics,4050.04,11
2023-10-25,Smart Watch,Electronics,4231.92,17
2023-10-25,T-Shirt,Clothing,824.87,35
2023-10-25,Jeans,Clothing,873.05,15
2023-10-25,Jacket,Clothing,980.29,11
2023-10-25,Sneakers,Clothing,1188.1,16
2023-10-25,Dress,Clothing,712.64,10
2023-10-25,Blender,Home & Kitchen,678.55,14
2023-10-25,Coffee Maker,Home & Kitchen,628.92,8
2023-10-25,Cookware Set,Home & Kitchen,1189.46,9
2023-10-25,Vacuum Cleaner,Home & Kitchen,922.29,5
2023-10-25,Air Fryer,Home & Kitchen,900.02,10
2023-10-25,Shampoo,Beauty,267.64,23
2023-10-25,Moisturizer,Beauty,906.24,32
2023-10-25,Lipstick,Beauty,422.2,25
2023-10-25,Perfume,Beauty,635.08,10
2023-10-25,Face Serum,Beauty,458.54,11
2023-10-26,Laptop,Electronics,4666.4,5
2023-10-26,Smartphone,Electronics,8320.48,13
2023-10-26,Headphones,Electronics,3407.2,26
2023-10-26,Tablet,Electronics,2857.94,7
2023-10-26,Smart Watch,Electronics,4134.32,17
2023-10-26,T-Shirt,Clothing,878.12,35
2023-10-26,Jeans,Clothing,1599.96,27
2023-10-26,Jacket,Clothing,920.76,11
2023-10-26,Sneakers,Clothing,804.35,11
2023-10-26,Dress,Clothing,796.45,11
2023-10-26,Blender,Home & Kitchen,822.18,16
2023-10-26,Coffee Maker,Home & Kitchen,767.11,10
2023-10-26,Cookware Set,Home & Kitchen,1067.06,8
2023-10-26,Vacuum Cleaner,Home & Kitchen,1003.18,5
2023-10-26,Air Fryer,Home & Kitchen,1089.03,12
2023-10-26,Shampoo,Beauty,327.06,29
2023-10-26,Moisturizer,Beauty,615.94,22
2023-10-26,Lipstick,Beauty,445.04,26
2023-10-26,Perfume,Beauty,504.91,8
2023-10-26,Face Serum,Beauty,815.42,20
2023-10-27,Laptop,Electronics,5043.63,6
2023-10-27,Smartphone,Electronics,11672.54,18
2023-10-27,Headphones,Electronics,2767.34,22
2023-10-27,Tablet,Electronics,3584.11,9
2023-10-27,Smart Watch,Electronics,4999.32,20
2023-10-27,T-Shirt,Clothing,582.46,26
2023-10-27,Jeans,Clothing,1033.85,19
2023-10-27,Jacket,Clothing,1302.73,15
2023-10-27,Sneakers,Clothing,743.96,10
2023-10-27,Dress,Clothing,728.54,11
2023-10-27,Blender,Home & Kitchen,695.27,14
2023-10-27,Coffee Maker,Home & Kitchen,762.0,10
2023-10-27,Cookware Set,Home & Kitchen,914.78,7
2023-10-27,Vacuum Cleaner,Home & Kitchen,1453.13,7
2023-10-27,Air Fryer,Home & Kitchen,1004.9,11
2023-10-27,Shampoo,Beauty,410.57,34
2023-10-27,Moisturizer,Beauty,665.42,23
2023-10-27,Lipstick,Beauty,458.27,27
2023-10-27,Perfume,Beauty,665.66,10
2023-10-27,Face Serum,Beauty,414.78,10
2023-10-28,Laptop,Electronics,6403.73,7
2023-10-28,Smartphone,Electronics,12570.59,19
2023-10-28,Headphones,Electronics,3236.13,25
2023-10-28,Tablet,Electronics,2999.61,8
2023-10-28,Smart Watch,Electronics,4618.26,20
2023-10-28,T-Shirt,Clothing,1371.41,56
2023-10-28,Jeans,Clothing,2220.58,38
2023-10-28,Jacket,Clothing,1937.58,21
2023-10-28,Sneakers,Clothing,1951.64,25
2023-10-28,Dress,Clothing,1545.89,24
2023-10-28,Blender,Home & Kitchen,893.45,18
2023-10-28,Coffee Maker,Home & Kitchen,662.01,8
2023-10-28,Cookware Set,Home & Kitchen,1033.76,8
2023-10-28,Vacuum Cleaner,Home & Kitchen,1210.12,6
2023-10-28,Air Fryer,Home & Kitchen,1407.91,17
2023-10-28,Shampoo,Beauty,541.4,43
2023-10-28,Moisturizer,Beauty,979.64,35
2023-10-28,Lipstick,Beauty,555.92,30
2023-10-28,Perfume,Beauty,580.4,9
2023-10-28,Face Serum,Beauty,687.75,17
2023-10-29,Laptop,Electronics,6516.69,7
2023-10-29,Smartphone,Electronics,9437.96,15
2023-10-29,Headphones,Electronics,3967.68,30
2023-10-29,Tablet,Electronics,5197.6,13
2023-10-29,Smart Watch,Electronics,7009.43,29
2023-10-29,T-Shirt,Clothing,1108.51,49
2023-10-29,Jeans,Clothing,1599.9,29
2023-10-29,Jacket,Clothing,1585.69,19
2023-10-29,Sneakers,Clothing,1378.96,18
2023-10-29,Dress,Clothing,777.46,12
2023-10-29,Blender,Home & Kitchen,747.39,16
2023-10-29,Coffee Maker,Home & Kitchen,804.66,10
2023-10-29,Cookware Set,Home & Kitchen,918.97,7
2023-10-29,Vacuum Cleaner,Home & Kitchen,1239.36,6
2023-10-29,Air Fryer,Home & Kitchen,1248.91,14
2023-10-29,Shampoo,Beauty,381.17,33
2023-10-29,Moisturizer,Beauty,917.11,32
2023-10-29,Lipstick,Beauty,489.75,27
2023-10-29,Perfume,Beauty,704.04,11
2023-10-29,Face Serum,Beauty,532.73,13
2023-10-30,Laptop,Electronics,4711.3,5
2023-10-30,Smartphone,Electronics,7895.29,12
2023-10-30,Headphones,Electronics,2742.11,21
2023-10-30,Tablet,Electronics,3705.22,10
2023-10-30,Smart Watch,Electronics,5048.99,22
2023-10-30,T-Shirt,Clothing,818.81,33
2023-10-30,Jeans,Clothing,1569.15,27
2023-10-30,Jacket,Clothing,922.6,11
2023-10-30,Sneakers,Clothing,1067.31,13
2023-10-30,Dress,Clothing,835.28,12
2023-10-30,Blender,Home & Kitchen,820.12,16
2023-10-30,Coffee Maker,Home & Kitchen,796.01,10
2023-10-30,Cookware Set,Home & Kitchen,1654.7,13
2023-10-30,Vacuum Cleaner,Home & Kitchen,1026.67,5
2023-10-30,Air Fryer,Home & Kitchen,1406.86,16
2023-10-30,Shampoo,Beauty,296.6,25
2023-10-30,Moisturizer,Beauty,834.27,32
2023-10-30,Lipstick,Beauty,458.48,25
2023-10-30,Perfume,Beauty,542.18,9
2023-10-30,Face Serum,Beauty,552.29,13
2023-10-31,Laptop,Electronics,6044.84,7
2023-10-31,Smartphone,Electronics,8220.07,13
2023-10-31,Headphones,Electronics,1895.61,15
2023-10-31,Tablet,Electronics,4449.48,11
2023-10-31,Smart Watch,Electronics,3191.5,13
2023-10-31,T-Shirt,Clothing,666.76,30
2023-10-31,Jeans,Clothing,1340.85,22
2023-10-31,Jacket,Clothing,936.11,11
2023-10-31,Sneakers,Clothing,1203.51,15
2023-10-31,Dress,Clothing,935.28,13
2023-10-31,Blender,Home & Kitchen,630.04,13
2023-10-31,Coffee Maker,Home & Kitchen,730.95,10
2023-10-31,Cookware Set,Home & Kitchen,808.32,6
2023-10-31,Vacuum Cleaner,Home & Kitchen,996.67,5
2023-10-31,Air Fryer,Home & Kitchen,882.14,10
2023-10-31,Shampoo,Beauty,375.18,30
2023-10-31,Moisturizer,Beauty,622.26,22
2023-10-31,Lipstick,Beauty,392.78,23
2023-10-31,Perfume,Beauty,522.71,8
2023-10-31,Face Serum,Beauty,529.2,12
2023-11-01,Laptop,Electronics,7656.51,9
2023-11-01,Smartphone,Electronics,10371.86,17
2023-11-01,Headphones,Electronics,2534.85,19
2023-11-01,Tablet,Electronics,4017.54,10
2023-11-01,Smart Watch,Electronics,5027.98,21
2023-11-01,T-Shirt,Clothing,1206.27,50
2023-11-01,Jeans,Clothing,1838.75,30
2023-11-01,Jacket,Clothing,2361.71,27
2023-11-01,Sneakers,Clothing,1299.65,17
2023-11-01,Dress,Clothing,1160.46,17
2023-11-01,Blender,Home & Kitchen,960.45,19
2023-11-01,Coffee Maker,Home & Kitchen,1230.98,16
2023-11-01,Cookware Set,Home & Kitchen,1497.11,12
2023-11-01,Vacuum Cleaner,Home & Kitchen,1314.27,7
2023-11-01,Air Fryer,Home & Kitchen,1420.25,17
2023-11-01,Shampoo,Beauty,369.37,31
2023-11-01,Moisturizer,Beauty,786.47,28
2023-11-01,Lipstick,Beauty,483.42,28
2023-11-01,Perfume,Beauty,484.68,8
2023-11-01,Face Serum,Beauty,511.26,12
2023-11-02,Laptop,Electronics,9674.16,11
2023-11-02,Smartphone,Electronics,11507.62,19
2023-11-02,Headphones,Electronics,3566.65,27
2023-11-02,Tablet,Electronics,4500.11,12
2023-11-02,Smart Watch,Electronics,5178.38,20
2023-11-02,T-Shirt,Clothing,843.45,34
2023-11-02,Jeans,Clothing,1503.36,26
2023-11-02,Jacket,Clothing,1687.36,20
2023-11-02,Sneakers,Clothing,1399.41,17
2023-11-02,Dress,Clothing,1578.43,22
2023-11-02,Blender,Home & Kitchen,544.93,12
2023-11-02,Coffee Maker,Home & Kitchen,967.78,13
2023-11-02,Cookware Set,Home & Kitchen,1893.84,14
2023-11-02,Vacuum Cleaner,Home & Kitchen,1449.04,7
2023-11-02,Air Fryer,Home & Kitchen,1763.09,20
2023-11-02,Shampoo,Beauty,323.52,26
2023-11-02,Moisturizer,Beauty,579.05,22
2023-11-02,Lipstick,Beauty,407.66,24
2023-11-02,Perfume,Beauty,483.64,8
2023-11-02,Face Serum,Beauty,386.09,9
2023-11-03,Laptop,Electronics,8267.57,9
2023-11-03,Smartphone,Electronics,10600.17,16
2023-11-03,Headphones,Electronics,4357.07,34
2023-11-03,Tablet,Electronics,4521.78,12
2023-11-03,Smart Watch,Electronics,4560.92,18
2023-11-03,T-Shirt,Clothing,950.86,41
2023-11-03,Jeans,Clothing,1623.73,27
2023-11-03,Jacket,Clothing,1488.81,18
2023-11-03,Sneakers,Clothing,1424.53,19
2023-11-03,Dress,Clothing,1444.6,21
2023-11-03,Blender,Home & Kitchen,701.74,14
2023-11-03,Coffee Maker,Home & Kitchen,844.26,11
2023-11-03,Cookware Set,Home & Kitchen,1046.88,8
2023-11-03,Vacuum Cleaner,Home & Kitchen,1130.59,6
2023-11-03,Air Fryer,Home & Kitchen,1419.62,16
2023-11-03,Shampoo,Beauty,367.76,30
2023-11-03,Moisturizer,Beauty,905.65,31
2023-11-03,Lipstick,Beauty,489.33,26
2023-11-03,Perfume,Beauty,478.58,8
2023-11-03,Face Serum,Beauty,475.37,12
2023-11-04,Laptop,Electronics,8618.49,10
2023-11-04,Smartphone,Electronics,11959.94,20
2023-11-04,Headphones,Electronics,3336.71,28
2023-11-04,Tablet,Electronics,6611.32,16
2023-11-04,Smart Watch,Electronics,4384.8,18
2023-11-04,T-Shirt,Clothing,1583.47,64
2023-11-04,Jeans,Clothing,2778.86,45
2023-11-04,Jacket,Clothing,2631.32,30
2023-11-04,Sneakers,Clothing,1457.34,20
2023-11-04,Dress,Clothing,1411.04,21
2023-11-04,Blender,Home & Kitchen,786.74,16
2023-11-04,Coffee Maker,Home & Kitchen,900.01,12
2023-11-04,Cookware Set,Home & Kitchen,1456.96,12
2023-11-04,Vacuum Cleaner,Home & Kitchen,1192.5,6
2023-11-04,Air Fryer,Home & Kitchen,1654.54,19
2023-11-04,Shampoo,Beauty,419.72,34
2023-11-04,Moisturizer,Beauty,849.97,30
2023-11-04,Lipstick,Beauty,483.85,26
2023-11-04,Perfume,Beauty,665.28,10
2023-11-04,Face Serum,Beauty,602.73,14
2023-11-05,Laptop,Electronics,6733.98,8
2023-11-05,Smartphone,Electronics,12027.71,18
2023-11-05,Headphones,Electronics,4199.36,34
2023-11-05,Tablet,Electronics,4558.85,12
2023-11-05,Smart Watch,Electronics,7584.27,30
2023-11-05,T-Shirt,Clothing,1092.2,48
2023-11-05,Jeans,Clothing,2177.74,37
2023-11-05,Jacket,Clothing,2504.34,28
2023-11-05,Sneakers,Clothing,1982.44,24
2023-11-05,Dress,Clothing,1281.52,18
2023-11-05,Blender,Home & Kitchen,912.32,20
2023-11-05,Coffee Maker,Home & Kitchen,1180.23,15
2023-11-05,Cookware Set,Home & Kitchen,1217.02,10
2023-11-05,Vacuum Cleaner,Home & Kitchen,1441.02,7
2023-11-05,Air Fryer,Home & Kitchen,982.58,12
2023-11-05,Shampoo,Beauty,401.22,34
2023-11-05,Moisturizer,Beauty,674.44,24
2023-11-05,Lipstick,Beauty,652.16,37
2023-11-05,Perfume,Beauty,555.8,9
2023-11-05,Face Serum,Beauty,511.91,12
2023-11-06,Laptop,Electronics,6843.57,8
2023-11-06,Smartphone,Electronics,12915.1,20
2023-11-06,Headphones,Electronics,3523.24,27
2023-11-06,Tablet,Electronics,5348.25,13
2023-11-06,Smart Watch,Electronics,4355.25,19
2023-11-06,T-Shirt,Clothing,1258.67,55
2023-11-06,Jeans,Clothing,1454.66,25
2023-11-06,Jacket,Clothing,1053.77,12
2023-11-06,Sneakers,Clothing,1474.89,20
2023-11-06,Dress,Clothing,939.05,14
2023-11-06,Blender,Home & Kitchen,1123.3,22
2023-11-06,Coffee Maker,Home & Kitchen,874.73,11
2023-11-06,Cookware Set,Home & Kitchen,1175.85,9
2023-11-06,Vacuum Cleaner,Home & Kitchen,1600.39,8
2023-11-06,Air Fryer,Home & Kitchen,1511.39,18
2023-11-06,Shampoo,Beauty,465.03,40
2023-11-06,Moisturizer,Beauty,698.99,26
2023-11-06,Lipstick,Beauty,586.16,34
2023-11-06,Perfume,Beauty,737.21,11
2023-11-06,Face Serum,Beauty,484.83,12
2023-11-07,Laptop,Electronics,6694.23,8
2023-11-07,Smartphone,Electronics,13303.0,21
2023-11-07,Headphones,Electronics,3854.08,29
2023-11-07,Tablet,Electronics,5198.33,14
2023-11-07,Smart Watch,Electronics,5420.15,22
2023-11-07,T-Shirt,Clothing,1081.85,45
2023-11-07,Jeans,Clothing,1659.53,27
2023-11-07,Jacket,Clothing,1573.85,19
2023-11-07,Sneakers,Clothing,1420.25,18
2023-11-07,Dress,Clothing,1054.29,16
2023-11-07,Blender,Home & Kitchen,1195.99,24
2023-11-07,Coffee Maker,Home & Kitchen,1220.45,16
2023-11-07,Cookware Set,Home & Kitchen,1257.34,10
2023-11-07,Vacuum Cleaner,Home & Kitchen,1252.15,6
2023-11-07,Air Fryer,Home & Kitchen,2064.0,23
2023-11-07,Shampoo,Beauty,396.7,33
2023-11-07,Moisturizer,Beauty,1174.78,42
2023-11-07,Lipstick,Beauty,508.9,29
2023-11-07,Perfume,Beauty,372.92,6
2023-11-07,Face Serum,Beauty,711.23,18
2023-11-08,Laptop,Electronics,9873.7,11
2023-11-08,Smartphone,Electronics,12364.78,19
2023-11-08,Headphones,Electronics,2513.28,21
2023-11-08,Tablet,Electronics,5898.55,15
2023-11-08,Smart Watch,Electronics,6245.15,25
2023-11-08,T-Shirt,Clothing,1643.03,67
2023-11-08,Jeans,Clothing,2246.91,38
2023-11-08,Jacket,Clothing,2230.83,24
2023-11-08,Sneakers,Clothing,1745.43,22
2023-11-08,Dress,Clothing,1121.57,16
2023-11-08,Blender,Home & Kitchen,1018.71,20
2023-11-08,Coffee Maker,Home & Kitchen,897.31,12
2023-11-08,Cookware Set,Home & Kitchen,1292.62,10
2023-11-08,Vacuum Cleaner,Home & Kitchen,1338.39,7
2023-11-08,Air Fryer,Home & Kitchen,1795.83,20
2023-11-08,Shampoo,Beauty,449.49,40
2023-11-08,Moisturizer,Beauty,895.45,34
2023-11-08,Lipstick,Beauty,428.73,24
2023-11-08,Perfume,Beauty,807.67,13
2023-11-08,Face Serum,Beauty,681.33,16
2023-11-09,Laptop,Electronics,9169.19,10
2023-11-09,Smartphone,Electronics,14203.61,21
2023-11-09,Headphones,Electronics,2930.23,23
2023-11-09,Tablet,Electronics,4962.02,13
2023-11-09,Smart Watch,Electronics,6957.58,29
2023-11-09,T-Shirt,Clothing,876.84,35
2023-11-09,Jeans,Clothing,1210.58,22
2023-11-09,Jacket,Clothing,1721.79,21
2023-11-09,Sneakers,Clothing,1795.8,23
2023-11-09,Dress,Clothing,823.05,12
2023-11-09,Blender,Home & Kitchen,848.56,18
2023-11-09,Coffee Maker,Home & Kitchen,1077.23,14
2023-11-09,Cookware Set,Home & Kitchen,1209.5,10
2023-11-09,Vacuum Cleaner,Home & Kitchen,1504.44,8
2023-11-09,Air Fryer,Home & Kitchen,1251.37,15
2023-11-09,Shampoo,Beauty,369.65,33
2023-11-09,Moisturizer,Beauty,908.97,34
2023-11-09,Lipstick,Beauty,510.84,30
2023-11-09,Perfume,Beauty,542.5,8
2023-11-09,Face Serum,Beauty,657.66,15
2023-11-10,Laptop,Electronics,7138.2,8
2023-11-10,Smartphone,Electronics,10436.17,17
2023-11-10,Headphones,Electronics,4073.79,34
2023-11-10,Tablet,Electronics,5830.35,15
2023-11-10,Smart Watch,Electronics,5234.88,22
2023-11-10,T-Shirt,Clothing,900.8,40
2023-11-10,Jeans,Clothing,1472.66,26
2023-11-10,Jacket,Clothing,1659.34,20
2023-11-10,Sneakers,Clothing,1651.64,22
2023-11-10,Dress,Clothing,1011.72,14
2023-11-10,Blender,Home & Kitchen,951.35,21
2023-11-10,Coffee Maker,Home & Kitchen,886.87,12
2023-11-10,Cookware Set,Home & Kitchen,1180.51,9
2023-11-10,Vacuum Cleaner,Home & Kitchen,1307.97,7
2023-11-10,Air Fryer,Home & Kitchen,1451.2,17
2023-11-10,Shampoo,Beauty,437.38,35
2023-11-10,Moisturizer,Beauty,939.27,34
2023-11-10,Lipstick,Beauty,494.6,27
2023-11-10,Perfume,Beauty,579.26,9
2023-11-10,Face Serum,Beauty,553.35,13
2023-11-11,Laptop,Electronics,9053.9,10
2023-11-11,Smartphone,Electronics,15340.64,23
2023-11-11,Headphones,Electronics,3153.58,26
2023-11-11,Tablet,Electronics,7604.92,20
2023-11-11,Smart Watch,Electronics,6860.18,29
2023-11-11,T-Shirt,Clothing,1776.09,75
2023-11-11,Jeans,Clothing,2137.95,38
2023-11-11,Jacket,Clothing,2530.14,28
2023-11-11,Sneakers,Clothing,2552.42,34
2023-11-11,Dress,Clothing,1479.66,23
2023-11-11,Blender,Home & Kitchen,974.3,19
2023-11-11,Coffee Maker,Home & Kitchen,813.59,11
2023-11-11,Cookware Set,Home & Kitchen,1947.1,15
2023-11-11,Vacuum Cleaner,Home & Kitchen,1399.09,7
2023-11-11,Air Fryer,Home & Kitchen,1328.48,16
2023-11-11,Shampoo,Beauty,594.34,48
2023-11-11,Moisturizer,Beauty,1145.78,39
2023-11-11,Lipstick,Beauty,675.76,36
2023-11-11,Perfume,Beauty,526.74,8
2023-11-11,Face Serum,Beauty,633.16,16
2023-11-12,Laptop,Electronics,8054.79,9
2023-11-12,Smartphone,Electronics,12074.82,20
2023-11-12,Headphones,Electronics,6221.71,50
2023-11-12,Tablet,Electronics,5001.21,13
2023-11-12,Smart Watch,Electronics,7232.73,31
2023-11-12,T-Shirt,Clothing,1329.98,59
2023-11-12,Jeans,Clothing,2234.8,37
2023-11-12,Jacket,Clothing,3754.31,44
2023-11-12,Sneakers,Clothing,2382.15,31
2023-11-12,Dress,Clothing,1302.33,19
2023-11-12,Blender,Home & Kitchen,1142.25,23
2023-11-12,Coffee Maker,Home & Kitchen,1257.95,17
2023-11-12,Cookware Set,Home & Kitchen,1489.76,12
2023-11-12,Vacuum Cleaner,Home & Kitchen,1578.5,8
2023-11-12,Air Fryer,Home & Kitchen,1528.74,17
2023-11-12,Shampoo,Beauty,388.47,33
2023-11-12,Moisturizer,Beauty,781.93,29
2023-11-12,Lipstick,Beauty,600.36,34
2023-11-12,Perfume,Beauty,606.47,10
2023-11-12,Face Serum,Beauty,501.96,12
2023-11-13,Laptop,Electronics,7177.13,8
2023-11-13,Smartphone,Electronics,10512.18,16
2023-11-13,Headphones,Electronics,3688.46,28
2023-11-13,Tablet,Electronics,4811.98,12
2023-11-13,Smart Watch,Electronics,4902.33,20
2023-11-13,T-Shirt,Clothing,930.04,41
2023-11-13,Jeans,Clothing,1585.65,26
2023-11-13,Jacket,Clothing,1678.51,19
2023-11-13,Sneakers,Clothing,1562.86,19
2023-11-13,Dress,Clothing,837.25,13
2023-11-13,Blender,Home & Kitchen,786.08,16
2023-11-13,Coffee Maker,Home & Kitchen,1315.42,16
2023-11-13,Cookware Set,Home & Kitchen,1076.71,8
2023-11-13,Vacuum Cleaner,Home & Kitchen,1209.76,6
2023-11-13,Air Fryer,Home & Kitchen,1152.09,14
2023-11-13,Shampoo,Beauty,306.79,27
2023-11-13,Moisturizer,Beauty,613.81,21
2023-11-13,Lipstick,Beauty,344.93,20
2023-11-13,Perfume,Beauty,491.4,8
2023-11-13,Face Serum,Beauty,428.94,11
2023-11-14,Laptop,Electronics,8134.69,9
2023-11-14,Smartphone,Electronics,14082.87,21
2023-11-14,Headphones,Electronics,3671.94,28
2023-11-14,Tablet,Electronics,4637.58,12
2023-11-14,Smart Watch,Electronics,5074.99,22
2023-11-14,T-Shirt,Clothing,962.89,42
2023-11-14,Jeans,Clothing,1536.11,25
2023-11-14,Jacket,Clothing,1665.89,19
2023-11-14,Sneakers,Clothing,863.49,11
2023-11-14,Dress,Clothing,1005.48,14
2023-11-14,Blender,Home & Kitchen,647.13,14
2023-11-14,Coffee Maker,Home & Kitchen,847.75,11
2023-11-14,Cookware Set,Home & Kitchen,955.08,8
2023-11-14,Vacuum Cleaner,Home & Kitchen,2014.65,10
2023-11-14,Air Fryer,Home & Kitchen,1504.2,18
2023-11-14,Shampoo,Beauty,321.88,29
2023-11-14,Moisturizer,Beauty,715.48,25
2023-11-14,Lipstick,Beauty,518.61,29
2023-11-14,Perfume,Beauty,494.7,8
2023-11-14,Face Serum,Beauty,461.91,11
2023-11-15,Laptop,Electronics,7722.72,9
2023-11-15,Smartphone,Electronics,10368.92,17
2023-11-15,Headphones,Electronics,3746.35,28
2023-11-15,Tablet,Electronics,3683.43,10
2023-11-15,Smart Watch,Electronics,5297.92,22
2023-11-15,T-Shirt,Clothing,958.45,39
2023-11-15,Jeans,Clothing,1778.04,30
2023-11-15,Jacket,Clothing,1661.73,20
2023-11-15,Sneakers,Clothing,1822.86,24
2023-11-15,Dress,Clothing,1577.92,22
2023-11-15,Blender,Home & Kitchen,1178.33,25
2023-11-15,Coffee Maker,Home & Kitchen,1227.74,15
2023-11-15,Cookware Set,Home & Kitchen,1436.04,11
2023-11-15,Vacuum Cleaner,Home & Kitchen,1141.58,6
2023-11-15,Air Fryer,Home & Kitchen,891.09,10
2023-11-15,Shampoo,Beauty,389.69,34
2023-11-15,Moisturizer,Beauty,687.29,24
2023-11-15,Lipstick,Beauty,719.33,42
2023-11-15,Perfume,Beauty,398.64,6
2023-11-15,Face Serum,Beauty,552.24,14
2023-11-16,Laptop,Electronics,8248.47,9
2023-11-16,Smartphone,Electronics,8728.89,14
2023-11-16,Headphones,Electronics,3434.17,27
2023-11-16,Tablet,Electronics,3821.13,10
2023-11-16,Smart Watch,Electronics,5186.42,20
2023-11-16,T-Shirt,Clothing,987.82,40
2023-11-16,Jeans,Clothing,1301.13,22
2023-11-16,Jacket,Clothing,1388.59,15
2023-11-16,Sneakers,Clothing,1196.49,16
2023-11-16,Dress,Clothing,707.95,11
2023-11-16,Blender,Home & Kitchen,772.92,17
2023-11-16,Coffee Maker,Home & Kitchen,1182.19,15
2023-11-16,Cookware Set,Home & Kitchen,1026.32,8
2023-11-16,Vacuum Cleaner,Home & Kitchen,1820.56,9
2023-11-16,Air Fryer,Home & Kitchen,1871.56,22
2023-11-16,Shampoo,Beauty,300.14,26
2023-11-16,Moisturizer,Beauty,729.72,27
2023-11-16,Lipstick,Beauty,404.88,23
2023-11-16,Perfume,Beauty,467.64,7
2023-11-16,Face Serum,Beauty,453.58,11
2023-11-17,Laptop,Electronics,7098.99,8
2023-11-17,Smartphone,Electronics,12028.54,18
2023-11-17,Headphones,Electronics,3262.82,27
2023-11-17,Tablet,Electronics,3948.09,10
2023-11-17,Smart Watch,Electronics,5492.61,23
2023-11-17,T-Shirt,Clothing,910.59,39
2023-11-17,Jeans,Clothing,1276.02,21
2023-11-17,Jacket,Clothing,1334.72,15
2023-11-17,Sneakers,Clothing,1530.78,19
2023-11-17,Dress,Clothing,1330.85,19
2023-11-17,Blender,Home & Kitchen,973.63,21
2023-11-17,Coffee Maker,Home & Kitchen,841.22,11
2023-11-17,Cookware Set,Home & Kitchen,1127.74,9
2023-11-17,Vacuum Cleaner,Home & Kitchen,1229.53,6
2023-11-17,Air Fryer,Home & Kitchen,1322.95,16
2023-11-17,Shampoo,Beauty,307.32,26
2023-11-17,Moisturizer,Beauty,774.69,27
2023-11-17,Lipstick,Beauty,502.29,30
2023-11-17,Perfume,Beauty,378.8,6
2023-11-17,Face Serum,Beauty,654.24,15
2023-11-18,Laptop,Electronics,9904.81,11
2023-11-18,Smartphone,Electronics,17201.24,27
2023-11-18,Headphones,Electronics,4507.92,36
2023-11-18,Tablet,Electronics,6948.13,17
2023-11-18,Smart Watch,Electronics,6444.96,25
2023-11-18,T-Shirt,Clothing,1284.4,52
2023-11-18,Jeans,Clothing,2003.32,35
2023-11-18,Jacket,Clothing,1910.61,21
2023-11-18,Sneakers,Clothing,1618.03,21
2023-11-18,Dress,Clothing,1786.95,26
2023-11-18,Blender,Home & Kitchen,857.27,18
2023-11-18,Coffee Maker,Home & Kitchen,867.86,11
2023-11-18,Cookware Set,Home & Kitchen,1722.72,14
2023-11-18,Vacuum Cleaner,Home & Kitchen,2251.87,12
2023-11-18,Air Fryer,Home & Kitchen,1131.99,13
2023-11-18,Shampoo,Beauty,352.11,31
2023-11-18,Moisturizer,Beauty,848.57,31
2023-11-18,Lipstick,Beauty,403.76,24
2023-11-18,Perfume,Beauty,664.06,11
2023-11-18,Face Serum,Beauty,412.22,10
2023-11-19,Laptop,Electronics,12151.26,14
2023-11-19,Smartphone,Electronics,13160.73,21
2023-11-19,Headphones,Electronics,5437.49,45
2023-11-19,Tablet,Electronics,5644.82,14
2023-11-19,Smart Watch,Electronics,5980.79,24
2023-11-19,T-Shirt,Clothing,1182.88,47
2023-11-19,Jeans,Clothing,2719.95,47
2023-11-19,Jacket,Clothing,3157.66,35
2023-11-19,Sneakers,Clothing,3227.09,40
2023-11-19,Dress,Clothing,1172.31,17
2023-11-19,Blender,Home & Kitchen,1047.55,23
2023-11-19,Coffee Maker,Home & Kitchen,974.55,12
2023-11-19,Cookware Set,Home & Kitchen,1251.08,10
2023-11-19,Vacuum Cleaner,Home & Kitchen,1325.65,7
2023-11-19,Air Fryer,Home & Kitchen,1238.04,14
2023-11-19,Shampoo,Beauty,380.82,32
2023-11-19,Moisturizer,Beauty,788.05,27
2023-11-19,Lipstick,Beauty,695.94,37
2023-11-19,Perfume,Beauty,658.01,11
2023-11-19,Face Serum,Beauty,604.2,14
2023-11-20,Laptop,Electronics,7201.34,8
2023-11-20,Smartphone,Electronics,9750.01,16
2023-11-20,Headphones,Electronics,3437.24,28
2023-11-20,Tablet,Electronics,4944.56,12
2023-11-20,Smart Watch,Electronics,6613.97,26
2023-11-20,T-Shirt,Clothing,1460.46,58
2023-11-20,Jeans,Clothing,1323.86,23
2023-11-20,Jacket,Clothing,1247.58,14
2023-11-20,Sneakers,Clothing,1683.45,21
2023-11-20,Dress,Clothing,1099.11,17
2023-11-20,Blender,Home & Kitchen,1309.22,26
2023-11-20,Coffee Maker,Home & Kitchen,717.93,9
2023-11-20,Cookware Set,Home & Kitchen,1577.3,12
2023-11-20,Vacuum Cleaner,Home & Kitchen,1378.56,7
2023-11-20,Air Fryer,Home & Kitchen,1174.65,14
2023-11-20,Shampoo,Beauty,349.06,30
2023-11-20,Moisturizer,Beauty,791.11,30
2023-11-20,Lipstick,Beauty,419.52,23
2023-11-20,Perfume,Beauty,396.58,6
2023-11-20,Face Serum,Beauty,607.54,15
2023-11-21,Laptop,Electronics,5893.36,7
2023-11-21,Smartphone,Electronics,9079.67,15
2023-11-21,Headphones,Electronics,2754.53,23
2023-11-21,Tablet,Electronics,5746.01,14
2023-11-21,Smart Watch,Electronics,5194.94,20
2023-11-21,T-Shirt,Clothing,865.5,36
2023-11-21,Jeans,Clothing,1577.51,27
2023-11-21,Jacket,Clothing,1575.16,17
2023-11-21,Sneakers,Clothing,1270.22,17
2023-11-21,Dress,Clothing,761.25,11
2023-11-21,Blender,Home & Kitchen,871.57,19
2023-11-21,Coffee Maker,Home & Kitchen,970.64,12
2023-11-21,Cookware Set,Home & Kitchen,763.85,6
2023-11-21,Vacuum Cleaner,Home & Kitchen,1864.41,9
2023-11-21,Air Fryer,Home & Kitchen,842.91,10
2023-11-21,Shampoo,Beauty,295.88,24
2023-11-21,Moisturizer,Beauty,618.85,24
2023-11-21,Lipstick,Beauty,402.94,22
2023-11-21,Perfume,Beauty,420.15,7
2023-11-21,Face Serum,Beauty,394.66,10
2023-11-22,Laptop,Electronics,11129.31,13
2023-11-22,Smartphone,Electronics,21203.6,32
2023-11-22,Headphones,Electronics,5448.33,42
2023-11-22,Tablet,Electronics,7777.54,19
2023-11-22,Smart Watch,Electronics,7301.12,30
2023-11-22,T-Shirt,Clothing,1419.98,64
2023-11-22,Jeans,Clothing,2346.05,42
2023-11-22,Jacket,Clothing,2342.27,28
2023-11-22,Sneakers,Clothing,2057.65,26
2023-11-22,Dress,Clothing,1257.78,19
2023-11-22,Blender,Home & Kitchen,837.6,18
2023-11-22,Coffee Maker,Home & Kitchen,1933.32,26
2023-11-22,Cookware Set,Home & Kitchen,2531.27,20
2023-11-22,Vacuum Cleaner,Home & Kitchen,1861.45,10
2023-11-22,Air Fryer,Home & Kitchen,1977.32,23
2023-11-22,Shampoo,Beauty,714.55,57
2023-11-22,Moisturizer,Beauty,1019.93,35
2023-11-22,Lipstick,Beauty,560.65,33
2023-11-22,Perfume,Beauty,993.29,16
2023-11-22,Face Serum,Beauty,665.67,17
2023-11-23,Laptop,Electronics,10066.13,11
2023-11-23,Smartphone,Electronics,19709.25,29
2023-11-23,Headphones,Electronics,4486.47,36
2023-11-23,Tablet,Electronics,9438.73,23
2023-11-23,Smart Watch,Electronics,7996.81,33
2023-11-23,T-Shirt,Clothing,1236.51,56
2023-11-23,Jeans,Clothing,1969.46,35
2023-11-23,Jacket,Clothing,2342.06,27
2023-11-23,Sneakers,Clothing,2291.53,28
2023-11-23,Dress,Clothing,1503.32,21
2023-11-23,Blender,Home & Kitchen,1419.5,30
2023-11-23,Coffee Maker,Home & Kitchen,1840.41,24
2023-11-23,Cookware Set,Home & Kitchen,1949.22,16
2023-11-23,Vacuum Cleaner,Home & Kitchen,1782.86,9
2023-11-23,Air Fryer,Home & Kitchen,1669.33,19
2023-11-23,Shampoo,Beauty,592.0,49
2023-11-23,Moisturizer,Beauty,1247.36,47
2023-11-23,Lipstick,Beauty,608.64,35
2023-11-23,Perfume,Beauty,773.15,12
2023-11-23,Face Serum,Beauty,682.43,16
2023-11-24,Laptop,Electronics,9806.8,11
2023-11-24,Smartphone,Electronics,15651.91,24
2023-11-24,Headphones,Electronics,3175.83,26
2023-11-24,Tablet,Electronics,8839.39,22
2023-11-24,Smart Watch,Electronics,5819.74,25
2023-11-24,T-Shirt,Clothing,1429.47,62
2023-11-24,Jeans,Clothing,1498.13,27
2023-11-24,Jacket,Clothing,2498.39,27
2023-11-24,Sneakers,Clothing,2551.03,34
2023-11-24,Dress,Clothing,1423.97,22
2023-11-24,Blender,Home & Kitchen,1129.07,25
2023-11-24,Coffee Maker,Home & Kitchen,1203.52,16
2023-11-24,Cookware Set,Home & Kitchen,2022.14,17
2023-11-24,Vacuum Cleaner,Home & Kitchen,1608.84,8
2023-11-24,Air Fryer,Home & Kitchen,1937.52,21
2023-11-24,Shampoo,Beauty,429.32,38
2023-11-24,Moisturizer,Beauty,998.76,37
2023-11-24,Lipstick,Beauty,834.47,47
2023-11-24,Perfume,Beauty,761.55,12
2023-11-24,Face Serum,Beauty,686.53,16
2023-11-25,Laptop,Electronics,15297.67,17
2023-11-25,Smartphone,Electronics,20936.15,34
2023-11-25,Headphones,Electronics,7670.92,57
2023-11-25,Tablet,Electronics,10026.04,24
2023-11-25,Smart Watch,Electronics,9087.63,38
2023-11-25,T-Shirt,Clothing,2393.2,95
2023-11-25,Jeans,Clothing,2778.47,45
2023-11-25,Jacket,Clothing,3693.54,40
2023-11-25,Sneakers,Clothing,2983.44,38
2023-11-25,Dress,Clothing,2427.42,35
2023-11-25,Blender,Home & Kitchen,1670.56,37
2023-11-25,Coffee Maker,Home & Kitchen,1542.94,20
2023-11-25,Cookware Set,Home & Kitchen,1782.21,14
2023-11-25,Vacuum Cleaner,Home & Kitchen,2000.45,10
2023-11-25,Air Fryer,Home & Kitchen,2419.57,26
2023-11-25,Shampoo,Beauty,624.39,52
2023-11-25,Moisturizer,Beauty,1605.68,55
2023-11-25,Lipstick,Beauty,676.57,40
2023-11-25,Perfume,Beauty,905.06,14
2023-11-25,Face Serum,Beauty,967.81,25
2023-11-26,Laptop,Electronics,15255.62,18
2023-11-26,Smartphone,Electronics,23721.67,38
2023-11-26,Headphones,Electronics,7228.73,55
2023-11-26,Tablet,Electronics,9431.83,25
2023-11-26,Smart Watch,Electronics,10170.94,40
2023-11-26,T-Shirt,Clothing,1810.33,75
2023-11-26,Jeans,Clothing,2939.75,48
2023-11-26,Jacket,Clothing,3140.66,38
2023-11-26,Sneakers,Clothing,3390.92,45
2023-11-26,Dress,Clothing,1959.62,29
2023-11-26,Blender,Home & Kitchen,1156.27,24
2023-11-26,Coffee Maker,Home & Kitchen,1402.98,19
2023-11-26,Cookware Set,Home & Kitchen,2869.69,22
2023-11-26,Vacuum Cleaner,Home & Kitchen,1674.68,9
2023-11-26,Air Fryer,Home & Kitchen,1899.67,23
2023-11-26,Shampoo,Beauty,665.82,59
2023-11-26,Moisturizer,Beauty,1611.39,56
2023-11-26,Lipstick,Beauty,845.93,47
2023-11-26,Perfume,Beauty,660.4,10
2023-11-26,Face Serum,Beauty,852.77,20
2023-11-27,Laptop,Electronics,16578.95,18
2023-11-27,Smartphone,Electronics,14146.22,23
2023-11-27,Headphones,Electronics,4399.76,35
2023-11-27,Tablet,Electronics,9020.68,24
2023-11-27,Smart Watch,Electronics,7402.73,31
2023-11-27,T-Shirt,Clothing,1070.06,46
2023-11-27,Jeans,Clothing,1835.98,32
2023-11-27,Jacket,Clothing,1972.89,22
2023-11-27,Sneakers,Clothing,2188.82,30
2023-11-27,Dress,Clothing,1339.9,21
2023-11-27,Blender,Home & Kitchen,1122.9,22
2023-11-27,Coffee Maker,Home & Kitchen,1271.48,17
2023-11-27,Cookware Set,Home & Kitchen,1583.76,12
2023-11-27,Vacuum Cleaner,Home & Kitchen,2657.14,14
2023-11-27,Air Fryer,Home & Kitchen,1519.97,18
2023-11-27,Shampoo,Beauty,482.72,40
2023-11-27,Moisturizer,Beauty,1013.2,38
2023-11-27,Lipstick,Beauty,602.48,34
2023-11-27,Perfume,Beauty,665.04,10
2023-11-27,Face Serum,Beauty,985.84,23
2023-11-28,Laptop,Electronics,15858.92,19
2023-11-28,Smartphone,Electronics,17653.45,29
2023-11-28,Headphones,Electronics,5414.14,42
2023-11-28,Tablet,Electronics,5302.72,14
2023-11-28,Smart Watch,Electronics,9871.25,41
2023-11-28,T-Shirt,Clothing,1204.97,54
2023-11-28,Jeans,Clothing,1612.88,29
2023-11-28,Jacket,Clothing,2247.06,27
2023-11-28,Sneakers,Clothing,2832.76,35
2023-11-28,Dress,Clothing,1962.56,28
2023-11-28,Blender,Home & Kitchen,1117.85,24
2023-11-28,Coffee Maker,Home & Kitchen,1307.63,16
2023-11-28,Cookware Set,Home & Kitchen,1718.75,14
2023-11-28,Vacuum Cleaner,Home & Kitchen,1930.57,10
2023-11-28,Air Fryer,Home & Kitchen,2333.49,25
2023-11-28,Shampoo,Beauty,528.51,45
2023-11-28,Moisturizer,Beauty,879.09,30
2023-11-28,Lipstick,Beauty,543.25,32
2023-11-28,Perfume,Beauty,1086.71,16
2023-11-28,Face Serum,Beauty,810.82,20
2023-11-29,Laptop,Electronics,13859.35,15
2023-11-29,Smartphone,Electronics,14374.79,23
2023-11-29,Headphones,Electronics,5462.91,44
2023-11-29,Tablet,Electronics,4482.14,11
2023-11-29,Smart Watch,Electronics,8953.02,37
2023-11-29,T-Shirt,Clothing,1471.98,64
2023-11-29,Jeans,Clothing,1768.02,32
2023-11-29,Jacket,Clothing,2064.96,25
2023-11-29,Sneakers,Clothing,2612.54,33
2023-11-29,Dress,Clothing,1843.44,27
2023-11-29,Blender,Home & Kitchen,974.09,20
2023-11-29,Coffee Maker,Home & Kitchen,1455.41,18
2023-11-29,Cookware Set,Home & Kitchen,1394.38,11
2023-11-29,Vacuum Cleaner,Home & Kitchen,2352.11,12
2023-11-29,Air Fryer,Home & Kitchen,2293.75,27
2023-11-29,Shampoo,Beauty,401.75,36
2023-11-29,Moisturizer,Beauty,995.56,35
2023-11-29,Lipstick,Beauty,582.58,34
2023-11-29,Perfume,Beauty,791.5,12
2023-11-29,Face Serum,Beauty,629.3,16
2023-11-30,Laptop,Electronics,13445.4,15
2023-11-30,Smartphone,Electronics,21505.22,33
2023-11-30,Headphones,Electronics,5518.76,41
2023-11-30,Tablet,Electronics,6008.64,16
2023-11-30,Smart Watch,Electronics,7250.16,31
2023-11-30,T-Shirt,Clothing,1562.55,63
2023-11-30,Jeans,Clothing,2050.59,37
2023-11-30,Jacket,Clothing,2240.56,24
2023-11-30,Sneakers,Clothing,2823.41,35
2023-11-30,Dress,Clothing,1274.52,19
2023-11-30,Blender,Home & Kitchen,1769.87,37
2023-11-30,Coffee Maker,Home & Kitchen,1387.01,18
2023-11-30,Cookware Set,Home & Kitchen,1696.96,13
2023-11-30,Vacuum Cleaner,Home & Kitchen,1719.29,9
2023-11-30,Air Fryer,Home & Kitchen,1691.32,20
2023-11-30,Shampoo,Beauty,519.24,43
2023-11-30,Moisturizer,Beauty,1230.08,43
2023-11-30,Lipstick,Beauty,665.11,36
2023-11-30,Perfume,Beauty,629.17,10
2023-11-30,Face Serum,Beauty,745.67,18
2023-12-01,Laptop,Electronics,9264.67,10
2023-12-01,Smartphone,Electronics,10297.77,17
2023-12-01,Headphones,Electronics,5003.91,39
2023-12-01,Tablet,Electronics,4925.08,12
2023-12-01,Smart Watch,Electronics,6144.36,26
2023-12-01,T-Shirt,Clothing,1186.91,53
2023-12-01,Jeans,Clothing,2313.89,42
2023-12-01,Jacket,Clothing,1420.59,16
2023-12-01,Sneakers,Clothing,2129.95,29
2023-12-01,Dress,Clothing,1576.05,22
2023-12-01,Blender,Home & Kitchen,1439.86,30
2023-12-01,Coffee Maker,Home & Kitchen,1557.03,19
2023-12-01,Cookware Set,Home & Kitchen,1605.57,12
2023-12-01,Vacuum Cleaner,Home & Kitchen,1458.61,7
2023-12-01,Air Fryer,Home & Kitchen,1869.13,22
2023-12-01,Shampoo,Beauty,676.16,55
2023-12-01,Moisturizer,Beauty,832.07,31
2023-12-01,Lipstick,Beauty,533.6,31
2023-12-01,Perfume,Beauty,863.9,13
2023-12-01,Face Serum,Beauty,966.33,22
2023-12-02,Laptop,Electronics,12613.83,15
2023-12-02,Smartphone,Electronics,20425.41,30
2023-12-02,Headphones,Electronics,7317.68,56
2023-12-02,Tablet,Electronics,6671.28,18
2023-12-02,Smart Watch,Electronics,6996.7,29
2023-12-02,T-Shirt,Clothing,1828.97,75
2023-12-02,Jeans,Clothing,2990.51,54
2023-12-02,Jacket,Clothing,2942.66,32
2023-12-02,Sneakers,Clothing,3372.88,46
2023-12-02,Dress,Clothing,1809.23,26
2023-12-02,Blender,Home & Kitchen,1309.4,26
2023-12-02,Coffee Maker,Home & Kitchen,1573.15,19
2023-12-02,Cookware Set,Home & Kitchen,1974.16,16
2023-12-02,Vacuum Cleaner,Home & Kitchen,1521.71,8
2023-12-02,Air Fryer,Home & Kitchen,1696.26,19
2023-12-02,Shampoo,Beauty,614.79,49
2023-12-02,Moisturizer,Beauty,1115.9,39
2023-12-02,Lipstick,Beauty,835.31,47
2023-12-02,Perfume,Beauty,980.34,15
2023-12-02,Face Serum,Beauty,865.08,22
2023-12-03,Laptop,Electronics,11461.55,13
2023-12-03,Smartphone,Electronics,23330.91,35
2023-12-03,Headphones,Electronics,4906.12,38
2023-12-03,Tablet,Electronics,8505.84,23
2023-12-03,Smart Watch,Electronics,7088.74,30
2023-12-03,T-Shirt,Clothing,1616.27,67
2023-12-03,Jeans,Clothing,3147.35,51
2023-12-03,Jacket,Clothing,2816.13,33
2023-12-03,Sneakers,Clothing,3184.8,41
2023-12-03,Dress,Clothing,1394.44,20
2023-12-03,Blender,Home & Kitchen,1048.8,23
2023-12-03,Coffee Maker,Home & Kitchen,1746.51,24
2023-12-03,Cookware Set,Home & Kitchen,1547.13,12
2023-12-03,Vacuum Cleaner,Home & Kitchen,2237.5,11
2023-12-03,Air Fryer,Home & Kitchen,2967.21,36
2023-12-03,Shampoo,Beauty,899.7,74
2023-12-03,Moisturizer,Beauty,1218.42,42
2023-12-03,Lipstick,Beauty,881.13,52
2023-12-03,Perfume,Beauty,1152.05,17
2023-12-03,Face Serum,Beauty,1025.86,24
2023-12-04,Laptop,Electronics,7450.79,9
2023-12-04,Smartphone,Electronics,16061.01,24
2023-12-04,Headphones,Electronics,4351.37,36
2023-12-04,Tablet,Electronics,4657.89,12
2023-12-04,Smart Watch,Electronics,6149.65,26
2023-12-04,T-Shirt,Clothing,1345.38,56
2023-12-04,Jeans,Clothing,1815.99,33
2023-12-04,Jacket,Clothing,2186.46,24
2023-12-04,Sneakers,Clothing,1786.02,24
2023-12-04,Dress,Clothing,1262.94,19
2023-12-04,Blender,Home & Kitchen,1330.07,26
2023-12-04,Coffee Maker,Home & Kitchen,1657.42,21
2023-12-04,Cookware Set,Home & Kitchen,1289.1,10
2023-12-04,Vacuum Cleaner,Home & Kitchen,2071.89,10
2023-12-04,Air Fryer,Home & Kitchen,1636.71,18
2023-12-04,Shampoo,Beauty,561.33,47
2023-12-04,Moisturizer,Beauty,953.2,34
2023-12-04,Lipstick,Beauty,893.27,48
2023-12-04,Perfume,Beauty,677.16,11
2023-12-04,Face Serum,Beauty,916.2,22
2023-12-05,Laptop,Electronics,7959.28,9
2023-12-05,Smartphone,Electronics,11563.36,18
2023-12-05,Headphones,Electronics,4014.51,33
2023-12-05,Tablet,Electronics,5896.45,16
2023-12-05,Smart Watch,Electronics,9824.24,41
2023-12-05,T-Shirt,Clothing,1325.98,56
2023-12-05,Jeans,Clothing,1604.24,28
2023-12-05,Jacket,Clothing,2048.15,25
2023-12-05,Sneakers,Clothing,2362.14,32
2023-12-05,Dress,Clothing,1042.99,16
2023-12-05,Blender,Home & Kitchen,1198.61,26
2023-12-05,Coffee Maker,Home & Kitchen,1428.39,19
2023-12-05,Cookware Set,Home & Kitchen,1865.91,14
2023-12-05,Vacuum Cleaner,Home & Kitchen,1484.36,8
2023-12-05,Air Fryer,Home & Kitchen,1666.13,20
2023-12-05,Shampoo,Beauty,523.39,47
2023-12-05,Moisturizer,Beauty,1547.36,53
2023-12-05,Lipstick,Beauty,579.06,34
2023-12-05,Perfume,Beauty,1021.2,15
2023-12-05,Face Serum,Beauty,759.27,18
2023-12-06,Laptop,Electronics,9020.4,10
2023-12-06,Smartphone,Electronics,14922.93,23
2023-12-06,Headphones,Electronics,2932.13,23
2023-12-06,Tablet,Electronics,4426.84,11
2023-12-06,Smart Watch,Electronics,4878.99,20
2023-12-06,T-Shirt,Clothing,1283.97,58
2023-12-06,Jeans,Clothing,1888.09,32
2023-12-06,Jacket,Clothing,1651.19,19
2023-12-06,Sneakers,Clothing,2030.99,25
2023-12-06,Dress,Clothing,1565.38,23
2023-12-06,Blender,Home & Kitchen,817.65,16
2023-12-06,Coffee Maker,Home & Kitchen,1173.95,15
2023-12-06,Cookware Set,Home & Kitchen,1292.43,10
2023-12-06,Vacuum Cleaner,Home & Kitchen,2763.47,14
2023-12-06,Air Fryer,Home & Kitchen,1836.54,20
2023-12-06,Shampoo,Beauty,621.66,55
2023-12-06,Moisturizer,Beauty,1372.96,49
2023-12-06,Lipstick,Beauty,671.18,36
2023-12-06,Perfume,Beauty,1057.89,17
2023-12-06,Face Serum,Beauty,525.23,12
2023-12-07,Laptop,Electronics,8495.94,10
2023-12-07,Smartphone,Electronics,15889.17,25
2023-12-07,Headphones,Electronics,4561.39,37
2023-12-07,Tablet,Electronics,6818.45,17
2023-12-07,Smart Watch,Electronics,9018.44,36
2023-12-07,T-Shirt,Clothing,1249.01,54
2023-12-07,Jeans,Clothing,3140.35,51
2023-12-07,Jacket,Clothing,1955.64,22
2023-12-07,Sneakers,Clothing,2123.65,26
2023-12-07,Dress,Clothing,1886.48,28
2023-12-07,Blender,Home & Kitchen,1290.95,28
2023-12-07,Coffee Maker,Home & Kitchen,921.44,12
2023-12-07,Cookware Set,Home & Kitchen,1438.55,11
2023-12-07,Vacuum Cleaner,Home & Kitchen,1843.17,9
2023-12-07,Air Fryer,Home & Kitchen,2297.63,26
2023-12-07,Shampoo,Beauty,653.83,58
2023-12-07,Moisturizer,Beauty,1149.18,42
2023-12-07,Lipstick,Beauty,601.09,35
2023-12-07,Perfume,Beauty,742.83,12
2023-12-07,Face Serum,Beauty,739.18,19
2023-12-08,Laptop,Electronics,9319.88,11
2023-12-08,Smartphone,Electronics,18090.27,29
2023-12-08,Headphones,Electronics,3979.86,33
2023-12-08,Tablet,Electronics,5570.24,14
2023-12-08,Smart Watch,Electronics,6216.61,27
2023-12-08,T-Shirt,Clothing,1366.88,57
2023-12-08,Jeans,Clothing,2363.98,43
2023-12-08,Jacket,Clothing,1618.11,18
2023-12-08,Sneakers,Clothing,2105.48,27
2023-12-08,Dress,Clothing,1359.62,20
2023-12-08,Blender,Home & Kitchen,1168.81,25
2023-12-08,Coffee Maker,Home & Kitchen,1243.72,15
2023-12-08,Cookware Set,Home & Kitchen,1609.13,13
2023-12-08,Vacuum Cleaner,Home & Kitchen,1855.44,10
2023-12-08,Air Fryer,Home & Kitchen,1545.1,18
2023-12-08,Shampoo,Beauty,525.74,45
2023-12-08,Moisturizer,Beauty,1117.28,42
2023-12-08,Lipstick,Beauty,597.03,34
2023-12-08,Perfume,Beauty,660.36,10
2023-12-08,Face Serum,Beauty,731.8,17
2023-12-09,Laptop,Electronics,10638.03,12
2023-12-09,Smartphone,Electronics,14246.0,22
2023-12-09,Headphones,Electronics,5930.59,46
2023-12-09,Tablet,Electronics,8211.43,22
2023-12-09,Smart Watch,Electronics,7546.16,32
2023-12-09,T-Shirt,Clothing,1873.22,82
2023-12-09,Jeans,Clothing,2784.83,48
2023-12-09,Jacket,Clothing,2754.08,32
2023-12-09,Sneakers,Clothing,3298.47,42
2023-12-09,Dress,Clothing,2055.92,31
2023-12-09,Blender,Home & Kitchen,1213.68,24
2023-12-09,Coffee Maker,Home & Kitchen,1218.26,15
2023-12-09,Cookware Set,Home & Kitchen,1890.94,15
2023-12-09,Vacuum Cleaner,Home & Kitchen,1676.82,9
2023-12-09,Air Fryer,Home & Kitchen,1554.69,17
2023-12-09,Shampoo,Beauty,647.91,52
2023-12-09,Moisturizer,Beauty,1010.39,37
2023-12-09,Lipstick,Beauty,876.89,47
2023-12-09,Perfume,Beauty,932.08,15
2023-12-09,Face Serum,Beauty,762.33,19
2023-12-10,Laptop,Electronics,10380.18,12
2023-12-10,Smartphone,Electronics,20247.12,33
2023-12-10,Headphones,Electronics,7599.67,61
2023-12-10,Tablet,Electronics,7536.22,19
2023-12-10,Smart Watch,Electronics,5938.82,23
2023-12-10,T-Shirt,Clothing,1691.98,75
2023-12-10,Jeans,Clothing,3361.94,55
2023-12-10,Jacket,Clothing,2797.51,32
2023-12-10,Sneakers,Clothing,3297.54,41
2023-12-10,Dress,Clothing,1997.12,30
2023-12-10,Blender,Home & Kitchen,1216.03,25
2023-12-10,Coffee Maker,Home & Kitchen,957.19,12
2023-12-10,Cookware Set,Home & Kitchen,1526.56,12
2023-12-10,Vacuum Cleaner,Home & Kitchen,1865.78,9
2023-12-10,Air Fryer,Home & Kitchen,1654.52,19
2023-12-10,Shampoo,Beauty,661.74,57
2023-12-10,Moisturizer,Beauty,1058.24,41
2023-12-10,Lipstick,Beauty,537.59,32
2023-12-10,Perfume,Beauty,839.18,13
2023-12-10,Face Serum,Beauty,833.03,19
2023-12-11,Laptop,Electronics,9749.68,11
2023-12-11,Smartphone,Electronics,13622.03,20
2023-12-11,Headphones,Electronics,4200.85,33
2023-12-11,Tablet,Electronics,5758.74,15
2023-12-11,Smart Watch,Electronics,8435.74,34
2023-12-11,T-Shirt,Clothing,1118.93,47
2023-12-11,Jeans,Clothing,2143.83,37
2023-12-11,Jacket,Clothing,1820.31,21
2023-12-11,Sneakers,Clothing,2281.16,30
2023-12-11,Dress,Clothing,1787.25,25
2023-12-11,Blender,Home & Kitchen,1039.77,22
2023-12-11,Coffee Maker,Home & Kitchen,897.67,12
2023-12-11,Cookware Set,Home & Kitchen,1319.51,10
2023-12-11,Vacuum Cleaner,Home & Kitchen,1285.71,7
2023-12-11,Air Fryer,Home & Kitchen,1566.7,18
2023-12-11,Shampoo,Beauty,478.51,39
2023-12-11,Moisturizer,Beauty,1266.91,44
2023-12-11,Lipstick,Beauty,811.44,45
2023-12-11,Perfume,Beauty,567.83,9
2023-12-11,Face Serum,Beauty,710.95,18
2023-12-12,Laptop,Electronics,8510.71,10
2023-12-12,Smartphone,Electronics,14671.51,23
2023-12-12,Headphones,Electronics,4312.02,32
2023-12-12,Tablet,Electronics,7257.83,18
2023-12-12,Smart Watch,Electronics,5865.03,23
2023-12-12,T-Shirt,Clothing,1104.06,48
2023-12-12,Jeans,Clothing,1900.38,33
2023-12-12,Jacket,Clothing,1827.01,20
2023-12-12,Sneakers,Clothing,1976.92,24
2023-12-12,Dress,Clothing,1074.48,15
2023-12-12,Blender,Home & Kitchen,1356.72,29
2023-12-12,Coffee Maker,Home & Kitchen,1118.4,14
2023-12-12,Cookware Set,Home & Kitchen,1250.07,10
2023-12-12,Vacuum Cleaner,Home & Kitchen,1462.36,7
2023-12-12,Air Fryer,Home & Kitchen,1715.23,19
2023-12-12,Shampoo,Beauty,512.14,43
2023-12-12,Moisturizer,Beauty,1628.88,60
2023-12-12,Lipstick,Beauty,791.34,46
2023-12-12,Perfume,Beauty,680.87,11
2023-12-12,Face Serum,Beauty,1044.81,25
2023-12-13,Laptop,Electronics,12687.05,14
2023-12-13,Smartphone,Electronics,11407.34,19
2023-12-13,Headphones,Electronics,6798.74,51
2023-12-13,Tablet,Electronics,5836.04,14
2023-12-13,Smart Watch,Electronics,7224.77,28
2023-12-13,T-Shirt,Clothing,1643.94,67
2023-12-13,Jeans,Clothing,1509.69,25
2023-12-13,Jacket,Clothing,1811.26,21
2023-12-13,Sneakers,Clothing,1987.69,26
2023-12-13,Dress,Clothing,1604.77,23
2023-12-13,Blender,Home & Kitchen,1069.93,22
2023-12-13,Coffee Maker,Home & Kitchen,858.41,11
2023-12-13,Cookware Set,Home & Kitchen,2226.0,17
2023-12-13,Vacuum Cleaner,Home & Kitchen,1738.77,9
2023-12-13,Air Fryer,Home & Kitchen,1777.48,21
2023-12-13,Shampoo,Beauty,406.29,34
2023-12-13,Moisturizer,Beauty,1570.3,54
2023-12-13,Lipstick,Beauty,648.83,35
2023-12-13,Perfume,Beauty,709.1,11
2023-12-13,Face Serum,Beauty,936.94,22
2023-12-14,Laptop,Electronics,8300.84,9
2023-12-14,Smartphone,Electronics,16340.5,24
2023-12-14,Headphones,Electronics,3776.82,30
2023-12-14,Tablet,Electronics,6507.98,17
2023-12-14,Smart Watch,Electronics,8055.65,31
2023-12-14,T-Shirt,Clothing,1142.57,49
2023-12-14,Jeans,Clothing,2446.49,42
2023-12-14,Jacket,Clothing,1749.36,21
2023-12-14,Sneakers,Clothing,2598.81,35
2023-12-14,Dress,Clothing,1615.55,23
2023-12-14,Blender,Home & Kitchen,1100.86,23
2023-12-14,Coffee Maker,Home & Kitchen,907.95,11
2023-12-14,Cookware Set,Home & Kitchen,1554.1,12
2023-12-14,Vacuum Cleaner,Home & Kitchen,1411.82,7
2023-12-14,Air Fryer,Home & Kitchen,2102.96,24
2023-12-14,Shampoo,Beauty,458.64,39
2023-12-14,Moisturizer,Beauty,1176.81,44
2023-12-14,Lipstick,Beauty,930.83,53
2023-12-14,Perfume,Beauty,960.36,15
2023-12-14,Face Serum,Beauty,647.94,16
2023-12-15,Laptop,Electronics,10006.68,11
2023-12-15,Smartphone,Electronics,14346.03,24
2023-12-15,Headphones,Electronics,5715.66,45
2023-12-15,Tablet,Electronics,7461.99,19
2023-12-15,Smart Watch,Electronics,7778.86,30
2023-12-15,T-Shirt,Clothing,1286.26,58
2023-12-15,Jeans,Clothing,1992.07,33
2023-12-15,Jacket,Clothing,2036.8,22
2023-12-15,Sneakers,Clothing,1767.11,24
2023-12-15,Dress,Clothing,1575.41,22
2023-12-15,Blender,Home & Kitchen,1213.86,24
2023-12-15,Coffee Maker,Home & Kitchen,1530.94,19
2023-12-15,Cookware Set,Home & Kitchen,1751.8,14
2023-12-15,Vacuum Cleaner,Home & Kitchen,2705.89,13
2023-12-15,Air Fryer,Home & Kitchen,1489.49,17
2023-12-15,Shampoo,Beauty,350.07,30
2023-12-15,Moisturizer,Beauty,1097.64,38
2023-12-15,Lipstick,Beauty,726.38,40
2023-12-15,Perfume,Beauty,765.88,12
2023-12-15,Face Serum,Beauty,694.01,17
2023-12-16,Laptop,Electronics,10823.77,12
2023-12-16,Smartphone,Electronics,18753.23,30
2023-12-16,Headphones,Electronics,4147.86,31
2023-12-16,Tablet,Electronics,8650.95,21
2023-12-16,Smart Watch,Electronics,9490.99,37
2023-12-16,T-Shirt,Clothing,2408.97,99
2023-12-16,Jeans,Clothing,5297.49,90
2023-12-16,Jacket,Clothing,1865.28,22
2023-12-16,Sneakers,Clothing,3270.92,42
2023-12-16,Dress,Clothing,2285.33,33
2023-12-16,Blender,Home & Kitchen,1022.76,21
2023-12-16,Coffee Maker,Home & Kitchen,1223.0,16
2023-12-16,Cookware Set,Home & Kitchen,1554.63,12
2023-12-16,Vacuum Cleaner,Home & Kitchen,2091.56,11
2023-12-16,Air Fryer,Home & Kitchen,2402.51,26
2023-12-16,Shampoo,Beauty,478.48,41
2023-12-16,Moisturizer,Beauty,1537.24,54
2023-12-16,Lipstick,Beauty,1042.54,57
2023-12-16,Perfume,Beauty,832.13,13
2023-12-16,Face Serum,Beauty,594.6,14
2023-12-17,Laptop,Electronics,10439.65,12
2023-12-17,Smartphone,Electronics,15858.13,24
2023-12-17,Headphones,Electronics,4741.9,36
2023-12-17,Tablet,Electronics,9901.64,26
2023-12-17,Smart Watch,Electronics,12108.57,49
2023-12-17,T-Shirt,Clothing,2549.71,108
2023-12-17,Jeans,Clothing,2966.9,49
2023-12-17,Jacket,Clothing,3561.1,43
2023-12-17,Sneakers,Clothing,2113.43,26
2023-12-17,Dress,Clothing,1592.17,24
2023-12-17,Blender,Home & Kitchen,1290.0,28
2023-12-17,Coffee Maker,Home & Kitchen,1157.54,15
2023-12-17,Cookware Set,Home & Kitchen,1451.59,11
2023-12-17,Vacuum Cleaner,Home & Kitchen,2062.25,10
2023-12-17,Air Fryer,Home & Kitchen,2090.15,23
2023-12-17,Shampoo,Beauty,645.66,56
2023-12-17,Moisturizer,Beauty,1564.49,56
2023-12-17,Lipstick,Beauty,879.03,47
2023-12-17,Perfume,Beauty,850.67,14
2023-12-17,Face Serum,Beauty,966.07,22
2023-12-18,Laptop,Electronics,11090.92,13
2023-12-18,Smartphone,Electronics,15382.95,24
2023-12-18,Headphones,Electronics,3941.56,32
2023-12-18,Tablet,Electronics,5372.27,14
2023-12-18,Smart Watch,Electronics,7014.28,28
2023-12-18,T-Shirt,Clothing,1526.44,69
2023-12-18,Jeans,Clothing,2155.27,38
2023-12-18,Jacket,Clothing,2508.74,27
2023-12-18,Sneakers,Clothing,1984.16,24
2023-12-18,Dress,Clothing,1328.03,20
2023-12-18,Blender,Home & Kitchen,1136.97,24
2023-12-18,Coffee Maker,Home & Kitchen,1348.63,18
2023-12-18,Cookware Set,Home & Kitchen,1342.69,11
2023-12-18,Vacuum Cleaner,Home & Kitchen,1946.12,10
2023-12-18,Air Fryer,Home & Kitchen,2216.34,25
2023-12-18,Shampoo,Beauty,475.37,43
2023-12-18,Moisturizer,Beauty,962.13,37
2023-12-18,Lipstick,Beauty,821.48,48
2023-12-18,Perfume,Beauty,909.36,14
2023-12-18,Face Serum,Beauty,572.34,14
2023-12-19,Laptop,Electronics,9675.88,11
2023-12-19,Smartphone,Electronics,19745.83,33
2023-12-19,Headphones,Electronics,5115.26,38
2023-12-19,Tablet,Electronics,6253.23,16
2023-12-19,Smart Watch,Electronics,5895.63,23
2023-12-19,T-Shirt,Clothing,1079.44,45
2023-12-19,Jeans,Clothing,2139.97,39
2023-12-19,Jacket,Clothing,1603.1,18
2023-12-19,Sneakers,Clothing,2196.58,27
2023-12-19,Dress,Clothing,1297.87,19
2023-12-19,Blender,Home & Kitchen,1204.42,24
2023-12-19,Coffee Maker,Home & Kitchen,1243.61,15
2023-12-19,Cookware Set,Home & Kitchen,1699.14,13
2023-12-19,Vacuum Cleaner,Home & Kitchen,2063.44,11
2023-12-19,Air Fryer,Home & Kitchen,1649.83,19
2023-12-19,Shampoo,Beauty,577.37,51
2023-12-19,Moisturizer,Beauty,1556.53,55
2023-12-19,Lipstick,Beauty,694.0,41
2023-12-19,Perfume,Beauty,849.05,14
2023-12-19,Face Serum,Beauty,610.1,15
2023-12-20,Laptop,Electronics,9632.11,11
2023-12-20,Smartphone,Electronics,12075.93,18
2023-12-20,Headphones,Electronics,4271.99,32
2023-12-20,Tablet,Electronics,5790.07,15
2023-12-20,Smart Watch,Electronics,9889.49,40
2023-12-20,T-Shirt,Clothing,1158.23,48
2023-12-20,Jeans,Clothing,1918.06,34
2023-12-20,Jacket,Clothing,1572.04,18
2023-12-20,Sneakers,Clothing,1987.77,24
2023-12-20,Dress,Clothing,1403.06,21
2023-12-20,Blender,Home & Kitchen,1155.39,25
2023-12-20,Coffee Maker,Home & Kitchen,1164.56,15
2023-12-20,Cookware Set,Home & Kitchen,1320.95,11
2023-12-20,Vacuum Cleaner,Home & Kitchen,1210.24,6
2023-12-20,Air Fryer,Home & Kitchen,2288.28,26
2023-12-20,Shampoo,Beauty,496.74,41
2023-12-20,Moisturizer,Beauty,809.53,30
2023-12-20,Lipstick,Beauty,866.31,48
2023-12-20,Perfume,Beauty,551.8,9
2023-12-20,Face Serum,Beauty,913.17,23
2023-12-21,Laptop,Electronics,8094.47,9
2023-12-21,Smartphone,Electronics,10799.15,18
2023-12-21,Headphones,Electronics,3501.67,29
2023-12-21,Tablet,Electronics,5741.31,14
2023-12-21,Smart Watch,Electronics,8502.17,35
2023-12-21,T-Shirt,Clothing,1036.02,45
2023-12-21,Jeans,Clothing,2117.99,37
2023-12-21,Jacket,Clothing,1900.22,22
2023-12-21,Sneakers,Clothing,2126.33,26
2023-12-21,Dress,Clothing,1637.98,23
2023-12-21,Blender,Home & Kitchen,1146.85,23
2023-12-21,Coffee Maker,Home & Kitchen,1178.35,16
2023-12-21,Cookware Set,Home & Kitchen,1843.76,14
2023-12-21,Vacuum Cleaner,Home & Kitchen,1664.16,8
2023-12-21,Air Fryer,Home & Kitchen,1742.81,20
2023-12-21,Shampoo,Beauty,518.62,46
2023-12-21,Moisturizer,Beauty,1419.97,51
2023-12-21,Lipstick,Beauty,698.32,38
2023-12-21,Perfume,Beauty,810.65,12
2023-12-21,Face Serum,Beauty,871.69,20
2023-12-22,Laptop,Electronics,9538.14,11
2023-12-22,Smartphone,Electronics,12755.72,21
2023-12-22,Headphones,Electronics,5038.21,40
2023-12-22,Tablet,Electronics,6384.29,16
2023-12-22,Smart Watch,Electronics,6369.34,26
2023-12-22,T-Shirt,Clothing,1053.01,45
2023-12-22,Jeans,Clothing,1376.31,25
2023-12-22,Jacket,Clothing,2053.91,23
2023-12-22,Sneakers,Clothing,1691.0,22
2023-12-22,Dress,Clothing,959.17,15
2023-12-22,Blender,Home & Kitchen,907.53,19
2023-12-22,Coffee Maker,Home & Kitchen,1391.55,17
2023-12-22,Cookware Set,Home & Kitchen,1345.96,11
2023-12-22,Vacuum Cleaner,Home & Kitchen,1678.51,9
2023-12-22,Air Fryer,Home & Kitchen,1622.57,18
2023-12-22,Shampoo,Beauty,504.99,44
2023-12-22,Moisturizer,Beauty,1223.24,43
2023-12-22,Lipstick,Beauty,800.81,43
2023-12-22,Perfume,Beauty,912.01,14
2023-12-22,Face Serum,Beauty,806.48,19
2023-12-23,Laptop,Electronics,9099.57,11
2023-12-23,Smartphone,Electronics,23174.56,35
2023-12-23,Headphones,Electronics,5020.56,39
2023-12-23,Tablet,Electronics,5271.77,13
2023-12-23,Smart Watch,Electronics,8254.14,35
2023-12-23,T-Shirt,Clothing,2098.55,88
2023-12-23,Jeans,Clothing,3013.77,49
2023-12-23,Jacket,Clothing,2174.93,25
2023-12-23,Sneakers,Clothing,2144.91,29
2023-12-23,Dress,Clothing,1953.17,28
2023-12-23,Blender,Home & Kitchen,989.45,20
2023-12-23,Coffee Maker,Home & Kitchen,1633.85,20
2023-12-23,Cookware Set,Home & Kitchen,1579.87,12
2023-12-23,Vacuum Cleaner,Home & Kitchen,1810.3,9
2023-12-23,Air Fryer,Home & Kitchen,2702.08,30
2023-12-23,Shampoo,Beauty,409.57,34
2023-12-23,Moisturizer,Beauty,1318.89,50
2023-12-23,Lipstick,Beauty,572.49,33
2023-12-23,Perfume,Beauty,1180.61,18
2023-12-23,Face Serum,Beauty,682.06,16
2023-12-24,Laptop,Electronics,14003.97,15
2023-12-24,Smartphone,Electronics,18713.75,29
2023-12-24,Headphones,Electronics,3791.86,31
2023-12-24,Tablet,Electronics,7618.55,20
2023-12-24,Smart Watch,Electronics,7227.99,30
2023-12-24,T-Shirt,Clothing,2206.52,92
2023-12-24,Jeans,Clothing,2642.12,47
2023-12-24,Jacket,Clothing,3134.7,35
2023-12-24,Sneakers,Clothing,2839.96,38
2023-12-24,Dress,Clothing,2228.17,31
2023-12-24,Blender,Home & Kitchen,1220.58,27
2023-12-24,Coffee Maker,Home & Kitchen,1168.17,16
2023-12-24,Cookware Set,Home & Kitchen,1584.58,12
2023-12-24,Vacuum Cleaner,Home & Kitchen,2252.63,11
2023-12-24,Air Fryer,Home & Kitchen,1658.98,19
2023-12-24,Shampoo,Beauty,592.54,49
2023-12-24,Moisturizer,Beauty,1739.19,65
2023-12-24,Lipstick,Beauty,816.48,45
2023-12-24,Perfume,Beauty,1067.1,16
2023-12-24,Face Serum,Beauty,743.84,19
2023-12-25,Laptop,Electronics,8185.28,9
2023-12-25,Smartphone,Electronics,11429.85,17
2023-12-25,Headphones,Electronics,3106.46,24
2023-12-25,Tablet,Electronics,3037.81,8
2023-12-25,Smart Watch,Electronics,4395.22,17
2023-12-25,T-Shirt,Clothing,549.48,22
2023-12-25,Jeans,Clothing,1100.33,18
2023-12-25,Jacket,Clothing,1972.27,22
2023-12-25,Sneakers,Clothing,1320.65,18
2023-12-25,Dress,Clothing,1004.75,14
2023-12-25,Blender,Home & Kitchen,1024.96,20
2023-12-25,Coffee Maker,Home & Kitchen,950.21,12
2023-12-25,Cookware Set,Home & Kitchen,1030.95,8
2023-12-25,Vacuum Cleaner,Home & Kitchen,1112.27,6
2023-12-25,Air Fryer,Home & Kitchen,1026.19,12
2023-12-25,Shampoo,Beauty,396.96,35
2023-12-25,Moisturizer,Beauty,1024.46,35
2023-12-25,Lipstick,Beauty,544.4,29
2023-12-25,Perfume,Beauty,554.77,9
2023-12-25,Face Serum,Beauty,596.93,15
2023-12-26,Laptop,Electronics,6266.41,7
2023-12-26,Smartphone,Electronics,12133.85,18
2023-12-26,Headphones,Electronics,4240.16,34
2023-12-26,Tablet,Electronics,4165.22,10
2023-12-26,Smart Watch,Electronics,5094.14,20
2023-12-26,T-Shirt,Clothing,1197.67,50
2023-12-26,Jeans,Clothing,1369.43,25
2023-12-26,Jacket,Clothing,1578.49,18
2023-12-26,Sneakers,Clothing,1471.46,20
2023-12-26,Dress,Clothing,991.76,15
2023-12-26,Blender,Home & Kitchen,716.63,15
2023-12-26,Coffee Maker,Home & Kitchen,789.84,10
2023-12-26,Cookware Set,Home & Kitchen,1192.08,10
2023-12-26,Vacuum Cleaner,Home & Kitchen,934.31,5
2023-12-26,Air Fryer,Home & Kitchen,1230.03,14
2023-12-26,Shampoo,Beauty,340.12,27
2023-12-26,Moisturizer,Beauty,994.51,35
2023-12-26,Lipstick,Beauty,489.17,27
2023-12-26,Perfume,Beauty,558.67,9
2023-12-26,Face Serum,Beauty,791.8,18
2023-12-27,Laptop,Electronics,8552.51,10
2023-12-27,Smartphone,Electronics,14035.74,22
2023-12-27,Headphones,Electronics,5182.21,40
2023-12-27,Tablet,Electronics,5586.87,15
2023-12-27,Smart Watch,Electronics,4830.67,19
2023-12-27,T-Shirt,Clothing,800.66,34
2023-12-27,Jeans,Clothing,1387.55,23
2023-12-27,Jacket,Clothing,1535.73,17
2023-12-27,Sneakers,Clothing,1427.38,18
2023-12-27,Dress,Clothing,933.29,13
2023-12-27,Blender,Home & Kitchen,1100.25,22
2023-12-27,Coffee Maker,Home & Kitchen,814.9,11
2023-12-27,Cookware Set,Home & Kitchen,1220.07,10
2023-12-27,Vacuum Cleaner,Home & Kitchen,1376.24,7
2023-12-27,Air Fryer,Home & Kitchen,992.5,11
2023-12-27,Shampoo,Beauty,500.32,42
2023-12-27,Moisturizer,Beauty,753.79,26
2023-12-27,Lipstick,Beauty,376.14,22
2023-12-27,Perfume,Beauty,528.17,8
2023-12-27,Face Serum,Beauty,464.44,12
2023-12-28,Laptop,Electronics,8670.9,10
2023-12-28,Smartphone,Electronics,11988.83,18
2023-12-28,Headphones,Electronics,2868.28,23
2023-12-28,Tablet,Electronics,3493.6,9
2023-12-28,Smart Watch,Electronics,5474.77,22
2023-12-28,T-Shirt,Clothing,955.45,38
2023-12-28,Jeans,Clothing,989.5,16
2023-12-28,Jacket,Clothing,1541.76,17
2023-12-28,Sneakers,Clothing,1599.95,20
2023-12-28,Dress,Clothing,784.62,12
2023-12-28,Blender,Home & Kitchen,957.98,19
2023-12-28,Coffee Maker,Home & Kitchen,669.14,9
2023-12-28,Cookware Set,Home & Kitchen,1048.41,8
2023-12-28,Vacuum Cleaner,Home & Kitchen,1147.72,6
2023-12-28,Air Fryer,Home & Kitchen,1250.38,14
2023-12-28,Shampoo,Beauty,313.49,26
2023-12-28,Moisturizer,Beauty,1025.23,39
2023-12-28,Lipstick,Beauty,430.72,25
2023-12-28,Perfume,Beauty,471.44,7
2023-12-28,Face Serum,Beauty,586.69,14
2023-12-29,Laptop,Electronics,10536.73,12
2023-12-29,Smartphone,Electronics,7247.85,12
2023-12-29,Headphones,Electronics,2977.49,22
2023-12-29,Tablet,Electronics,5393.09,14
2023-12-29,Smart Watch,Electronics,4999.83,20
2023-12-29,T-Shirt,Clothing,785.48,32
2023-12-29,Jeans,Clothing,1305.56,24
2023-12-29,Jacket,Clothing,1732.89,21
2023-12-29,Sneakers,Clothing,1772.33,24
2023-12-29,Dress,Clothing,1554.94,23
2023-12-29,Blender,Home & Kitchen,921.78,19
2023-12-29,Coffee Maker,Home & Kitchen,907.09,11
2023-12-29,Cookware Set,Home & Kitchen,1283.52,10
2023-12-29,Vacuum Cleaner,Home & Kitchen,1118.29,6
2023-12-29,Air Fryer,Home & Kitchen,1286.31,14
2023-12-29,Shampoo,Beauty,349.97,28
2023-12-29,Moisturizer,Beauty,978.99,36
2023-12-29,Lipstick,Beauty,546.79,32
2023-12-29,Perfume,Beauty,530.16,8
2023-12-29,Face Serum,Beauty,741.95,17
2023-12-30,Laptop,Electronics,11855.15,13
2023-12-30,Smartphone,Electronics,12593.47,19
2023-12-30,Headphones,Electronics,4138.52,34
2023-12-30,Tablet,Electronics,7429.63,19
2023-12-30,Smart Watch,Electronics,6773.63,26
2023-12-30,T-Shirt,Clothing,1387.15,58
2023-12-30,Jeans,Clothing,2120.7,38
2023-12-30,Jacket,Clothing,1886.2,22
2023-12-30,Sneakers,Clothing,2734.43,35
2023-12-30,Dress,Clothing,1692.31,26
2023-12-30,Blender,Home & Kitchen,1323.95,26
2023-12-30,Coffee Maker,Home & Kitchen,873.94,11
2023-12-30,Cookware Set,Home & Kitchen,1148.29,9
2023-12-30,Vacuum Cleaner,Home & Kitchen,1103.76,6
2023-12-30,Air Fryer,Home & Kitchen,1564.65,17
2023-12-30,Shampoo,Beauty,377.2,31
2023-12-30,Moisturizer,Beauty,1423.21,54
2023-12-30,Lipstick,Beauty,516.35,29
2023-12-30,Perfume,Beauty,1085.16,16
2023-12-30,Face Serum,Beauty,427.08,10
2023-12-31,Laptop,Electronics,5901.79,7
2023-12-31,Smartphone,Electronics,11116.82,17
2023-12-31,Headphones,Electronics,4329.44,33
2023-12-31,Tablet,Electronics,5392.26,14
2023-12-31,Smart Watch,Electronics,5229.95,21
2023-12-31,T-Shirt,Clothing,1469.53,60
2023-12-31,Jeans,Clothing,2090.27,34
2023-12-31,Jacket,Clothing,2322.65,27
2023-12-31,Sneakers,Clothing,1980.28,24
2023-12-31,Dress,Clothing,1434.29,22
2023-12-31,Blender,Home & Kitchen,853.22,18
2023-12-31,Coffee Maker,Home & Kitchen,986.45,12
2023-12-31,Cookware Set,Home & Kitchen,1233.04,10
2023-12-31,Vacuum Cleaner,Home & Kitchen,1287.51,7
2023-12-31,Air Fryer,Home & Kitchen,1552.48,18
2023-12-31,Shampoo,Beauty,421.49,37
2023-12-31,Moisturizer,Beauty,1319.51,46
2023-12-31,Lipstick,Beauty,578.29,34
2023-12-31,Perfume,Beauty,807.86,13
2023-12-31,Face Serum,Beauty,575.82,14
2024-01-01,Laptop,Electronics,6469.68,7
2024-01-01,Smartphone,Electronics,12573.02,19
2024-01-01,Headphones,Electronics,3328.4,26
2024-01-01,Tablet,Electronics,3176.2,8
2024-01-01,Smart Watch,Electronics,4188.79,18
2024-01-01,T-Shirt,Clothing,966.22,39
2024-01-01,Jeans,Clothing,1278.25,22
2024-01-01,Jacket,Clothing,1179.34,13
2024-01-01,Sneakers,Clothing,1382.89,17
2024-01-01,Dress,Clothing,901.01,13
2024-01-01,Blender,Home & Kitchen,549.98,12
2024-01-01,Coffee Maker,Home & Kitchen,1025.18,13
2024-01-01,Cookware Set,Home & Kitchen,1430.34,11
2024-01-01,Vacuum Cleaner,Home & Kitchen,1109.23,6
2024-01-01,Air Fryer,Home & Kitchen,1807.03,20
2024-01-01,Shampoo,Beauty,353.56,32
2024-01-01,Moisturizer,Beauty,721.95,28
2024-01-01,Lipstick,Beauty,429.64,25
2024-01-01,Perfume,Beauty,778.73,13
2024-01-01,Face Serum,Beauty,452.15,11
2024-01-02,Laptop,Electronics,7497.9,8
2024-01-02,Smartphone,Electronics,11287.26,18
2024-01-02,Headphones,Electronics,3725.6,29
2024-01-02,Tablet,Electronics,4970.84,12
2024-01-02,Smart Watch,Electronics,7108.01,28
2024-01-02,T-Shirt,Clothing,1164.1,52
2024-01-02,Jeans,Clothing,1834.04,30
2024-01-02,Jacket,Clothing,1326.28,15
2024-01-02,Sneakers,Clothing,1501.37,20
2024-01-02,Dress,Clothing,804.5,12
2024-01-02,Blender,Home & Kitchen,943.39,20
2024-01-02,Coffee Maker,Home & Kitchen,731.86,10
2024-01-02,Cookware Set,Home & Kitchen,879.44,7
2024-01-02,Vacuum Cleaner,Home & Kitchen,995.05,5
2024-01-02,Air Fryer,Home & Kitchen,1257.3,15
2024-01-02,Shampoo,Beauty,504.27,43
2024-01-02,Moisturizer,Beauty,1129.23,43
2024-01-02,Lipstick,Beauty,366.01,20
2024-01-02,Perfume,Beauty,683.47,11
2024-01-02,Face Serum,Beauty,503.77,12
2024-01-03,Laptop,Electronics,11075.42,13
2024-01-03,Smartphone,Electronics,8919.89,14
2024-01-03,Headphones,Electronics,2474.16,19
2024-01-03,Tablet,Electronics,5249.44,14
2024-01-03,Smart Watch,Electronics,4430.77,19
2024-01-03,T-Shirt,Clothing,751.04,34
2024-01-03,Jeans,Clothing,1131.36,20
2024-01-03,Jacket,Clothing,1205.14,13
2024-01-03,Sneakers,Clothing,1650.6,21
2024-01-03,Dress,Clothing,767.19,11
2024-01-03,Blender,Home & Kitchen,771.17,16
2024-01-03,Coffee Maker,Home & Kitchen,724.93,9
2024-01-03,Cookware Set,Home & Kitchen,1183.53,9
2024-01-03,Vacuum Cleaner,Home & Kitchen,1115.03,6
2024-01-03,Air Fryer,Home & Kitchen,1347.87,15
2024-01-03,Shampoo,Beauty,443.52,36
2024-01-03,Moisturizer,Beauty,1179.29,43
2024-01-03,Lipstick,Beauty,765.46,44
2024-01-03,Perfume,Beauty,535.59,8
2024-01-03,Face Serum,Beauty,694.64,16
2024-01-04,Laptop,Electronics,6720.47,8
2024-01-04,Smartphone,Electronics,12309.56,19
2024-01-04,Headphones,Electronics,3512.11,28
2024-01-04,Tablet,Electronics,5023.87,13
2024-01-04,Smart Watch,Electronics,5997.82,24
2024-01-04,T-Shirt,Clothing,851.25,38
2024-01-04,Jeans,Clothing,1302.58,22
2024-01-04,Jacket,Clothing,1298.85,15
2024-01-04,Sneakers,Clothing,1997.25,26
2024-01-04,Dress,Clothing,785.72,12
2024-01-04,Blender,Home & Kitchen,699.94,15
2024-01-04,Coffee Maker,Home & Kitchen,774.75,10
2024-01-04,Cookware Set,Home & Kitchen,789.61,6
2024-01-04,Vacuum Cleaner,Home & Kitchen,1135.5,6
2024-01-04,Air Fryer,Home & Kitchen,1434.46,16
2024-01-04,Shampoo,Beauty,344.47,28
2024-01-04,Moisturizer,Beauty,1118.07,41
2024-01-04,Lipstick,Beauty,527.83,31
2024-01-04,Perfume,Beauty,666.65,11
2024-01-04,Face Serum,Beauty,581.8,15
2024-01-05,Laptop,Electronics,6671.17,8
2024-01-05,Smartphone,Electronics,9838.78,16
2024-01-05,Headphones,Electronics,3619.32,27
2024-01-05,Tablet,Electronics,4515.95,12
2024-01-05,Smart Watch,Electronics,4624.04,19
2024-01-05,T-Shirt,Clothing,849.55,36
2024-01-05,Jeans,Clothing,1900.07,33
2024-01-05,Jacket,Clothing,1350.64,15
2024-01-05,Sneakers,Clothing,1368.0,18
2024-01-05,Dress,Clothing,1202.21,18
2024-01-05,Blender,Home & Kitchen,801.11,17
2024-01-05,Coffee Maker,Home & Kitchen,831.49,11
2024-01-05,Cookware Set,Home & Kitchen,1209.17,10
2024-01-05,Vacuum Cleaner,Home & Kitchen,1458.43,7
2024-01-05,Air Fryer,Home & Kitchen,1354.83,15
2024-01-05,Shampoo,Beauty,405.64,35
2024-01-05,Moisturizer,Beauty,877.79,30
2024-01-05,Lipstick,Beauty,437.41,24
2024-01-05,Perfume,Beauty,669.09,10
2024-01-05,Face Serum,Beauty,470.07,11
2024-01-06,Laptop,Electronics,7145.8,8
2024-01-06,Smartphone,Electronics,12962.51,20
2024-01-06,Headphones,Electronics,3923.94,30
2024-01-06,Tablet,Electronics,6406.1,16
2024-01-06,Smart Watch,Electronics,7673.84,30
2024-01-06,T-Shirt,Clothing,1921.75,83
2024-01-06,Jeans,Clothing,1641.18,27
2024-01-06,Jacket,Clothing,2005.89,24
2024-01-06,Sneakers,Clothing,2134.77,28
2024-01-06,Dress,Clothing,1497.9,21
2024-01-06,Blender,Home & Kitchen,870.23,19
2024-01-06,Coffee Maker,Home & Kitchen,1140.74,14
2024-01-06,Cookware Set,Home & Kitchen,1444.85,12
2024-01-06,Vacuum Cleaner,Home & Kitchen,1427.65,7
2024-01-06,Air Fryer,Home & Kitchen,1761.17,21
2024-01-06,Shampoo,Beauty,513.63,41
2024-01-06,Moisturizer,Beauty,957.86,35
2024-01-06,Lipstick,Beauty,604.54,35
2024-01-06,Perfume,Beauty,597.99,9
2024-01-06,Face Serum,Beauty,609.27,14
2024-01-07,Laptop,Electronics,9280.94,10
2024-01-07,Smartphone,Electronics,12527.52,20
2024-01-07,Headphones,Electronics,5351.8,40
2024-01-07,Tablet,Electronics,5625.56,14
2024-01-07,Smart Watch,Electronics,5291.66,21
2024-01-07,T-Shirt,Clothing,1341.48,57
2024-01-07,Jeans,Clothing,2233.96,38
2024-01-07,Jacket,Clothing,2009.33,23
2024-01-07,Sneakers,Clothing,1647.44,22
2024-01-07,Dress,Clothing,1652.51,26
2024-01-07,Blender,Home & Kitchen,590.64,13
2024-01-07,Coffee Maker,Home & Kitchen,970.77,12
2024-01-07,Cookware Set,Home & Kitchen,1059.77,8
2024-01-07,Vacuum Cleaner,Home & Kitchen,1570.51,8
2024-01-07,Air Fryer,Home & Kitchen,1567.18,17
2024-01-07,Shampoo,Beauty,462.73,40
2024-01-07,Moisturizer,Beauty,1055.77,36
2024-01-07,Lipstick,Beauty,797.25,43
2024-01-07,Perfume,Beauty,645.68,10
2024-01-07,Face Serum,Beauty,997.93,23
2024-01-08,Laptop,Electronics,5536.48,6
2024-01-08,Smartphone,Electronics,9100.2,15
2024-01-08,Headphones,Electronics,3376.24,25
2024-01-08,Tablet,Electronics,4138.56,11
2024-01-08,Smart Watch,Electronics,4249.73,17
2024-01-08,T-Shirt,Clothing,590.74,24
2024-01-08,Jeans,Clothing,1155.17,20
2024-01-08,Jacket,Clothing,1105.87,12
2024-01-08,Sneakers,Clothing,1028.27,13
2024-01-08,Dress,Clothing,898.18,13
2024-01-08,Blender,Home & Kitchen,496.38,10
2024-01-08,Coffee Maker,Home & Kitchen,662.47,9
2024-01-08,Cookware Set,Home & Kitchen,639.23,5
2024-01-08,Vacuum Cleaner,Home & Kitchen,1216.5,6
2024-01-08,Air Fryer,Home & Kitchen,1280.55,14
2024-01-08,Shampoo,Beauty,354.97,29
2024-01-08,Moisturizer,Beauty,692.05,25
2024-01-08,Lipstick,Beauty,559.59,31
2024-01-08,Perfume,Beauty,665.21,10
2024-01-08,Face Serum,Beauty,570.27,13
2024-01-09,Laptop,Electronics,8980.66,10
2024-01-09,Smartphone,Electronics,8002.99,13
2024-01-09,Headphones,Electronics,2755.0,22
2024-01-09,Tablet,Electronics,2578.44,7
2024-01-09,Smart Watch,Electronics,3502.46,14
2024-01-09,T-Shirt,Clothing,570.56,25
2024-01-09,Jeans,Clothing,1337.55,22
2024-01-09,Jacket,Clothing,861.28,10
2024-01-09,Sneakers,Clothing,902.6,11
2024-01-09,Dress,Clothing,682.37,10
2024-01-09,Blender,Home & Kitchen,611.58,12
2024-01-09,Coffee Maker,Home & Kitchen,615.82,8
2024-01-09,Cookware Set,Home & Kitchen,897.53,7
2024-01-09,Vacuum Cleaner,Home & Kitchen,1222.49,6
2024-01-09,Air Fryer,Home & Kitchen,795.91,9
2024-01-09,Shampoo,Beauty,362.52,32
2024-01-09,Moisturizer,Beauty,627.71,23
2024-01-09,Lipstick,Beauty,367.33,22
2024-01-09,Perfume,Beauty,576.28,9
2024-01-09,Face Serum,Beauty,458.94,11
2024-01-10,Laptop,Electronics,5137.62,6
2024-01-10,Smartphone,Electronics,9477.95,15
2024-01-10,Headphones,Electronics,3632.19,27
2024-01-10,Tablet,Electronics,4684.86,12
2024-01-10,Smart Watch,Electronics,3720.41,16
2024-01-10,T-Shirt,Clothing,677.15,27
2024-01-10,Jeans,Clothing,1046.2,17
2024-01-10,Jacket,Clothing,1398.43,15
2024-01-10,Sneakers,Clothing,973.46,13
2024-01-10,Dress,Clothing,1059.61,15
2024-01-10,Blender,Home & Kitchen,710.0,15
2024-01-10,Coffee Maker,Home & Kitchen,667.72,9
2024-01-10,Cookware Set,Home & Kitchen,873.8,7
2024-01-10,Vacuum Cleaner,Home & Kitchen,940.68,5
2024-01-10,Air Fryer,Home & Kitchen,894.06,10
2024-01-10,Shampoo,Beauty,253.72,21
2024-01-10,Moisturizer,Beauty,846.1,30
2024-01-10,Lipstick,Beauty,444.95,24
2024-01-10,Perfume,Beauty,606.14,9
2024-01-10,Face Serum,Beauty,466.47,12
2024-01-11,Laptop,Electronics,5119.8,6
2024-01-11,Smartphone,Electronics,11301.11,17
2024-01-11,Headphones,Electronics,2574.97,20
2024-01-11,Tablet,Electronics,4693.62,12
2024-01-11,Smart Watch,Electronics,4089.68,16
2024-01-11,T-Shirt,Clothing,565.75,25
2024-01-11,Jeans,Clothing,1476.67,26
2024-01-11,Jacket,Clothing,939.21,11
2024-01-11,Sneakers,Clothing,1045.18,13
2024-01-11,Dress,Clothing,578.91,9
2024-01-11,Blender,Home & Kitchen,634.88,13
2024-01-11,Coffee Maker,Home & Kitchen,611.9,8
2024-01-11,Cookware Set,Home & Kitchen,1168.94,9
2024-01-11,Vacuum Cleaner,Home & Kitchen,1026.59,5
2024-01-11,Air Fryer,Home & Kitchen,905.59,10
2024-01-11,Shampoo,Beauty,319.57,28
2024-01-11,Moisturizer,Beauty,1156.92,41
2024-01-11,Lipstick,Beauty,440.43,25
2024-01-11,Perfume,Beauty,464.35,7
2024-01-11,Face Serum,Beauty,496.51,12
2024-01-12,Laptop,Electronics,7221.41,8
2024-01-12,Smartphone,Electronics,10869.12,17
2024-01-12,Headphones,Electronics,2851.16,23
2024-01-12,Tablet,Electronics,4868.75,12
2024-01-12,Smart Watch,Electronics,4572.96,18
2024-01-12,T-Shirt,Clothing,745.19,30
2024-01-12,Jeans,Clothing,1163.25,20
2024-01-12,Jacket,Clothing,1016.81,11
2024-01-12,Sneakers,Clothing,1344.31,17
2024-01-12,Dress,Clothing,660.3,10
2024-01-12,Blender,Home & Kitchen,501.82,10
2024-01-12,Coffee Maker,Home & Kitchen,577.69,7
2024-01-12,Cookware Set,Home & Kitchen,1078.64,8
2024-01-12,Vacuum Cleaner,Home & Kitchen,953.47,5
2024-01-12,Air Fryer,Home & Kitchen,1165.78,14
2024-01-12,Shampoo,Beauty,315.83,28
2024-01-12,Moisturizer,Beauty,832.58,32
2024-01-12,Lipstick,Beauty,305.92,18
2024-01-12,Perfume,Beauty,428.64,7
2024-01-12,Face Serum,Beauty,437.79,10
2024-01-13,Laptop,Electronics,12005.96,14
2024-01-13,Smartphone,Electronics,9578.8,16
2024-01-13,Headphones,Electronics,2410.51,20
2024-01-13,Tablet,Electronics,4841.48,13
2024-01-13,Smart Watch,Electronics,4560.94,18
2024-01-13,T-Shirt,Clothing,1379.26,57
2024-01-13,Jeans,Clothing,2258.66,37
2024-01-13,Jacket,Clothing,1457.11,16
2024-01-13,Sneakers,Clothing,2563.96,31
2024-01-13,Dress,Clothing,968.85,15
2024-01-13,Blender,Home & Kitchen,754.07,15
2024-01-13,Coffee Maker,Home & Kitchen,892.52,12
2024-01-13,Cookware Set,Home & Kitchen,970.33,8
2024-01-13,Vacuum Cleaner,Home & Kitchen,967.82,5
2024-01-13,Air Fryer,Home & Kitchen,829.43,10
2024-01-13,Shampoo,Beauty,520.9,44
2024-01-13,Moisturizer,Beauty,899.16,34
2024-01-13,Lipstick,Beauty,697.79,41
2024-01-13,Perfume,Beauty,476.58,7
2024-01-13,Face Serum,Beauty,645.91,15
2024-01-14,Laptop,Electronics,10236.71,12
2024-01-14,Smartphone,Electronics,9460.86,15
2024-01-14,Headphones,Electronics,2975.83,23
2024-01-14,Tablet,Electronics,4777.13,12
2024-01-14,Smart Watch,Electronics,4335.81,18
2024-01-14,T-Shirt,Clothing,841.59,36
2024-01-14,Jeans,Clothing,1617.5,27
2024-01-14,Jacket,Clothing,1830.02,21
2024-01-14,Sneakers,Clothing,1442.26,18
2024-01-14,Dress,Clothing,929.78,14
2024-01-14,Blender,Home & Kitchen,662.71,13
2024-01-14,Coffee Maker,Home & Kitchen,679.57,9
2024-01-14,Cookware Set,Home & Kitchen,898.54,7
2024-01-14,Vacuum Cleaner,Home & Kitchen,1229.31,6
2024-01-14,Air Fryer,Home & Kitchen,819.25,10
2024-01-14,Shampoo,Beauty,330.65,29
2024-01-14,Moisturizer,Beauty,896.46,32
2024-01-14,Lipstick,Beauty,466.63,25
2024-01-14,Perfume,Beauty,430.97,7
2024-01-14,Face Serum,Beauty,499.48,12
2024-01-15,Laptop,Electronics,6212.71,7
2024-01-15,Smartphone,Electronics,6961.58,11
2024-01-15,Headphones,Electronics,3033.91,24
2024-01-15,Tablet,Electronics,3379.25,9
2024-01-15,Smart Watch,Electronics,3870.38,15
2024-01-15,T-Shirt,Clothing,537.12,24
2024-01-15,Jeans,Clothing,1140.73,21
2024-01-15,Jacket,Clothing,1344.37,15
2024-01-15,Sneakers,Clothing,1057.06,13
2024-01-15,Dress,Clothing,1111.72,16
2024-01-15,Blender,Home & Kitchen,642.58,13
2024-01-15,Coffee Maker,Home & Kitchen,728.81,9
2024-01-15,Cookware Set,Home & Kitchen,989.32,8
2024-01-15,Vacuum Cleaner,Home & Kitchen,1234.35,6
2024-01-15,Air Fryer,Home & Kitchen,927.72,10
2024-01-15,Shampoo,Beauty,304.82,25
2024-01-15,Moisturizer,Beauty,964.59,33
2024-01-15,Lipstick,Beauty,469.44,27
2024-01-15,Perfume,Beauty,683.27,11
2024-01-15,Face Serum,Beauty,522.57,12
2024-01-16,Laptop,Electronics,6715.53,8
2024-01-16,Smartphone,Electronics,8007.06,13
2024-01-16,Headphones,Electronics,3483.01,27
2024-01-16,Tablet,Electronics,2740.13,7
2024-01-16,Smart Watch,Electronics,4620.99,18
2024-01-16,T-Shirt,Clothing,796.29,35
2024-01-16,Jeans,Clothing,1211.83,20
2024-01-16,Jacket,Clothing,1115.99,12
2024-01-16,Sneakers,Clothing,1059.6,14
2024-01-16,Dress,Clothing,714.54,11
2024-01-16,Blender,Home & Kitchen,534.93,11
2024-01-16,Coffee Maker,Home & Kitchen,751.54,10
2024-01-16,Cookware Set,Home & Kitchen,748.16,6
2024-01-16,Vacuum Cleaner,Home & Kitchen,1037.78,5
2024-01-16,Air Fryer,Home & Kitchen,910.92,10
2024-01-16,Shampoo,Beauty,536.68,47
2024-01-16,Moisturizer,Beauty,765.05,28
2024-01-16,Lipstick,Beauty,329.33,19
2024-01-16,Perfume,Beauty,523.02,8
2024-01-16,Face Serum,Beauty,582.45,14
2024-01-17,Laptop,Electronics,6205.84,7
2024-01-17,Smartphone,Electronics,9399.05,14
2024-01-17,Headphones,Electronics,2266.4,19
2024-01-17,Tablet,Electronics,4081.21,10
2024-01-17,Smart Watch,Electronics,5183.23,20
2024-01-17,T-Shirt,Clothing,819.47,36
2024-01-17,Jeans,Clothing,1139.28,20
2024-01-17,Jacket,Clothing,1207.89,13
2024-01-17,Sneakers,Clothing,1366.09,18
2024-01-17,Dress,Clothing,976.66,14
2024-01-17,Blender,Home & Kitchen,661.11,13
2024-01-17,Coffee Maker,Home & Kitchen,1013.76,13
2024-01-17,Cookware Set,Home & Kitchen,805.02,6
2024-01-17,Vacuum Cleaner,Home & Kitchen,1150.22,6
2024-01-17,Air Fryer,Home & Kitchen,1197.8,13
2024-01-17,Shampoo,Beauty,272.82,24
2024-01-17,Moisturizer,Beauty,600.38,21
2024-01-17,Lipstick,Beauty,365.33,21
2024-01-17,Perfume,Beauty,589.44,9
2024-01-17,Face Serum,Beauty,600.29,14
2024-01-18,Laptop,Electronics,7382.41,8
2024-01-18,Smartphone,Electronics,8728.3,13
2024-01-18,Headphones,Electronics,3141.42,26
2024-01-18,Tablet,Electronics,3407.85,9
2024-01-18,Smart Watch,Electronics,4505.36,18
2024-01-18,T-Shirt,Clothing,735.21,31
2024-01-18,Jeans,Clothing,1021.12,18
2024-01-18,Jacket,Clothing,1164.22,14
2024-01-18,Sneakers,Clothing,1252.49,17
2024-01-18,Dress,Clothing,687.42,10
2024-01-18,Blender,Home & Kitchen,640.09,14
2024-01-18,Coffee Maker,Home & Kitchen,812.84,11
2024-01-18,Cookware Set,Home & Kitchen,622.92,5
2024-01-18,Vacuum Cleaner,Home & Kitchen,1208.31,6
2024-01-18,Air Fryer,Home & Kitchen,1291.37,14
2024-01-18,Shampoo,Beauty,345.16,30
2024-01-18,Moisturizer,Beauty,851.2,30
2024-01-18,Lipstick,Beauty,417.19,24
2024-01-18,Perfume,Beauty,583.33,9
2024-01-18,Face Serum,Beauty,368.23,9
2024-01-19,Laptop,Electronics,5086.19,6
2024-01-19,Smartphone,Electronics,10806.15,16
2024-01-19,Headphones,Electronics,3012.84,25
2024-01-19,Tablet,Electronics,4458.28,12
2024-01-19,Smart Watch,Electronics,6011.97,23
2024-01-19,T-Shirt,Clothing,962.56,42
2024-01-19,Jeans,Clothing,996.95,17
2024-01-19,Jacket,Clothing,905.66,10
2024-01-19,Sneakers,Clothing,1344.34,17
2024-01-19,Dress,Clothing,646.21,10
2024-01-19,Blender,Home & Kitchen,641.78,13
2024-01-19,Coffee Maker,Home & Kitchen,889.63,11
2024-01-19,Cookware Set,Home & Kitchen,987.78,8
2024-01-19,Vacuum Cleaner,Home & Kitchen,1245.01,6
2024-01-19,Air Fryer,Home & Kitchen,928.26,10
2024-01-19,Shampoo,Beauty,324.98,29
2024-01-19,Moisturizer,Beauty,750.73,29
2024-01-19,Lipstick,Beauty,562.31,30
2024-01-19,Perfume,Beauty,640.98,10
2024-01-19,Face Serum,Beauty,457.53,11
2024-01-20,Laptop,Electronics,5965.66,7
2024-01-20,Smartphone,Electronics,12540.03,20
2024-01-20,Headphones,Electronics,2609.06,20
2024-01-20,Tablet,Electronics,5413.47,14
2024-01-20,Smart Watch,Electronics,6253.89,25
2024-01-20,T-Shirt,Clothing,1050.49,44
2024-01-20,Jeans,Clothing,1123.77,20
2024-01-20,Jacket,Clothing,2139.37,23
2024-01-20,Sneakers,Clothing,2376.65,29
2024-01-20,Dress,Clothing,788.93,11
2024-01-20,Blender,Home & Kitchen,955.89,19
2024-01-20,Coffee Maker,Home & Kitchen,1014.95,13
2024-01-20,Cookware Set,Home & Kitchen,712.37,6
2024-01-20,Vacuum Cleaner,Home & Kitchen,1246.21,6
2024-01-20,Air Fryer,Home & Kitchen,1268.11,14
2024-01-20,Shampoo,Beauty,380.2,33
2024-01-20,Moisturizer,Beauty,933.52,36
2024-01-20,Lipstick,Beauty,423.36,24
2024-01-20,Perfume,Beauty,431.26,7
2024-01-20,Face Serum,Beauty,392.31,10
2024-01-21,Laptop,Electronics,9001.31,10
2024-01-21,Smartphone,Electronics,8697.9,14
2024-01-21,Headphones,Electronics,3565.51,27
2024-01-21,Tablet,Electronics,4039.49,11
2024-01-21,Smart Watch,Electronics,4649.46,19
2024-01-21,T-Shirt,Clothing,1042.87,47
2024-01-21,Jeans,Clothing,1594.87,28
2024-01-21,Jacket,Clothing,1254.29,14
2024-01-21,Sneakers,Clothing,1647.78,22
2024-01-21,Dress,Clothing,955.85,15
2024-01-21,Blender,Home & Kitchen,621.16,13
2024-01-21,Coffee Maker,Home & Kitchen,1092.33,14
2024-01-21,Cookware Set,Home & Kitchen,768.86,6
2024-01-21,Vacuum Cleaner,Home & Kitchen,1161.45,6
2024-01-21,Air Fryer,Home & Kitchen,1069.21,13
2024-01-21,Shampoo,Beauty,549.47,45
2024-01-21,Moisturizer,Beauty,688.98,26
2024-01-21,Lipstick,Beauty,621.84,36
2024-01-21,Perfume,Beauty,569.14,9
2024-01-21,Face Serum,Beauty,554.93,13
2024-01-22,Laptop,Electronics,7129.76,8
2024-01-22,Smartphone,Electronics,12346.19,19
2024-01-22,Headphones,Electronics,2482.6,20
2024-01-22,Tablet,Electronics,3942.77,10
2024-01-22,Smart Watch,Electronics,4637.19,18
2024-01-22,T-Shirt,Clothing,798.58,32
2024-01-22,Jeans,Clothing,1291.63,23
2024-01-22,Jacket,Clothing,949.92,11
2024-01-22,Sneakers,Clothing,1076.55,14
2024-01-22,Dress,Clothing,508.12,8
2024-01-22,Blender,Home & Kitchen,689.95,15
2024-01-22,Coffee Maker,Home & Kitchen,807.39,10
2024-01-22,Cookware Set,Home & Kitchen,1215.2,10
2024-01-22,Vacuum Cleaner,Home & Kitchen,810.72,4
2024-01-22,Air Fryer,Home & Kitchen,1454.64,17
2024-01-22,Shampoo,Beauty,383.63,32
2024-01-22,Moisturizer,Beauty,514.84,18
2024-01-22,Lipstick,Beauty,514.34,28
2024-01-22,Perfume,Beauty,453.18,7
2024-01-22,Face Serum,Beauty,463.59,11
2024-01-23,Laptop,Electronics,6443.47,7
2024-01-23,Smartphone,Electronics,12232.6,18
2024-01-23,Headphones,Electronics,1988.26,16
2024-01-23,Tablet,Electronics,3703.42,10
2024-01-23,Smart Watch,Electronics,4189.03,17
2024-01-23,T-Shirt,Clothing,655.26,29
2024-01-23,Jeans,Clothing,924.77,17
2024-01-23,Jacket,Clothing,722.86,8
2024-01-23,Sneakers,Clothing,1076.4,14
2024-01-23,Dress,Clothing,848.06,12
2024-01-23,Blender,Home & Kitchen,656.16,14
2024-01-23,Coffee Maker,Home & Kitchen,606.24,8
2024-01-23,Cookware Set,Home & Kitchen,945.02,7
2024-01-23,Vacuum Cleaner,Home & Kitchen,1310.66,7
2024-01-23,Air Fryer,Home & Kitchen,1000.93,11
2024-01-23,Shampoo,Beauty,354.34,29
2024-01-23,Moisturizer,Beauty,748.82,29
2024-01-23,Lipstick,Beauty,319.81,19
2024-01-23,Perfume,Beauty,473.92,7
2024-01-23,Face Serum,Beauty,474.75,11
2024-01-24,Laptop,Electronics,5871.77,7
2024-01-24,Smartphone,Electronics,12229.74,18
2024-01-24,Headphones,Electronics,2136.58,18
2024-01-24,Tablet,Electronics,5051.19,13
2024-01-24,Smart Watch,Electronics,5042.95,20
2024-01-24,T-Shirt,Clothing,1036.0,45
2024-01-24,Jeans,Clothing,848.76,14
2024-01-24,Jacket,Clothing,717.28,8
2024-01-24,Sneakers,Clothing,1675.83,23
2024-01-24,Dress,Clothing,632.01,9
2024-01-24,Blender,Home & Kitchen,558.82,12
2024-01-24,Coffee Maker,Home & Kitchen,635.79,8
2024-01-24,Cookware Set,Home & Kitchen,811.96,6
2024-01-24,Vacuum Cleaner,Home & Kitchen,1182.18,6
2024-01-24,Air Fryer,Home & Kitchen,989.0,11
2024-01-24,Shampoo,Beauty,307.15,25
2024-01-24,Moisturizer,Beauty,1082.85,37
2024-01-24,Lipstick,Beauty,301.17,17
2024-01-24,Perfume,Beauty,579.0,9
2024-01-24,Face Serum,Beauty,503.62,12
2024-01-25,Laptop,Electronics,5088.6,6
2024-01-25,Smartphone,Electronics,8523.83,13
2024-01-25,Headphones,Electronics,2617.48,21
2024-01-25,Tablet,Electronics,3670.59,9
2024-01-25,Smart Watch,Electronics,4753.38,20
2024-01-25,T-Shirt,Clothing,646.07,29
2024-01-25,Jeans,Clothing,1240.04,22
2024-01-25,Jacket,Clothing,1027.12,11
2024-01-25,Sneakers,Clothing,1168.87,15
2024-01-25,Dress,Clothing,793.0,12
2024-01-25,Blender,Home & Kitchen,707.36,14
2024-01-25,Coffee Maker,Home & Kitchen,960.88,12
2024-01-25,Cookware Set,Home & Kitchen,1068.55,9
2024-01-25,Vacuum Cleaner,Home & Kitchen,1116.9,6
2024-01-25,Air Fryer,Home & Kitchen,1375.16,15
2024-01-25,Shampoo,Beauty,402.68,32
2024-01-25,Moisturizer,Beauty,679.94,25
2024-01-25,Lipstick,Beauty,430.4,24
2024-01-25,Perfume,Beauty,369.72,6
2024-01-25,Face Serum,Beauty,387.1,10
2024-01-26,Laptop,Electronics,5299.22,6
2024-01-26,Smartphone,Electronics,8543.82,13
2024-01-26,Headphones,Electronics,3092.72,23
2024-01-26,Tablet,Electronics,3485.97,9
2024-01-26,Smart Watch,Electronics,4610.75,20
2024-01-26,T-Shirt,Clothing,596.57,27
2024-01-26,Jeans,Clothing,1315.34,22
2024-01-26,Jacket,Clothing,868.42,10
2024-01-26,Sneakers,Clothing,1444.39,18
2024-01-26,Dress,Clothing,637.95,9
2024-01-26,Blender,Home & Kitchen,681.43,15
2024-01-26,Coffee Maker,Home & Kitchen,635.27,8
2024-01-26,Cookware Set,Home & Kitchen,1241.33,10
2024-01-26,Vacuum Cleaner,Home & Kitchen,1298.42,7
2024-01-26,Air Fryer,Home & Kitchen,1136.77,13
2024-01-26,Shampoo,Beauty,332.4,30
2024-01-26,Moisturizer,Beauty,914.19,32
2024-01-26,Lipstick,Beauty,479.78,27
2024-01-26,Perfume,Beauty,566.16,9
2024-01-26,Face Serum,Beauty,410.1,10
2024-01-27,Laptop,Electronics,8199.47,9
2024-01-27,Smartphone,Electronics,10632.68,16
2024-01-27,Headphones,Electronics,4702.93,35
2024-01-27,Tablet,Electronics,3685.1,10
2024-01-27,Smart Watch,Electronics,6766.04,29
2024-01-27,T-Shirt,Clothing,1226.9,49
2024-01-27,Jeans,Clothing,2101.22,36
2024-01-27,Jacket,Clothing,1476.31,17
2024-01-27,Sneakers,Clothing,1479.95,18
2024-01-27,Dress,Clothing,1458.3,22
2024-01-27,Blender,Home & Kitchen,822.43,16
2024-01-27,Coffee Maker,Home & Kitchen,610.15,8
2024-01-27,Cookware Set,Home & Kitchen,1057.49,8
2024-01-27,Vacuum Cleaner,Home & Kitchen,1248.7,6
2024-01-27,Air Fryer,Home & Kitchen,1269.34,14
2024-01-27,Shampoo,Beauty,339.79,28
2024-01-27,Moisturizer,Beauty,705.09,26
2024-01-27,Lipstick,Beauty,507.94,29
2024-01-27,Perfume,Beauty,522.58,8
2024-01-27,Face Serum,Beauty,742.6,18
2024-01-28,Laptop,Electronics,8732.52,10
2024-01-28,Smartphone,Electronics,12950.09,21
2024-01-28,Headphones,Electronics,2286.76,19
2024-01-28,Tablet,Electronics,4588.87,11
2024-01-28,Smart Watch,Electronics,5163.62,20
2024-01-28,T-Shirt,Clothing,963.3,40
2024-01-28,Jeans,Clothing,1853.86,34
2024-01-28,Jacket,Clothing,1789.52,21
2024-01-28,Sneakers,Clothing,2070.61,26
2024-01-28,Dress,Clothing,1508.56,21
2024-01-28,Blender,Home & Kitchen,920.81,18
2024-01-28,Coffee Maker,Home & Kitchen,1296.15,17
2024-01-28,Cookware Set,Home & Kitchen,995.25,8
2024-01-28,Vacuum Cleaner,Home & Kitchen,1218.84,6
2024-01-28,Air Fryer,Home & Kitchen,1175.37,14
2024-01-28,Shampoo,Beauty,455.99,41
2024-01-28,Moisturizer,Beauty,630.25,24
2024-01-28,Lipstick,Beauty,463.17,25
2024-01-28,Perfume,Beauty,533.97,8
2024-01-28,Face Serum,Beauty,584.38,14
2024-01-29,Laptop,Electronics,6096.95,7
2024-01-29,Smartphone,Electronics,12179.45,18
2024-01-29,Headphones,Electronics,2832.88,23
2024-01-29,Tablet,Electronics,4164.53,10
2024-01-29,Smart Watch,Electronics,4854.38,19
2024-01-29,T-Shirt,Clothing,518.83,23
2024-01-29,Jeans,Clothing,1140.18,21
2024-01-29,Jacket,Clothing,911.78,11
2024-01-29,Sneakers,Clothing,1343.96,17
2024-01-29,Dress,Clothing,566.87,8
2024-01-29,Blender,Home & Kitchen,712.56,15
2024-01-29,Coffee Maker,Home & Kitchen,633.67,8
2024-01-29,Cookware Set,Home & Kitchen,1079.88,9
2024-01-29,Vacuum Cleaner,Home & Kitchen,764.86,4
2024-01-29,Air Fryer,Home & Kitchen,1107.75,12
2024-01-29,Shampoo,Beauty,389.87,32
2024-01-29,Moisturizer,Beauty,789.75,29
2024-01-29,Lipstick,Beauty,445.83,26
2024-01-29,Perfume,Beauty,370.64,6
2024-01-29,Face Serum,Beauty,348.33,9
2024-01-30,Laptop,Electronics,6847.33,8
2024-01-30,Smartphone,Electronics,9677.2,15
2024-01-30,Headphones,Electronics,2435.94,19
2024-01-30,Tablet,Electronics,3113.21,8
2024-01-30,Smart Watch,Electronics,4290.16,17
2024-01-30,T-Shirt,Clothing,688.75,30
2024-01-30,Jeans,Clothing,1653.58,28
2024-01-30,Jacket,Clothing,1374.56,16
2024-01-30,Sneakers,Clothing,1333.15,17
2024-01-30,Dress,Clothing,959.32,15
2024-01-30,Blender,Home & Kitchen,563.71,12
2024-01-30,Coffee Maker,Home & Kitchen,718.89,9
2024-01-30,Cookware Set,Home & Kitchen,1149.08,9
2024-01-30,Vacuum Cleaner,Home & Kitchen,1171.22,6
2024-01-30,Air Fryer,Home & Kitchen,993.1,12
2024-01-30,Shampoo,Beauty,255.12,23
2024-01-30,Moisturizer,Beauty,963.5,34
2024-01-30,Lipstick,Beauty,463.68,27
2024-01-30,Perfume,Beauty,527.31,8
2024-01-30,Face Serum,Beauty,428.91,11
2024-01-31,Laptop,Electronics,7663.03,9
2024-01-31,Smartphone,Electronics,7880.41,13
2024-01-31,Headphones,Electronics,2154.93,17
2024-01-31,Tablet,Electronics,5417.01,13
2024-01-31,Smart Watch,Electronics,5826.3,23
2024-01-31,T-Shirt,Clothing,675.96,28
2024-01-31,Jeans,Clothing,1624.64,29
2024-01-31,Jacket,Clothing,1115.77,12
2024-01-31,Sneakers,Clothing,977.54,13
2024-01-31,Dress,Clothing,838.64,12
2024-01-31,Blender,Home & Kitchen,526.71,11
2024-01-31,Coffee Maker,Home & Kitchen,600.13,8
2024-01-31,Cookware Set,Home & Kitchen,977.63,8
2024-01-31,Vacuum Cleaner,Home & Kitchen,1205.62,6
2024-01-31,Air Fryer,Home & Kitchen,1307.61,14
2024-01-31,Shampoo,Beauty,280.46,23
2024-01-31,Moisturizer,Beauty,1096.14,39
2024-01-31,Lipstick,Beauty,358.85,19
2024-01-31,Perfume,Beauty,477.71,7
2024-01-31,Face Serum,Beauty,496.25,12
2024-02-01,Laptop,Electronics,5545.16,6
2024-02-01,Smartphone,Electronics,6226.21,10
2024-02-01,Headphones,Electronics,2660.45,20
2024-02-01,Tablet,Electronics,3828.51,10
2024-02-01,Smart Watch,Electronics,3473.16,15
2024-02-01,T-Shirt,Clothing,661.14,28
2024-02-01,Jeans,Clothing,1352.57,24
2024-02-01,Jacket,Clothing,1338.23,15
2024-02-01,Sneakers,Clothing,1065.2,14
2024-02-01,Dress,Clothing,844.92,12
2024-02-01,Blender,Home & Kitchen,766.74,16
2024-02-01,Coffee Maker,Home & Kitchen,879.7,11
2024-02-01,Cookware Set,Home & Kitchen,1078.31,8
2024-02-01,Vacuum Cleaner,Home & Kitchen,1213.34,6
2024-02-01,Air Fryer,Home & Kitchen,1128.16,13
2024-02-01,Shampoo,Beauty,374.18,33
2024-02-01,Moisturizer,Beauty,704.77,26
2024-02-01,Lipstick,Beauty,450.69,24
2024-02-01,Perfume,Beauty,668.13,10
2024-02-01,Face Serum,Beauty,504.35,13
2024-02-02,Laptop,Electronics,6140.67,7
2024-02-02,Smartphone,Electronics,6865.1,11
2024-02-02,Headphones,Electronics,2155.93,17
2024-02-02,Tablet,Electronics,3466.21,9
2024-02-02,Smart Watch,Electronics,2542.28,11
2024-02-02,T-Shirt,Clothing,655.18,27
2024-02-02,Jeans,Clothing,1095.96,18
2024-02-02,Jacket,Clothing,1144.98,13
2024-02-02,Sneakers,Clothing,1018.36,14
2024-02-02,Dress,Clothing,792.94,12
2024-02-02,Blender,Home & Kitchen,718.05,14
2024-02-02,Coffee Maker,Home & Kitchen,657.12,9
2024-02-02,Cookware Set,Home & Kitchen,866.68,7
2024-02-02,Vacuum Cleaner,Home & Kitchen,1161.2,6
2024-02-02,Air Fryer,Home & Kitchen,1348.65,15
2024-02-02,Shampoo,Beauty,334.07,29
2024-02-02,Moisturizer,Beauty,1259.32,45
2024-02-02,Lipstick,Beauty,507.47,30
2024-02-02,Perfume,Beauty,738.62,11
2024-02-02,Face Serum,Beauty,648.51,15
2024-02-03,Laptop,Electronics,7354.17,8
2024-02-03,Smartphone,Electronics,8386.72,14
2024-02-03,Headphones,Electronics,2686.27,22
2024-02-03,Tablet,Electronics,3322.37,8
2024-02-03,Smart Watch,Electronics,4295.84,18
2024-02-03,T-Shirt,Clothing,1219.42,55
2024-02-03,Jeans,Clothing,1770.34,30
2024-02-03,Jacket,Clothing,2118.38,23
2024-02-03,Sneakers,Clothing,1610.56,21
2024-02-03,Dress,Clothing,955.83,15
2024-02-03,Blender,Home & Kitchen,661.26,14
2024-02-03,Coffee Maker,Home & Kitchen,922.59,12
2024-02-03,Cookware Set,Home & Kitchen,1466.14,11
2024-02-03,Vacuum Cleaner,Home & Kitchen,1687.91,9
2024-02-03,Air Fryer,Home & Kitchen,1323.81,15
2024-02-03,Shampoo,Beauty,510.79,45
2024-02-03,Moisturizer,Beauty,822.96,29
2024-02-03,Lipstick,Beauty,452.89,27
2024-02-03,Perfume,Beauty,557.04,9
2024-02-03,Face Serum,Beauty,837.77,21
2024-02-04,Laptop,Electronics,8712.26,10
2024-02-04,Smartphone,Electronics,15251.82,24
2024-02-04,Headphones,Electronics,2581.73,21
2024-02-04,Tablet,Electronics,4556.03,11
2024-02-04,Smart Watch,Electronics,3289.14,14
2024-02-04,T-Shirt,Clothing,937.03,39
2024-02-04,Jeans,Clothing,1593.16,29
2024-02-04,Jacket,Clothing,1511.18,17
2024-02-04,Sneakers,Clothing,1506.78,20
2024-02-04,Dress,Clothing,1129.34,16
2024-02-04,Blender,Home & Kitchen,905.82,19
2024-02-04,Coffee Maker,Home & Kitchen,1067.03,13
2024-02-04,Cookware Set,Home & Kitchen,911.35,7
2024-02-04,Vacuum Cleaner,Home & Kitchen,1333.2,7
2024-02-04,Air Fryer,Home & Kitchen,1110.68,12
2024-02-04,Shampoo,Beauty,353.15,30
2024-02-04,Moisturizer,Beauty,879.34,34
2024-02-04,Lipstick,Beauty,646.35,36
2024-02-04,Perfume,Beauty,610.33,9
2024-02-04,Face Serum,Beauty,722.6,18
2024-02-05,Laptop,Electronics,5656.02,6
2024-02-05,Smartphone,Electronics,8926.93,14
2024-02-05,Headphones,Electronics,2177.83,17
2024-02-05,Tablet,Electronics,3390.27,9
2024-02-05,Smart Watch,Electronics,3319.13,14
2024-02-05,T-Shirt,Clothing,714.29,31
2024-02-05,Jeans,Clothing,1641.81,28
2024-02-05,Jacket,Clothing,1114.64,12
2024-02-05,Sneakers,Clothing,950.45,12
2024-02-05,Dress,Clothing,770.99,11
2024-02-05,Blender,Home & Kitchen,649.7,14
2024-02-05,Coffee Maker,Home & Kitchen,799.4,10
2024-02-05,Cookware Set,Home & Kitchen,1038.71,8
2024-02-05,Vacuum Cleaner,Home & Kitchen,998.09,5
2024-02-05,Air Fryer,Home & Kitchen,1185.02,14
2024-02-05,Shampoo,Beauty,390.81,33
2024-02-05,Moisturizer,Beauty,710.79,26
2024-02-05,Lipstick,Beauty,622.5,33
2024-02-05,Perfume,Beauty,618.47,10
2024-02-05,Face Serum,Beauty,590.9,15
2024-02-06,Laptop,Electronics,4242.53,5
2024-02-06,Smartphone,Electronics,10201.4,15
2024-02-06,Headphones,Electronics,3982.9,30
2024-02-06,Tablet,Electronics,2609.86,7
2024-02-06,Smart Watch,Electronics,4690.31,19
2024-02-06,T-Shirt,Clothing,818.12,33
2024-02-06,Jeans,Clothing,1126.23,20
2024-02-06,Jacket,Clothing,1321.03,15
2024-02-06,Sneakers,Clothing,1303.47,17
2024-02-06,Dress,Clothing,910.47,14
2024-02-06,Blender,Home & Kitchen,528.14,11
2024-02-06,Coffee Maker,Home & Kitchen,894.02,12
2024-02-06,Cookware Set,Home & Kitchen,1032.58,8
2024-02-06,Vacuum Cleaner,Home & Kitchen,817.49,4
2024-02-06,Air Fryer,Home & Kitchen,910.87,11
2024-02-06,Shampoo,Beauty,426.23,34
2024-02-06,Moisturizer,Beauty,876.58,30
2024-02-06,Lipstick,Beauty,507.24,28
2024-02-06,Perfume,Beauty,533.66,8
2024-02-06,Face Serum,Beauty,835.65,19
2024-02-07,Laptop,Electronics,9195.4,11
2024-02-07,Smartphone,Electronics,9301.75,15
2024-02-07,Headphones,Electronics,2423.51,20
2024-02-07,Tablet,Electronics,2817.79,7
2024-02-07,Smart Watch,Electronics,5218.79,20
2024-02-07,T-Shirt,Clothing,806.56,35
2024-02-07,Jeans,Clothing,1017.5,17
2024-02-07,Jacket,Clothing,959.62,11
2024-02-07,Sneakers,Clothing,1096.86,15
2024-02-07,Dress,Clothing,798.38,12
2024-02-07,Blender,Home & Kitchen,748.76,16
2024-02-07,Coffee Maker,Home & Kitchen,770.88,10
2024-02-07,Cookware Set,Home & Kitchen,970.8,8
2024-02-07,Vacuum Cleaner,Home & Kitchen,944.36,5
2024-02-07,Air Fryer,Home & Kitchen,1008.97,12
2024-02-07,Shampoo,Beauty,492.26,42
2024-02-07,Moisturizer,Beauty,1070.98,37
2024-02-07,Lipstick,Beauty,515.52,29
2024-02-07,Perfume,Beauty,407.47,6
2024-02-07,Face Serum,Beauty,637.32,15
2024-02-08,Laptop,Electronics,5592.94,6
2024-02-08,Smartphone,Electronics,6040.22,10
2024-02-08,Headphones,Electronics,1696.11,13
2024-02-08,Tablet,Electronics,4662.13,12
2024-02-08,Smart Watch,Electronics,3571.57,14
2024-02-08,T-Shirt,Clothing,681.19,30
2024-02-08,Jeans,Clothing,1771.61,32
2024-02-08,Jacket,Clothing,974.94,11
2024-02-08,Sneakers,Clothing,1112.58,15
2024-02-08,Dress,Clothing,987.01,15
2024-02-08,Blender,Home & Kitchen,1020.3,20
2024-02-08,Coffee Maker,Home & Kitchen,883.72,11
2024-02-08,Cookware Set,Home & Kitchen,1084.98,9
2024-02-08,Vacuum Cleaner,Home & Kitchen,980.19,5
2024-02-08,Air Fryer,Home & Kitchen,704.56,8
2024-02-08,Shampoo,Beauty,473.1,41
2024-02-08,Moisturizer,Beauty,896.72,32
2024-02-08,Lipstick,Beauty,492.04,28
2024-02-08,Perfume,Beauty,614.16,9
2024-02-08,Face Serum,Beauty,620.0,16
2024-02-09,Laptop,Electronics,6015.58,7
2024-02-09,Smartphone,Electronics,8542.42,13
2024-02-09,Headphones,Electronics,2892.1,22
2024-02-09,Tablet,Electronics,2759.01,7
2024-02-09,Smart Watch,Electronics,3533.39,15
2024-02-09,T-Shirt,Clothing,670.76,27
2024-02-09,Jeans,Clothing,964.21,17
2024-02-09,Jacket,Clothing,1214.18,14
2024-02-09,Sneakers,Clothing,1152.8,15
2024-02-09,Dress,Clothing,734.7,11
2024-02-09,Blender,Home & Kitchen,659.85,13
2024-02-09,Coffee Maker,Home & Kitchen,793.16,10
2024-02-09,Cookware Set,Home & Kitchen,1093.04,9
2024-02-09,Vacuum Cleaner,Home & Kitchen,1106.33,6
2024-02-09,Air Fryer,Home & Kitchen,934.36,10
2024-02-09,Shampoo,Beauty,309.53,25
2024-02-09,Moisturizer,Beauty,603.53,22
2024-02-09,Lipstick,Beauty,425.79,25
2024-02-09,Perfume,Beauty,391.82,6
2024-02-09,Face Serum,Beauty,778.5,18
2024-02-10,Laptop,Electronics,6183.79,7
2024-02-10,Smartphone,Electronics,7841.03,13
2024-02-10,Headphones,Electronics,2890.37,23
2024-02-10,Tablet,Electronics,3163.18,8
2024-02-10,Smart Watch,Electronics,3871.37,15
2024-02-10,T-Shirt,Clothing,1132.91,46
2024-02-10,Jeans,Clothing,1625.18,28
2024-02-10,Jacket,Clothing,1537.17,18
2024-02-10,Sneakers,Clothing,2013.03,25
2024-02-10,Dress,Clothing,1362.06,21
2024-02-10,Blender,Home & Kitchen,739.59,15
2024-02-10,Coffee Maker,Home & Kitchen,1015.52,13
2024-02-10,Cookware Set,Home & Kitchen,887.03,7
2024-02-10,Vacuum Cleaner,Home & Kitchen,1360.54,7
2024-02-10,Air Fryer,Home & Kitchen,1306.14,14
2024-02-10,Shampoo,Beauty,539.53,45
2024-02-10,Moisturizer,Beauty,992.24,35
2024-02-10,Lipstick,Beauty,606.31,35
2024-02-10,Perfume,Beauty,959.69,16
2024-02-10,Face Serum,Beauty,677.98,17
2024-02-11,Laptop,Electronics,8395.03,9
2024-02-11,Smartphone,Electronics,13137.74,20
2024-02-11,Headphones,Electronics,3620.46,27
2024-02-11,Tablet,Electronics,5027.52,13
2024-02-11,Smart Watch,Electronics,4649.94,18
2024-02-11,T-Shirt,Clothing,1060.49,43
2024-02-11,Jeans,Clothing,1539.59,26
2024-02-11,Jacket,Clothing,1744.9,21
2024-02-11,Sneakers,Clothing,1738.14,23
2024-02-11,Dress,Clothing,1330.35,19
2024-02-11,Blender,Home & Kitchen,577.36,12
2024-02-11,Coffee Maker,Home & Kitchen,720.29,9
2024-02-11,Cookware Set,Home & Kitchen,1336.64,10
2024-02-11,Vacuum Cleaner,Home & Kitchen,1150.93,6
2024-02-11,Air Fryer,Home & Kitchen,1291.55,14
2024-02-11,Shampoo,Beauty,411.91,37
2024-02-11,Moisturizer,Beauty,941.41,33
2024-02-11,Lipstick,Beauty,792.53,42
2024-02-11,Perfume,Beauty,869.83,14
2024-02-11,Face Serum,Beauty,729.49,17
2024-02-12,Laptop,Electronics,4689.22,5
2024-02-12,Smartphone,Electronics,8621.0,13
2024-02-12,Headphones,Electronics,3294.45,26
2024-02-12,Tablet,Electronics,3087.97,8
2024-02-12,Smart Watch,Electronics,3836.25,15
2024-02-12,T-Shirt,Clothing,864.9,38
2024-02-12,Jeans,Clothing,1169.32,19
2024-02-12,Jacket,Clothing,839.37,9
2024-02-12,Sneakers,Clothing,1148.04,15
2024-02-12,Dress,Clothing,511.13,8
2024-02-12,Blender,Home & Kitchen,887.83,18
2024-02-12,Coffee Maker,Home & Kitchen,828.35,11
2024-02-12,Cookware Set,Home & Kitchen,1187.9,9
2024-02-12,Vacuum Cleaner,Home & Kitchen,948.15,5
2024-02-12,Air Fryer,Home & Kitchen,1425.81,17
2024-02-12,Shampoo,Beauty,401.86,33
2024-02-12,Moisturizer,Beauty,1174.65,41
2024-02-12,Lipstick,Beauty,528.83,31
2024-02-12,Perfume,Beauty,668.52,11
2024-02-12,Face Serum,Beauty,593.21,15
2024-02-13,Laptop,Electronics,5499.26,6
2024-02-13,Smartphone,Electronics,6487.03,10
2024-02-13,Headphones,Electronics,3192.61,25
2024-02-13,Tablet,Electronics,2409.09,6
2024-02-13,Smart Watch,Electronics,4452.18,19
2024-02-13,T-Shirt,Clothing,913.14,41
2024-02-13,Jeans,Clothing,931.25,16
2024-02-13,Jacket,Clothing,995.01,12
2024-02-13,Sneakers,Clothing,876.75,12
2024-02-13,Dress,Clothing,648.75,10
2024-02-13,Blender,Home & Kitchen,863.71,17
2024-02-13,Coffee Maker,Home & Kitchen,818.06,11
2024-02-13,Cookware Set,Home & Kitchen,1201.18,9
2024-02-13,Vacuum Cleaner,Home & Kitchen,929.41,5
2024-02-13,Air Fryer,Home & Kitchen,701.29,8
2024-02-13,Shampoo,Beauty,335.72,27
2024-02-13,Moisturizer,Beauty,882.19,32
2024-02-13,Lipstick,Beauty,442.23,25
2024-02-13,Perfume,Beauty,702.25,11
2024-02-13,Face Serum,Beauty,798.71,19
2024-02-14,Laptop,Electronics,6582.64,7
2024-02-14,Smartphone,Electronics,6647.82,11
2024-02-14,Headphones,Electronics,3317.51,26
2024-02-14,Tablet,Electronics,3310.43,9
2024-02-14,Smart Watch,Electronics,3850.58,16
2024-02-14,T-Shirt,Clothing,852.03,36
2024-02-14,Jeans,Clothing,1011.23,17
2024-02-14,Jacket,Clothing,1053.96,12
2024-02-14,Sneakers,Clothing,1098.56,15
2024-02-14,Dress,Clothing,839.4,12
2024-02-14,Blender,Home & Kitchen,690.55,15
2024-02-14,Coffee Maker,Home & Kitchen,835.89,11
2024-02-14,Cookware Set,Home & Kitchen,840.53,7
2024-02-14,Vacuum Cleaner,Home & Kitchen,736.46,4
2024-02-14,Air Fryer,Home & Kitchen,1102.77,12
2024-02-14,Shampoo,Beauty,406.02,33
2024-02-14,Moisturizer,Beauty,620.89,24
2024-02-14,Lipstick,Beauty,491.34,26
2024-02-14,Perfume,Beauty,512.56,8
2024-02-14,Face Serum,Beauty,637.58,15
2024-02-15,Laptop,Electronics,5119.78,6
2024-02-15,Smartphone,Electronics,8799.69,14
2024-02-15,Headphones,Electronics,2189.95,18
2024-02-15,Tablet,Electronics,4036.49,10
2024-02-15,Smart Watch,Electronics,3314.83,14
2024-02-15,T-Shirt,Clothing,740.22,33
2024-02-15,Jeans,Clothing,1157.41,21
2024-02-15,Jacket,Clothing,1276.64,15
2024-02-15,Sneakers,Clothing,1140.5,14
2024-02-15,Dress,Clothing,1064.9,16
2024-02-15,Blender,Home & Kitchen,936.45,19
2024-02-15,Coffee Maker,Home & Kitchen,649.06,8
2024-02-15,Cookware Set,Home & Kitchen,1067.49,8
2024-02-15,Vacuum Cleaner,Home & Kitchen,1016.2,5
2024-02-15,Air Fryer,Home & Kitchen,1221.25,14
2024-02-15,Shampoo,Beauty,374.33,31
2024-02-15,Moisturizer,Beauty,962.3,34
2024-02-15,Lipstick,Beauty,499.18,28
2024-02-15,Perfume,Beauty,959.91,16
2024-02-15,Face Serum,Beauty,553.05,14
2024-02-16,Laptop,Electronics,5055.32,6
2024-02-16,Smartphone,Electronics,10093.62,16
2024-02-16,Headphones,Electronics,3306.05,25
2024-02-16,Tablet,Electronics,3886.99,10
2024-02-16,Smart Watch,Electronics,4816.03,20
2024-02-16,T-Shirt,Clothing,1256.84,52
2024-02-16,Jeans,Clothing,1083.36,19
2024-02-16,Jacket,Clothing,937.52,11
2024-02-16,Sneakers,Clothing,1899.43,23
2024-02-16,Dress,Clothing,846.22,12
2024-02-16,Blender,Home & Kitchen,819.5,17
2024-02-16,Coffee Maker,Home & Kitchen,1049.8,13
2024-02-16,Cookware Set,Home & Kitchen,977.35,8
2024-02-16,Vacuum Cleaner,Home & Kitchen,1166.3,6
2024-02-16,Air Fryer,Home & Kitchen,1025.87,11
2024-02-16,Shampoo,Beauty,509.0,43
2024-02-16,Moisturizer,Beauty,916.26,35
2024-02-16,Lipstick,Beauty,397.69,22
2024-02-16,Perfume,Beauty,899.7,14
2024-02-16,Face Serum,Beauty,523.36,12
2024-02-17,Laptop,Electronics,8701.76,10
2024-02-17,Smartphone,Electronics,11469.87,17
2024-02-17,Headphones,Electronics,2252.9,18
2024-02-17,Tablet,Electronics,4253.65,11
2024-02-17,Smart Watch,Electronics,4478.8,18
2024-02-17,T-Shirt,Clothing,936.85,39
2024-02-17,Jeans,Clothing,2053.04,34
2024-02-17,Jacket,Clothing,1955.17,23
2024-02-17,Sneakers,Clothing,1842.76,23
2024-02-17,Dress,Clothing,1200.53,17
2024-02-17,Blender,Home & Kitchen,782.58,17
2024-02-17,Coffee Maker,Home & Kitchen,539.44,7
2024-02-17,Cookware Set,Home & Kitchen,975.65,8
2024-02-17,Vacuum Cleaner,Home & Kitchen,1243.72,6
2024-02-17,Air Fryer,Home & Kitchen,1076.3,13
2024-02-17,Shampoo,Beauty,361.83,30
2024-02-17,Moisturizer,Beauty,737.4,27
2024-02-17,Lipstick,Beauty,511.83,29
2024-02-17,Perfume,Beauty,772.47,12
2024-02-17,Face Serum,Beauty,661.16,16
2024-02-18,Laptop,Electronics,6236.02,7
2024-02-18,Smartphone,Electronics,14030.76,23
2024-02-18,Headphones,Electronics,2835.88,23
2024-02-18,Tablet,Electronics,4250.56,11
2024-02-18,Smart Watch,Electronics,6258.19,25
2024-02-18,T-Shirt,Clothing,1173.73,52
2024-02-18,Jeans,Clothing,2015.71,35
2024-02-18,Jacket,Clothing,1430.0,17
2024-02-18,Sneakers,Clothing,1945.43,24
2024-02-18,Dress,Clothing,1637.98,24
2024-02-18,Blender,Home & Kitchen,820.02,17
2024-02-18,Coffee Maker,Home & Kitchen,906.11,11
2024-02-18,Cookware Set,Home & Kitchen,1079.02,8
2024-02-18,Vacuum Cleaner,Home & Kitchen,1021.1,5
2024-02-18,Air Fryer,Home & Kitchen,1519.04,17
2024-02-18,Shampoo,Beauty,467.88,39
2024-02-18,Moisturizer,Beauty,947.94,34
2024-02-18,Lipstick,Beauty,507.1,27
2024-02-18,Perfume,Beauty,773.94,12
2024-02-18,Face Serum,Beauty,580.39,14
2024-02-19,Laptop,Electronics,7248.1,8
2024-02-19,Smartphone,Electronics,7670.48,12
2024-02-19,Headphones,Electronics,2677.43,21
2024-02-19,Tablet,Electronics,4112.35,10
2024-02-19,Smart Watch,Electronics,4312.17,17
2024-02-19,T-Shirt,Clothing,865.75,39
2024-02-19,Jeans,Clothing,1175.89,19
2024-02-19,Jacket,Clothing,1167.56,13
2024-02-19,Sneakers,Clothing,1261.49,17
2024-02-19,Dress,Clothing,1077.77,15
2024-02-19,Blender,Home & Kitchen,781.94,17
2024-02-19,Coffee Maker,Home & Kitchen,982.56,12
2024-02-19,Cookware Set,Home & Kitchen,881.78,7
2024-02-19,Vacuum Cleaner,Home & Kitchen,1104.47,6
2024-02-19,Air Fryer,Home & Kitchen,1469.23,16
2024-02-19,Shampoo,Beauty,383.84,34
2024-02-19,Moisturizer,Beauty,1000.87,36
2024-02-19,Lipstick,Beauty,382.38,23
2024-02-19,Perfume,Beauty,680.38,11
2024-02-19,Face Serum,Beauty,625.39,15
2024-02-20,Laptop,Electronics,6272.47,7
2024-02-20,Smartphone,Electronics,8389.68,13
2024-02-20,Headphones,Electronics,1889.9,15
2024-02-20,Tablet,Electronics,4318.01,11
2024-02-20,Smart Watch,Electronics,3406.08,14
2024-02-20,T-Shirt,Clothing,608.54,25
2024-02-20,Jeans,Clothing,1286.25,21
2024-02-20,Jacket,Clothing,1611.08,18
2024-02-20,Sneakers,Clothing,1068.97,13
2024-02-20,Dress,Clothing,710.68,10
2024-02-20,Blender,Home & Kitchen,865.9,17
2024-02-20,Coffee Maker,Home & Kitchen,816.68,10
2024-02-20,Cookware Set,Home & Kitchen,1204.59,9
2024-02-20,Vacuum Cleaner,Home & Kitchen,954.63,5
2024-02-20,Air Fryer,Home & Kitchen,983.34,12
2024-02-20,Shampoo,Beauty,352.39,29
2024-02-20,Moisturizer,Beauty,998.75,35
2024-02-20,Lipstick,Beauty,447.28,26
2024-02-20,Perfume,Beauty,548.16,9
2024-02-20,Face Serum,Beauty,780.65,18
2024-02-21,Laptop,Electronics,8863.85,10
2024-02-21,Smartphone,Electronics,9393.24,15
2024-02-21,Headphones,Electronics,3094.82,25
2024-02-21,Tablet,Electronics,3443.73,9
2024-02-21,Smart Watch,Electronics,4086.98,16
2024-02-21,T-Shirt,Clothing,777.74,34
2024-02-21,Jeans,Clothing,999.15,18
2024-02-21,Jacket,Clothing,1090.28,12
2024-02-21,Sneakers,Clothing,1244.86,17
2024-02-21,Dress,Clothing,847.37,12
2024-02-21,Blender,Home & Kitchen,652.97,14
2024-02-21,Coffee Maker,Home & Kitchen,729.26,10
2024-02-21,Cookware Set,Home & Kitchen,793.0,6
2024-02-21,Vacuum Cleaner,Home & Kitchen,1112.37,6
2024-02-21,Air Fryer,Home & Kitchen,1011.76,11
2024-02-21,Shampoo,Beauty,302.95,26
2024-02-21,Moisturizer,Beauty,701.28,27
2024-02-21,Lipstick,Beauty,544.37,29
2024-02-21,Perfume,Beauty,700.98,11
2024-02-21,Face Serum,Beauty,720.79,17
2024-02-22,Laptop,Electronics,4526.94,5
2024-02-22,Smartphone,Electronics,9345.01,15
2024-02-22,Headphones,Electronics,3424.28,28
2024-02-22,Tablet,Electronics,4390.47,11
2024-02-22,Smart Watch,Electronics,4187.64,17
2024-02-22,T-Shirt,Clothing,823.54,34
2024-02-22,Jeans,Clothing,1153.82,21
2024-02-22,Jacket,Clothing,1004.23,12
2024-02-22,Sneakers,Clothing,1374.3,18
2024-02-22,Dress,Clothing,641.55,10
2024-02-22,Blender,Home & Kitchen,752.03,15
2024-02-22,Coffee Maker,Home & Kitchen,658.23,8
2024-02-22,Cookware Set,Home & Kitchen,1088.25,9
2024-02-22,Vacuum Cleaner,Home & Kitchen,1180.98,6
2024-02-22,Air Fryer,Home & Kitchen,849.8,10
2024-02-22,Shampoo,Beauty,515.89,44
2024-02-22,Moisturizer,Beauty,904.34,33
2024-02-22,Lipstick,Beauty,423.42,24
2024-02-22,Perfume,Beauty,889.36,14
2024-02-22,Face Serum,Beauty,598.63,14
2024-02-23,Laptop,Electronics,5150.14,6
2024-02-23,Smartphone,Electronics,8360.74,14
2024-02-23,Headphones,Electronics,2064.5,17
2024-02-23,Tablet,Electronics,3276.04,8
2024-02-23,Smart Watch,Electronics,5302.31,21
2024-02-23,T-Shirt,Clothing,1178.92,47
2024-02-23,Jeans,Clothing,1107.86,20
2024-02-23,Jacket,Clothing,1291.39,14
2024-02-23,Sneakers,Clothing,1523.47,20
2024-02-23,Dress,Clothing,758.81,11
2024-02-23,Blender,Home & Kitchen,601.07,12
2024-02-23,Coffee Maker,Home & Kitchen,895.62,11
2024-02-23,Cookware Set,Home & Kitchen,798.51,6
2024-02-23,Vacuum Cleaner,Home & Kitchen,944.24,5
2024-02-23,Air Fryer,Home & Kitchen,927.53,10
2024-02-23,Shampoo,Beauty,535.87,43
2024-02-23,Moisturizer,Beauty,904.03,34
2024-02-23,Lipstick,Beauty,632.56,34
2024-02-23,Perfume,Beauty,544.71,8
2024-02-23,Face Serum,Beauty,673.48,16
2024-02-24,Laptop,Electronics,7617.11,9
2024-02-24,Smartphone,Electronics,15222.75,23
2024-02-24,Headphones,Electronics,3752.93,28
2024-02-24,Tablet,Electronics,4982.63,13
2024-02-24,Smart Watch,Electronics,4969.15,20
2024-02-24,T-Shirt,Clothing,768.33,33
2024-02-24,Jeans,Clothing,1848.81,34
2024-02-24,Jacket,Clothing,1813.65,20
2024-02-24,Sneakers,Clothing,1882.39,23
2024-02-24,Dress,Clothing,1228.68,17
2024-02-24,Blender,Home & Kitchen,680.13,15
2024-02-24,Coffee Maker,Home & Kitchen,811.53,10
2024-02-24,Cookware Set,Home & Kitchen,1212.63,10
2024-02-24,Vacuum Cleaner,Home & Kitchen,990.68,5
2024-02-24,Air Fryer,Home & Kitchen,1579.74,19
2024-02-24,Shampoo,Beauty,536.63,45
2024-02-24,Moisturizer,Beauty,1281.58,47
2024-02-24,Lipstick,Beauty,543.53,30
2024-02-24,Perfume,Beauty,620.85,10
2024-02-24,Face Serum,Beauty,744.66,17
2024-02-25,Laptop,Electronics,6804.66,8
2024-02-25,Smartphone,Electronics,12298.24,19
2024-02-25,Headphones,Electronics,3047.35,25
2024-02-25,Tablet,Electronics,6294.89,16
2024-02-25,Smart Watch,Electronics,4333.26,17
2024-02-25,T-Shirt,Clothing,1011.02,42
2024-02-25,Jeans,Clothing,1587.0,29
2024-02-25,Jacket,Clothing,1769.62,19
2024-02-25,Sneakers,Clothing,2355.24,29
2024-02-25,Dress,Clothing,1336.58,19
2024-02-25,Blender,Home & Kitchen,493.18,10
2024-02-25,Coffee Maker,Home & Kitchen,553.39,7
2024-02-25,Cookware Set,Home & Kitchen,955.56,8
2024-02-25,Vacuum Cleaner,Home & Kitchen,1117.8,6
2024-02-25,Air Fryer,Home & Kitchen,1201.68,13
2024-02-25,Shampoo,Beauty,454.04,38
2024-02-25,Moisturizer,Beauty,1480.71,52
2024-02-25,Lipstick,Beauty,750.65,42
2024-02-25,Perfume,Beauty,627.58,10
2024-02-25,Face Serum,Beauty,746.36,17
2024-02-26,Laptop,Electronics,5908.37,7
2024-02-26,Smartphone,Electronics,6989.61,11
2024-02-26,Headphones,Electronics,2541.96,21
2024-02-26,Tablet,Electronics,3629.54,9
2024-02-26,Smart Watch,Electronics,3714.38,16
2024-02-26,T-Shirt,Clothing,791.59,34
2024-02-26,Jeans,Clothing,1280.22,22
2024-02-26,Jacket,Clothing,1438.44,16
2024-02-26,Sneakers,Clothing,1164.41,15
2024-02-26,Dress,Clothing,1205.44,17
2024-02-26,Blender,Home & Kitchen,667.09,14
2024-02-26,Coffee Maker,Home & Kitchen,1158.81,14
2024-02-26,Cookware Set,Home & Kitchen,1190.16,9
2024-02-26,Vacuum Cleaner,Home & Kitchen,1029.32,5
2024-02-26,Air Fryer,Home & Kitchen,1108.99,13
2024-02-26,Shampoo,Beauty,564.36,51
2024-02-26,Moisturizer,Beauty,910.79,31
2024-02-26,Lipstick,Beauty,747.3,45
2024-02-26,Perfume,Beauty,759.01,12
2024-02-26,Face Serum,Beauty,663.24,17
2024-02-27,Laptop,Electronics,7388.45,8
2024-02-27,Smartphone,Electronics,9302.2,14
2024-02-27,Headphones,Electronics,1635.08,13
2024-02-27,Tablet,Electronics,3720.09,9
2024-02-27,Smart Watch,Electronics,4407.84,18
2024-02-27,T-Shirt,Clothing,923.84,39
2024-02-27,Jeans,Clothing,1374.77,25
2024-02-27,Jacket,Clothing,1443.16,16
2024-02-27,Sneakers,Clothing,1632.09,20
2024-02-27,Dress,Clothing,1259.49,19
2024-02-27,Blender,Home & Kitchen,859.5,17
2024-02-27,Coffee Maker,Home & Kitchen,1057.93,14
2024-02-27,Cookware Set,Home & Kitchen,1331.06,10
2024-02-27,Vacuum Cleaner,Home & Kitchen,1849.09,10
2024-02-27,Air Fryer,Home & Kitchen,1287.84,14
2024-02-27,Shampoo,Beauty,445.44,38
2024-02-27,Moisturizer,Beauty,1273.12,46
2024-02-27,Lipstick,Beauty,685.25,41
2024-02-27,Perfume,Beauty,621.93,10
2024-02-27,Face Serum,Beauty,736.75,18
2024-02-28,Laptop,Electronics,7517.86,8
2024-02-28,Smartphone,Electronics,10649.23,17
2024-02-28,Headphones,Electronics,3213.92,25
2024-02-28,Tablet,Electronics,3057.05,8
2024-02-28,Smart Watch,Electronics,5035.27,21
2024-02-28,T-Shirt,Clothing,977.38,42
2024-02-28,Jeans,Clothing,1536.51,25
2024-02-28,Jacket,Clothing,1299.34,14
2024-02-28,Sneakers,Clothing,1734.7,23
2024-02-28,Dress,Clothing,763.26,11
2024-02-28,Blender,Home & Kitchen,977.03,20
2024-02-28,Coffee Maker,Home & Kitchen,734.94,9
2024-02-28,Cookware Set,Home & Kitchen,1275.64,10
2024-02-28,Vacuum Cleaner,Home & Kitchen,1005.3,5
2024-02-28,Air Fryer,Home & Kitchen,1555.42,17
2024-02-28,Shampoo,Beauty,593.3,52
2024-02-28,Moisturizer,Beauty,1475.94,51
2024-02-28,Lipstick,Beauty,793.38,44
2024-02-28,Perfume,Beauty,613.93,9
2024-02-28,Face Serum,Beauty,666.18,16
2024-02-29,Laptop,Electronics,6582.81,7
2024-02-29,Smartphone,Electronics,6642.54,10
2024-02-29,Headphones,Electronics,2894.49,23
2024-02-29,Tablet,Electronics,5256.02,13
2024-02-29,Smart Watch,Electronics,4890.01,21
2024-02-29,T-Shirt,Clothing,1388.76,57
2024-02-29,Jeans,Clothing,1251.17,21
2024-02-29,Jacket,Clothing,1719.36,20
2024-02-29,Sneakers,Clothing,1300.69,17
2024-02-29,Dress,Clothing,758.17,11
2024-02-29,Blender,Home & Kitchen,845.04,17
2024-02-29,Coffee Maker,Home & Kitchen,1056.81,13
2024-02-29,Cookware Set,Home & Kitchen,1407.16,11
2024-02-29,Vacuum Cleaner,Home & Kitchen,1149.16,6
2024-02-29,Air Fryer,Home & Kitchen,1246.76,15
2024-02-29,Shampoo,Beauty,469.76,39
2024-02-29,Moisturizer,Beauty,962.02,36
2024-02-29,Lipstick,Beauty,778.66,46
2024-02-29,Perfume,Beauty,775.35,12
2024-02-29,Face Serum,Beauty,448.67,11
2024-03-01,Laptop,Electronics,7445.8,8
2024-03-01,Smartphone,Electronics,7827.2,12
2024-03-01,Headphones,Electronics,2933.2,24
2024-03-01,Tablet,Electronics,3308.11,8
2024-03-01,Smart Watch,Electronics,5404.75,21
2024-03-01,T-Shirt,Clothing,686.01,28
2024-03-01,Jeans,Clothing,1163.41,20
2024-03-01,Jacket,Clothing,1431.37,17
2024-03-01,Sneakers,Clothing,1367.13,18
2024-03-01,Dress,Clothing,706.44,11
2024-03-01,Blender,Home & Kitchen,1150.16,23
2024-03-01,Coffee Maker,Home & Kitchen,826.65,11
2024-03-01,Cookware Set,Home & Kitchen,1175.82,9
2024-03-01,Vacuum Cleaner,Home & Kitchen,1354.48,7
2024-03-01,Air Fryer,Home & Kitchen,1669.76,18
2024-03-01,Shampoo,Beauty,362.53,32
2024-03-01,Moisturizer,Beauty,922.72,32
2024-03-01,Lipstick,Beauty,639.7,36
2024-03-01,Perfume,Beauty,723.93,11
2024-03-01,Face Serum,Beauty,564.64,14
2024-03-02,Laptop,Electronics,7686.74,9
2024-03-02,Smartphone,Electronics,7278.66,12
2024-03-02,Headphones,Electronics,3840.35,29
2024-03-02,Tablet,Electronics,5569.99,15
2024-03-02,Smart Watch,Electronics,5053.98,21
2024-03-02,T-Shirt,Clothing,1780.36,74
2024-03-02,Jeans,Clothing,3157.27,51
2024-03-02,Jacket,Clothing,1528.62,17
2024-03-02,Sneakers,Clothing,1788.2,23
2024-03-02,Dress,Clothing,1730.36,26
2024-03-02,Blender,Home & Kitchen,1078.76,22
2024-03-02,Coffee Maker,Home & Kitchen,738.98,10
2024-03-02,Cookware Set,Home & Kitchen,1048.64,8
2024-03-02,Vacuum Cleaner,Home & Kitchen,1648.57,9
2024-03-02,Air Fryer,Home & Kitchen,1635.99,18
2024-03-02,Shampoo,Beauty,435.63,37
2024-03-02,Moisturizer,Beauty,1378.58,49
2024-03-02,Lipstick,Beauty,540.33,31
2024-03-02,Perfume,Beauty,480.31,8
2024-03-02,Face Serum,Beauty,830.8,19
2024-03-03,Laptop,Electronics,9105.13,11
2024-03-03,Smartphone,Electronics,10399.87,17
2024-03-03,Headphones,Electronics,2991.21,23
2024-03-03,Tablet,Electronics,3550.67,9
2024-03-03,Smart Watch,Electronics,5177.86,22
2024-03-03,T-Shirt,Clothing,1370.96,62
2024-03-03,Jeans,Clothing,2533.14,44
2024-03-03,Jacket,Clothing,2126.74,25
2024-03-03,Sneakers,Clothing,1884.93,25
2024-03-03,Dress,Clothing,1431.09,21
2024-03-03,Blender,Home & Kitchen,1165.63,23
2024-03-03,Coffee Maker,Home & Kitchen,1063.12,14
2024-03-03,Cookware Set,Home & Kitchen,1598.22,12
2024-03-03,Vacuum Cleaner,Home & Kitchen,1208.12,6
2024-03-03,Air Fryer,Home & Kitchen,1598.64,19
2024-03-03,Shampoo,Beauty,496.9,42
2024-03-03,Moisturizer,Beauty,1021.78,36
2024-03-03,Lipstick,Beauty,733.33,42
2024-03-03,Perfume,Beauty,959.45,16
2024-03-03,Face Serum,Beauty,571.79,13
2024-03-04,Laptop,Electronics,4294.34,5
2024-03-04,Smartphone,Electronics,8687.49,13
2024-03-04,Headphones,Electronics,2513.27,21
2024-03-04,Tablet,Electronics,3865.8,10
2024-03-04,Smart Watch,Electronics,3542.86,15
2024-03-04,T-Shirt,Clothing,576.26,26
2024-03-04,Jeans,Clothing,1288.34,21
2024-03-04,Jacket,Clothing,1158.5,13
2024-03-04,Sneakers,Clothing,1177.75,15
2024-03-04,Dress,Clothing,786.41,12
2024-03-04,Blender,Home & Kitchen,766.49,17
2024-03-04,Coffee Maker,Home & Kitchen,873.59,11
2024-03-04,Cookware Set,Home & Kitchen,968.98,8
2024-03-04,Vacuum Cleaner,Home & Kitchen,1140.46,6
2024-03-04,Air Fryer,Home & Kitchen,1320.97,15
2024-03-04,Shampoo,Beauty,371.92,31
2024-03-04,Moisturizer,Beauty,1227.11,44
2024-03-04,Lipstick,Beauty,522.49,29
2024-03-04,Perfume,Beauty,610.14,9
2024-03-04,Face Serum,Beauty,437.35,11
2024-03-05,Laptop,Electronics,5504.07,6
2024-03-05,Smartphone,Electronics,8752.06,13
2024-03-05,Headphones,Electronics,2575.69,20
2024-03-05,Tablet,Electronics,3523.39,9
2024-03-05,Smart Watch,Electronics,4559.79,18
2024-03-05,T-Shirt,Clothing,982.56,42
2024-03-05,Jeans,Clothing,1473.14,24
2024-03-05,Jacket,Clothing,1356.06,15
2024-03-05,Sneakers,Clothing,1146.95,14
2024-03-05,Dress,Clothing,1077.37,15
2024-03-05,Blender,Home & Kitchen,644.52,14
2024-03-05,Coffee Maker,Home & Kitchen,963.46,12
2024-03-05,Cookware Set,Home & Kitchen,1287.77,10
2024-03-05,Vacuum Cleaner,Home & Kitchen,1577.52,8
2024-03-05,Air Fryer,Home & Kitchen,1768.33,20
2024-03-05,Shampoo,Beauty,346.37,29
2024-03-05,Moisturizer,Beauty,799.05,31
2024-03-05,Lipstick,Beauty,608.4,33
2024-03-05,Perfume,Beauty,803.47,12
2024-03-05,Face Serum,Beauty,495.85,12
2024-03-06,Laptop,Electronics,5164.5,6
2024-03-06,Smartphone,Electronics,6796.47,11
2024-03-06,Headphones,Electronics,2148.64,16
2024-03-06,Tablet,Electronics,3647.34,9
2024-03-06,Smart Watch,Electronics,4585.35,20
2024-03-06,T-Shirt,Clothing,989.45,41
2024-03-06,Jeans,Clothing,1268.34,23
2024-03-06,Jacket,Clothing,1071.52,13
2024-03-06,Sneakers,Clothing,1333.76,17
2024-03-06,Dress,Clothing,795.73,12
2024-03-06,Blender,Home & Kitchen,811.89,16
2024-03-06,Coffee Maker,Home & Kitchen,931.56,12
2024-03-06,Cookware Set,Home & Kitchen,1027.37,8
2024-03-06,Vacuum Cleaner,Home & Kitchen,1314.61,7
2024-03-06,Air Fryer,Home & Kitchen,1343.26,16
2024-03-06,Shampoo,Beauty,401.72,35
2024-03-06,Moisturizer,Beauty,633.95,23
2024-03-06,Lipstick,Beauty,574.64,34
2024-03-06,Perfume,Beauty,542.37,9
2024-03-06,Face Serum,Beauty,756.6,18
2024-03-07,Laptop,Electronics,7365.69,8
2024-03-07,Smartphone,Electronics,7516.01,12
2024-03-07,Headphones,Electronics,3076.97,24
2024-03-07,Tablet,Electronics,4609.18,12
2024-03-07,Smart Watch,Electronics,4156.43,16
2024-03-07,T-Shirt,Clothing,687.75,30
2024-03-07,Jeans,Clothing,1078.56,18
2024-03-07,Jacket,Clothing,984.78,11
2024-03-07,Sneakers,Clothing,890.83,11
2024-03-07,Dress,Clothing,864.69,12
2024-03-07,Blender,Home & Kitchen,686.89,14
2024-03-07,Coffee Maker,Home & Kitchen,741.5,10
2024-03-07,Cookware Set,Home & Kitchen,1581.39,12
2024-03-07,Vacuum Cleaner,Home & Kitchen,1455.92,7
2024-03-07,Air Fryer,Home & Kitchen,1069.57,12
2024-03-07,Shampoo,Beauty,565.17,48
2024-03-07,Moisturizer,Beauty,910.93,32
2024-03-07,Lipstick,Beauty,285.93,16
2024-03-07,Perfume,Beauty,821.55,13
2024-03-07,Face Serum,Beauty,671.7,17
2024-03-08,Laptop,Electronics,3741.76,4
2024-03-08,Smartphone,Electronics,9644.7,15
2024-03-08,Headphones,Electronics,2690.11,21
2024-03-08,Tablet,Electronics,4482.31,11
2024-03-08,Smart Watch,Electronics,4420.35,18
2024-03-08,T-Shirt,Clothing,798.54,32
2024-03-08,Jeans,Clothing,1102.1,20
2024-03-08,Jacket,Clothing,1481.5,17
2024-03-08,Sneakers,Clothing,1033.29,14
2024-03-08,Dress,Clothing,998.12,15
2024-03-08,Blender,Home & Kitchen,836.61,17
2024-03-08,Coffee Maker,Home & Kitchen,726.75,9
2024-03-08,Cookware Set,Home & Kitchen,1456.4,11
2024-03-08,Vacuum Cleaner,Home & Kitchen,1189.99,6
2024-03-08,Air Fryer,Home & Kitchen,1156.16,13
2024-03-08,Shampoo,Beauty,357.83,30
2024-03-08,Moisturizer,Beauty,813.69,30
2024-03-08,Lipstick,Beauty,511.66,29
2024-03-08,Perfume,Beauty,698.16,11
2024-03-08,Face Serum,Beauty,653.47,16
2024-03-09,Laptop,Electronics,7436.54,8
2024-03-09,Smartphone,Electronics,10047.08,16
2024-03-09,Headphones,Electronics,4071.74,31
2024-03-09,Tablet,Electronics,3795.83,10
2024-03-09,Smart Watch,Electronics,5327.78,21
2024-03-09,T-Shirt,Clothing,1586.89,70
2024-03-09,Jeans,Clothing,1864.39,31
2024-03-09,Jacket,Clothing,1343.13,16
2024-03-09,Sneakers,Clothing,1601.41,21
2024-03-09,Dress,Clothing,1198.17,17
2024-03-09,Blender,Home & Kitchen,691.52,15
2024-03-09,Coffee Maker,Home & Kitchen,888.74,12
2024-03-09,Cookware Set,Home & Kitchen,1755.48,14
2024-03-09,Vacuum Cleaner,Home & Kitchen,1477.02,8
2024-03-09,Air Fryer,Home & Kitchen,1382.25,15
2024-03-09,Shampoo,Beauty,433.45,36
2024-03-09,Moisturizer,Beauty,889.98,31
2024-03-09,Lipstick,Beauty,558.09,31
2024-03-09,Perfume,Beauty,818.21,13
2024-03-09,Face Serum,Beauty,676.97,16
2024-03-10,Laptop,Electronics,8478.36,10
2024-03-10,Smartphone,Electronics,13283.64,20
2024-03-10,Headphones,Electronics,4974.93,39
2024-03-10,Tablet,Electronics,5146.93,14
2024-03-10,Smart Watch,Electronics,7270.25,30
2024-03-10,T-Shirt,Clothing,1633.86,65
2024-03-10,Jeans,Clothing,2046.65,36
2024-03-10,Jacket,Clothing,1775.06,19
2024-03-10,Sneakers,Clothing,2201.96,30
2024-03-10,Dress,Clothing,1490.45,23
2024-03-10,Blender,Home & Kitchen,1059.6,22
2024-03-10,Coffee Maker,Home & Kitchen,627.21,8
2024-03-10,Cookware Set,Home & Kitchen,1119.62,9
2024-03-10,Vacuum Cleaner,Home & Kitchen,1660.26,8
2024-03-10,Air Fryer,Home & Kitchen,1310.65,15
2024-03-10,Shampoo,Beauty,376.53,33
2024-03-10,Moisturizer,Beauty,837.5,32
2024-03-10,Lipstick,Beauty,425.98,24
2024-03-10,Perfume,Beauty,669.58,11
2024-03-10,Face Serum,Beauty,572.5,14
2024-03-11,Laptop,Electronics,5338.31,6
2024-03-11,Smartphone,Electronics,9074.03,14
2024-03-11,Headphones,Electronics,3116.55,24
2024-03-11,Tablet,Electronics,3797.65,10
2024-03-11,Smart Watch,Electronics,4242.48,18
2024-03-11,T-Shirt,Clothing,544.35,24
2024-03-11,Jeans,Clothing,1546.4,26
2024-03-11,Jacket,Clothing,1711.76,19
2024-03-11,Sneakers,Clothing,1391.37,17
2024-03-11,Dress,Clothing,705.81,10
2024-03-11,Blender,Home & Kitchen,755.1,15
2024-03-11,Coffee Maker,Home & Kitchen,819.27,10
2024-03-11,Cookware Set,Home & Kitchen,1463.58,12
2024-03-11,Vacuum Cleaner,Home & Kitchen,1247.4,6
2024-03-11,Air Fryer,Home & Kitchen,1315.57,15
2024-03-11,Shampoo,Beauty,338.82,30
2024-03-11,Moisturizer,Beauty,939.25,34
2024-03-11,Lipstick,Beauty,421.73,24
2024-03-11,Perfume,Beauty,542.26,9
2024-03-11,Face Serum,Beauty,469.46,12
2024-03-12,Laptop,Electronics,7656.08,9
2024-03-12,Smartphone,Electronics,6470.17,10
2024-03-12,Headphones,Electronics,2586.5,21
2024-03-12,Tablet,Electronics,4624.92,12
2024-03-12,Smart Watch,Electronics,4669.59,20
2024-03-12,T-Shirt,Clothing,614.06,27
2024-03-12,Jeans,Clothing,1422.29,25
2024-03-12,Jacket,Clothing,1053.88,12
2024-03-12,Sneakers,Clothing,1180.86,15
2024-03-12,Dress,Clothing,1005.2,15
2024-03-12,Blender,Home & Kitchen,793.64,16
2024-03-12,Coffee Maker,Home & Kitchen,732.65,9
2024-03-12,Cookware Set,Home & Kitchen,905.18,7
2024-03-12,Vacuum Cleaner,Home & Kitchen,1449.71,7
2024-03-12,Air Fryer,Home & Kitchen,1215.48,14
2024-03-12,Shampoo,Beauty,347.53,29
2024-03-12,Moisturizer,Beauty,908.28,34
2024-03-12,Lipstick,Beauty,480.63,29
2024-03-12,Perfume,Beauty,544.54,8
2024-03-12,Face Serum,Beauty,660.96,16
2024-03-13,Laptop,Electronics,6945.45,8
2024-03-13,Smartphone,Electronics,9869.69,15
2024-03-13,Headphones,Electronics,2633.41,20
2024-03-13,Tablet,Electronics,4529.83,12
2024-03-13,Smart Watch,Electronics,4090.73,16
2024-03-13,T-Shirt,Clothing,808.47,34
2024-03-13,Jeans,Clothing,1822.1,30
2024-03-13,Jacket,Clothing,1114.93,12
2024-03-13,Sneakers,Clothing,1157.93,14
2024-03-13,Dress,Clothing,828.65,12
2024-03-13,Blender,Home & Kitchen,674.8,14
2024-03-13,Coffee Maker,Home & Kitchen,749.73,10
2024-03-13,Cookware Set,Home & Kitchen,1565.43,12
2024-03-13,Vacuum Cleaner,Home & Kitchen,1207.2,6
2024-03-13,Air Fryer,Home & Kitchen,1275.38,15
2024-03-13,Shampoo,Beauty,273.01,24
2024-03-13,Moisturizer,Beauty,763.52,26
2024-03-13,Lipstick,Beauty,664.97,38
2024-03-13,Perfume,Beauty,464.63,7
2024-03-13,Face Serum,Beauty,612.28,14
2024-03-14,Laptop,Electronics,3365.54,4
2024-03-14,Smartphone,Electronics,7000.35,11
2024-03-14,Headphones,Electronics,2555.52,21
2024-03-14,Tablet,Electronics,4508.67,12
2024-03-14,Smart Watch,Electronics,4144.18,17
2024-03-14,T-Shirt,Clothing,848.5,34
2024-03-14,Jeans,Clothing,1460.71,25
2024-03-14,Jacket,Clothing,1308.4,15
2024-03-14,Sneakers,Clothing,988.77,12
2024-03-14,Dress,Clothing,805.82,12
2024-03-14,Blender,Home & Kitchen,711.01,15
2024-03-14,Coffee Maker,Home & Kitchen,826.94,11
2024-03-14,Cookware Set,Home & Kitchen,1033.79,8
2024-03-14,Vacuum Cleaner,Home & Kitchen,1450.53,7
2024-03-14,Air Fryer,Home & Kitchen,1335.18,16
2024-03-14,Shampoo,Beauty,291.34,25
2024-03-14,Moisturizer,Beauty,722.5,27
2024-03-14,Lipstick,Beauty,579.23,31
2024-03-14,Perfume,Beauty,653.06,10
2024-03-14,Face Serum,Beauty,731.26,17
2024-03-15,Laptop,Electronics,6263.89,7
2024-03-15,Smartphone,Electronics,7835.97,13
2024-03-15,Headphones,Electronics,2322.48,19
2024-03-15,Tablet,Electronics,3808.86,10
2024-03-15,Smart Watch,Electronics,3675.26,15
2024-03-15,T-Shirt,Clothing,1048.54,45
2024-03-15,Jeans,Clothing,1213.49,20
2024-03-15,Jacket,Clothing,1563.77,17
2024-03-15,Sneakers,Clothing,1060.6,14
2024-03-15,Dress,Clothing,835.52,12
2024-03-15,Blender,Home & Kitchen,817.02,16
2024-03-15,Coffee Maker,Home & Kitchen,657.89,9
2024-03-15,Cookware Set,Home & Kitchen,1027.19,8
2024-03-15,Vacuum Cleaner,Home & Kitchen,1358.73,7
2024-03-15,Air Fryer,Home & Kitchen,838.59,10
2024-03-15,Shampoo,Beauty,386.63,34
2024-03-15,Moisturizer,Beauty,924.64,32
2024-03-15,Lipstick,Beauty,477.18,27
2024-03-15,Perfume,Beauty,668.46,10
2024-03-15,Face Serum,Beauty,630.48,15
2024-03-16,Laptop,Electronics,12309.11,14
2024-03-16,Smartphone,Electronics,9144.98,14
2024-03-16,Headphones,Electronics,4391.96,35
2024-03-16,Tablet,Electronics,5535.94,14
2024-03-16,Smart Watch,Electronics,5205.35,22
2024-03-16,T-Shirt,Clothing,1063.86,45
2024-03-16,Jeans,Clothing,1845.43,31
2024-03-16,Jacket,Clothing,1669.9,19
2024-03-16,Sneakers,Clothing,1978.55,25
2024-03-16,Dress,Clothing,1400.51,22
2024-03-16,Blender,Home & Kitchen,1109.03,23
2024-03-16,Coffee Maker,Home & Kitchen,1248.61,17
2024-03-16,Cookware Set,Home & Kitchen,1186.67,9
2024-03-16,Vacuum Cleaner,Home & Kitchen,1417.35,7
2024-03-16,Air Fryer,Home & Kitchen,1202.83,13
2024-03-16,Shampoo,Beauty,492.02,44
2024-03-16,Moisturizer,Beauty,1044.0,38
2024-03-16,Lipstick,Beauty,529.98,31
2024-03-16,Perfume,Beauty,529.04,8
2024-03-16,Face Serum,Beauty,681.78,16
2024-03-17,Laptop,Electronics,7531.37,9
2024-03-17,Smartphone,Electronics,8726.7,13
2024-03-17,Headphones,Electronics,2495.4,21
2024-03-17,Tablet,Electronics,4973.46,12
2024-03-17,Smart Watch,Electronics,6915.86,29
2024-03-17,T-Shirt,Clothing,1622.54,67
2024-03-17,Jeans,Clothing,2022.22,33
2024-03-17,Jacket,Clothing,1716.11,20
2024-03-17,Sneakers,Clothing,1621.9,22
2024-03-17,Dress,Clothing,1090.06,17
2024-03-17,Blender,Home & Kitchen,782.87,17
2024-03-17,Coffee Maker,Home & Kitchen,1388.3,18
2024-03-17,Cookware Set,Home & Kitchen,1149.28,9
2024-03-17,Vacuum Cleaner,Home & Kitchen,1350.4,7
2024-03-17,Air Fryer,Home & Kitchen,1185.27,13
2024-03-17,Shampoo,Beauty,494.63,40
2024-03-17,Moisturizer,Beauty,945.82,36
2024-03-17,Lipstick,Beauty,564.41,30
2024-03-17,Perfume,Beauty,551.49,9
2024-03-17,Face Serum,Beauty,613.57,14
2024-03-18,Laptop,Electronics,5502.04,6
2024-03-18,Smartphone,Electronics,8940.52,14
2024-03-18,Headphones,Electronics,2369.6,18
2024-03-18,Tablet,Electronics,3996.86,10
2024-03-18,Smart Watch,Electronics,4562.59,18
2024-03-18,T-Shirt,Clothing,1001.71,41
2024-03-18,Jeans,Clothing,1686.8,30
2024-03-18,Jacket,Clothing,872.99,10
2024-03-18,Sneakers,Clothing,1401.02,18
2024-03-18,Dress,Clothing,825.66,12
2024-03-18,Blender,Home & Kitchen,559.3,12
2024-03-18,Coffee Maker,Home & Kitchen,822.09,10
2024-03-18,Cookware Set,Home & Kitchen,943.71,7
2024-03-18,Vacuum Cleaner,Home & Kitchen,1351.71,7
2024-03-18,Air Fryer,Home & Kitchen,1427.25,16
2024-03-18,Shampoo,Beauty,373.88,32
2024-03-18,Moisturizer,Beauty,703.71,27
2024-03-18,Lipstick,Beauty,598.27,35
2024-03-18,Perfume,Beauty,425.38,7
2024-03-18,Face Serum,Beauty,489.29,12
2024-03-19,Laptop,Electronics,6221.82,7
2024-03-19,Smartphone,Electronics,8371.81,14
2024-03-19,Headphones,Electronics,4448.13,34
2024-03-19,Tablet,Electronics,5002.21,13
2024-03-19,Smart Watch,Electronics,4500.14,19
2024-03-19,T-Shirt,Clothing,878.2,35
2024-03-19,Jeans,Clothing,1209.16,22
2024-03-19,Jacket,Clothing,1493.44,16
2024-03-19,Sneakers,Clothing,1591.31,20
2024-03-19,Dress,Clothing,704.16,10
2024-03-19,Blender,Home & Kitchen,1111.08,23
2024-03-19,Coffee Maker,Home & Kitchen,920.81,12
2024-03-19,Cookware Set,Home & Kitchen,1007.27,8
2024-03-19,Vacuum Cleaner,Home & Kitchen,1240.62,6
2024-03-19,Air Fryer,Home & Kitchen,1367.44,16
2024-03-19,Shampoo,Beauty,430.59,35
2024-03-19,Moisturizer,Beauty,694.65,26
2024-03-19,Lipstick,Beauty,505.26,27
2024-03-19,Perfume,Beauty,583.95,9
2024-03-19,Face Serum,Beauty,694.66,16
2024-03-20,Laptop,Electronics,8475.68,9
2024-03-20,Smartphone,Electronics,8096.44,12
2024-03-20,Headphones,Electronics,2849.87,22
2024-03-20,Tablet,Electronics,3316.34,9
2024-03-20,Smart Watch,Electronics,4774.32,19
2024-03-20,T-Shirt,Clothing,1192.72,54
2024-03-20,Jeans,Clothing,1604.95,27
2024-03-20,Jacket,Clothing,1252.79,15
2024-03-20,Sneakers,Clothing,1505.39,19
2024-03-20,Dress,Clothing,1210.09,17
2024-03-20,Blender,Home & Kitchen,919.02,20
2024-03-20,Coffee Maker,Home & Kitchen,828.29,10
2024-03-20,Cookware Set,Home & Kitchen,1598.3,12
2024-03-20,Vacuum Cleaner,Home & Kitchen,1446.64,7
2024-03-20,Air Fryer,Home & Kitchen,1328.83,16
2024-03-20,Shampoo,Beauty,489.22,40
2024-03-20,Moisturizer,Beauty,1261.48,46
2024-03-20,Lipstick,Beauty,434.62,26
2024-03-20,Perfume,Beauty,743.19,11
2024-03-20,Face Serum,Beauty,506.31,12
2024-03-21,Laptop,Electronics,6517.46,7
2024-03-21,Smartphone,Electronics,7366.79,12
2024-03-21,Headphones,Electronics,2657.85,20
2024-03-21,Tablet,Electronics,3976.8,10
2024-03-21,Smart Watch,Electronics,4695.85,19
2024-03-21,T-Shirt,Clothing,894.28,39
2024-03-21,Jeans,Clothing,1513.05,27
2024-03-21,Jacket,Clothing,1128.39,13
2024-03-21,Sneakers,Clothing,1252.15,16
2024-03-21,Dress,Clothing,926.62,13
2024-03-21,Blender,Home & Kitchen,730.87,16
2024-03-21,Coffee Maker,Home & Kitchen,784.86,10
2024-03-21,Cookware Set,Home & Kitchen,1203.78,9
2024-03-21,Vacuum Cleaner,Home & Kitchen,1484.82,8
2024-03-21,Air Fryer,Home & Kitchen,1425.76,16
2024-03-21,Shampoo,Beauty,374.68,30
2024-03-21,Moisturizer,Beauty,939.66,32
2024-03-21,Lipstick,Beauty,437.77,26
2024-03-21,Perfume,Beauty,604.72,10
2024-03-21,Face Serum,Beauty,693.84,16
2024-03-22,Laptop,Electronics,7312.96,8
2024-03-22,Smartphone,Electronics,9381.67,14
2024-03-22,Headphones,Electronics,2749.94,21
2024-03-22,Tablet,Electronics,4515.46,12
2024-03-22,Smart Watch,Electronics,4404.03,17
2024-03-22,T-Shirt,Clothing,899.5,37
2024-03-22,Jeans,Clothing,1369.1,24
2024-03-22,Jacket,Clothing,1219.63,14
2024-03-22,Sneakers,Clothing,1466.64,19
2024-03-22,Dress,Clothing,654.74,10
2024-03-22,Blender,Home & Kitchen,913.76,18
2024-03-22,Coffee Maker,Home & Kitchen,1403.26,17
2024-03-22,Cookware Set,Home & Kitchen,1078.11,8
2024-03-22,Vacuum Cleaner,Home & Kitchen,1133.48,6
2024-03-22,Air Fryer,Home & Kitchen,1301.07,15
2024-03-22,Shampoo,Beauty,293.2,24
2024-03-22,Moisturizer,Beauty,810.37,30
2024-03-22,Lipstick,Beauty,472.92,27
2024-03-22,Perfume,Beauty,555.66,9
2024-03-22,Face Serum,Beauty,557.81,13
2024-03-23,Laptop,Electronics,7846.94,9
2024-03-23,Smartphone,Electronics,9765.56,16
2024-03-23,Headphones,Electronics,3298.6,27
2024-03-23,Tablet,Electronics,4847.81,13
2024-03-23,Smart Watch,Electronics,6457.84,26
2024-03-23,T-Shirt,Clothing,1703.84,70
2024-03-23,Jeans,Clothing,1665.85,28
2024-03-23,Jacket,Clothing,2283.15,27
2024-03-23,Sneakers,Clothing,1661.68,22
2024-03-23,Dress,Clothing,1335.84,20
2024-03-23,Blender,Home & Kitchen,692.84,14
2024-03-23,Coffee Maker,Home & Kitchen,701.13,9
2024-03-23,Cookware Set,Home & Kitchen,1779.61,14
2024-03-23,Vacuum Cleaner,Home & Kitchen,1336.12,7
2024-03-23,Air Fryer,Home & Kitchen,1398.21,15
2024-03-23,Shampoo,Beauty,464.76,39
2024-03-23,Moisturizer,Beauty,924.77,35
2024-03-23,Lipstick,Beauty,715.18,38
2024-03-23,Perfume,Beauty,685.99,11
2024-03-23,Face Serum,Beauty,742.8,18
2024-03-24,Laptop,Electronics,7209.74,8
2024-03-24,Smartphone,Electronics,9490.04,14
2024-03-24,Headphones,Electronics,4222.0,32
2024-03-24,Tablet,Electronics,5315.99,13
2024-03-24,Smart Watch,Electronics,4618.25,18
2024-03-24,T-Shirt,Clothing,1118.75,46
2024-03-24,Jeans,Clothing,1968.41,36
2024-03-24,Jacket,Clothing,2102.59,24
2024-03-24,Sneakers,Clothing,1766.65,22
2024-03-24,Dress,Clothing,1877.15,26
2024-03-24,Blender,Home & Kitchen,1051.79,21
2024-03-24,Coffee Maker,Home & Kitchen,1242.52,15
2024-03-24,Cookware Set,Home & Kitchen,1234.36,10
2024-03-24,Vacuum Cleaner,Home & Kitchen,1456.89,7
2024-03-24,Air Fryer,Home & Kitchen,1186.66,13
2024-03-24,Shampoo,Beauty,402.2,33
2024-03-24,Moisturizer,Beauty,1049.16,36
2024-03-24,Lipstick,Beauty,610.66,35
2024-03-24,Perfume,Beauty,661.4,11
2024-03-24,Face Serum,Beauty,518.39,12
2024-03-25,Laptop,Electronics,5246.05,6
2024-03-25,Smartphone,Electronics,10237.15,16
2024-03-25,Headphones,Electronics,3104.5,24
2024-03-25,Tablet,Electronics,3472.82,9
2024-03-25,Smart Watch,Electronics,4930.07,20
2024-03-25,T-Shirt,Clothing,999.54,40
2024-03-25,Jeans,Clothing,1848.04,33
2024-03-25,Jacket,Clothing,1194.33,14
2024-03-25,Sneakers,Clothing,1169.57,16
2024-03-25,Dress,Clothing,781.0,11
2024-03-25,Blender,Home & Kitchen,654.28,13
2024-03-25,Coffee Maker,Home & Kitchen,986.12,13
2024-03-25,Cookware Set,Home & Kitchen,1189.02,10
2024-03-25,Vacuum Cleaner,Home & Kitchen,1023.45,5
2024-03-25,Air Fryer,Home & Kitchen,1321.48,16
2024-03-25,Shampoo,Beauty,372.5,33
2024-03-25,Moisturizer,Beauty,795.17,30
2024-03-25,Lipstick,Beauty,372.8,20
2024-03-25,Perfume,Beauty,630.21,10
2024-03-25,Face Serum,Beauty,761.55,18
2024-03-26,Laptop,Electronics,5062.15,6
2024-03-26,Smartphone,Electronics,9541.93,15
2024-03-26,Headphones,Electronics,2988.65,25
2024-03-26,Tablet,Electronics,2574.93,7
2024-03-26,Smart Watch,Electronics,3474.78,15
2024-03-26,T-Shirt,Clothing,686.53,28
2024-03-26,Jeans,Clothing,1834.92,31
2024-03-26,Jacket,Clothing,894.15,10
2024-03-26,Sneakers,Clothing,1220.34,16
2024-03-26,Dress,Clothing,944.2,14
2024-03-26,Blender,Home & Kitchen,721.0,15
2024-03-26,Coffee Maker,Home & Kitchen,596.12,8
2024-03-26,Cookware Set,Home & Kitchen,1174.41,9
2024-03-26,Vacuum Cleaner,Home & Kitchen,1242.2,6
2024-03-26,Air Fryer,Home & Kitchen,1358.59,16
2024-03-26,Shampoo,Beauty,439.91,37
2024-03-26,Moisturizer,Beauty,723.07,25
2024-03-26,Lipstick,Beauty,442.72,25
2024-03-26,Perfume,Beauty,499.2,8
2024-03-26,Face Serum,Beauty,636.28,15
2024-03-27,Laptop,Electronics,6285.26,7
2024-03-27,Smartphone,Electronics,7619.46,12
2024-03-27,Headphones,Electronics,3375.08,27
2024-03-27,Tablet,Electronics,3380.13,9
2024-03-27,Smart Watch,Electronics,3705.12,16
2024-03-27,T-Shirt,Clothing,698.38,31
2024-03-27,Jeans,Clothing,1290.39,23
2024-03-27,Jacket,Clothing,1112.94,13
2024-03-27,Sneakers,Clothing,1638.89,22
2024-03-27,Dress,Clothing,837.04,13
2024-03-27,Blender,Home & Kitchen,715.06,14
2024-03-27,Coffee Maker,Home & Kitchen,967.96,12
2024-03-27,Cookware Set,Home & Kitchen,1514.64,12
2024-03-27,Vacuum Cleaner,Home & Kitchen,918.87,5
2024-03-27,Air Fryer,Home & Kitchen,1399.9,16
2024-03-27,Shampoo,Beauty,286.46,23
2024-03-27,Moisturizer,Beauty,1172.75,40
2024-03-27,Lipstick,Beauty,446.86,26
2024-03-27,Perfume,Beauty,533.3,8
2024-03-27,Face Serum,Beauty,767.46,18
2024-03-28,Laptop,Electronics,5957.76,7
2024-03-28,Smartphone,Electronics,9900.15,15
2024-03-28,Headphones,Electronics,2706.72,21
2024-03-28,Tablet,Electronics,3497.63,9
2024-03-28,Smart Watch,Electronics,3094.61,13
2024-03-28,T-Shirt,Clothing,933.99,39
2024-03-28,Jeans,Clothing,982.92,18
2024-03-28,Jacket,Clothing,1396.25,17
2024-03-28,Sneakers,Clothing,1067.88,14
2024-03-28,Dress,Clothing,928.39,13
2024-03-28,Blender,Home & Kitchen,754.3,15
2024-03-28,Coffee Maker,Home & Kitchen,839.49,11
2024-03-28,Cookware Set,Home & Kitchen,1129.4,9
2024-03-28,Vacuum Cleaner,Home & Kitchen,1331.87,7
2024-03-28,Air Fryer,Home & Kitchen,1573.79,19
2024-03-28,Shampoo,Beauty,335.94,29
2024-03-28,Moisturizer,Beauty,587.52,22
2024-03-28,Lipstick,Beauty,604.62,35
2024-03-28,Perfume,Beauty,666.31,10
2024-03-28,Face Serum,Beauty,447.08,11
2024-03-29,Laptop,Electronics,5096.73,6
2024-03-29,Smartphone,Electronics,10543.61,16
2024-03-29,Headphones,Electronics,2982.55,23
2024-03-29,Tablet,Electronics,5224.39,14
2024-03-29,Smart Watch,Electronics,4602.41,19
2024-03-29,T-Shirt,Clothing,763.22,32
2024-03-29,Jeans,Clothing,1077.77,19
2024-03-29,Jacket,Clothing,1149.6,14
2024-03-29,Sneakers,Clothing,886.54,12
2024-03-29,Dress,Clothing,688.87,10
2024-03-29,Blender,Home & Kitchen,635.11,14
2024-03-29,Coffee Maker,Home & Kitchen,741.78,10
2024-03-29,Cookware Set,Home & Kitchen,1217.49,9
2024-03-29,Vacuum Cleaner,Home & Kitchen,1287.75,7
2024-03-29,Air Fryer,Home & Kitchen,1703.2,19
2024-03-29,Shampoo,Beauty,489.24,39
2024-03-29,Moisturizer,Beauty,955.96,37
2024-03-29,Lipstick,Beauty,471.7,26
2024-03-29,Perfume,Beauty,541.14,8
2024-03-29,Face Serum,Beauty,551.58,14
2024-03-30,Laptop,Electronics,7772.22,9
2024-03-30,Smartphone,Electronics,9717.55,15
2024-03-30,Headphones,Electronics,3500.38,26
2024-03-30,Tablet,Electronics,4087.94,10
2024-03-30,Smart Watch,Electronics,3716.26,16
2024-03-30,T-Shirt,Clothing,1447.06,58
2024-03-30,Jeans,Clothing,2427.83,40
2024-03-30,Jacket,Clothing,2527.93,29
2024-03-30,Sneakers,Clothing,1930.2,25
2024-03-30,Dress,Clothing,942.01,14
2024-03-30,Blender,Home & Kitchen,1135.46,25
2024-03-30,Coffee Maker,Home & Kitchen,1441.76,18
2024-03-30,Cookware Set,Home & Kitchen,2046.6,17
2024-03-30,Vacuum Cleaner,Home & Kitchen,2242.52,11
2024-03-30,Air Fryer,Home & Kitchen,1395.04,17
2024-03-30,Shampoo,Beauty,423.86,37
2024-03-30,Moisturizer,Beauty,1203.19,42
2024-03-30,Lipstick,Beauty,486.37,26
2024-03-30,Perfume,Beauty,590.55,9
2024-03-30,Face Serum,Beauty,634.26,15
2024-03-31,Laptop,Electronics,10302.56,11
2024-03-31,Smartphone,Electronics,14099.84,22
2024-03-31,Headphones,Electronics,3491.79,27
2024-03-31,Tablet,Electronics,3952.74,10
2024-03-31,Smart Watch,Electronics,6421.85,25
2024-03-31,T-Shirt,Clothing,975.71,43
2024-03-31,Jeans,Clothing,1734.03,31
2024-03-31,Jacket,Clothing,2148.57,23
2024-03-31,Sneakers,Clothing,1474.16,20
2024-03-31,Dress,Clothing,1205.3,17
2024-03-31,Blender,Home & Kitchen,1060.44,22
2024-03-31,Coffee Maker,Home & Kitchen,1079.16,14
2024-03-31,Cookware Set,Home & Kitchen,967.84,8
2024-03-31,Vacuum Cleaner,Home & Kitchen,1596.04,8
2024-03-31,Air Fryer,Home & Kitchen,1108.34,12
2024-03-31,Shampoo,Beauty,512.7,42
2024-03-31,Moisturizer,Beauty,920.87,32
2024-03-31,Lipstick,Beauty,550.26,32
2024-03-31,Perfume,Beauty,685.8,11
2024-03-31,Face Serum,Beauty,557.78,13
2024-04-01,Laptop,Electronics,5150.31,6
2024-04-01,Smartphone,Electronics,13385.6,20
2024-04-01,Headphones,Electronics,2647.91,21
2024-04-01,Tablet,Electronics,4111.55,10
2024-04-01,Smart Watch,Electronics,4491.9,18
2024-04-01,T-Shirt,Clothing,1149.88,46
2024-04-01,Jeans,Clothing,1554.78,26
2024-04-01,Jacket,Clothing,803.24,9
2024-04-01,Sneakers,Clothing,1082.23,14
2024-04-01,Dress,Clothing,1200.59,17
2024-04-01,Blender,Home & Kitchen,1215.42,24
2024-04-01,Coffee Maker,Home & Kitchen,784.61,10
2024-04-01,Cookware Set,Home & Kitchen,1111.78,9
2024-04-01,Vacuum Cleaner,Home & Kitchen,1283.65,7
2024-04-01,Air Fryer,Home & Kitchen,1199.51,14
2024-04-01,Shampoo,Beauty,402.59,36
2024-04-01,Moisturizer,Beauty,872.11,30
2024-04-01,Lipstick,Beauty,452.59,26
2024-04-01,Perfume,Beauty,658.23,10
2024-04-01,Face Serum,Beauty,422.75,10
2024-04-02,Laptop,Electronics,6404.7,7
2024-04-02,Smartphone,Electronics,10094.97,16
2024-04-02,Headphones,Electronics,3720.61,29
2024-04-02,Tablet,Electronics,4182.68,10
2024-04-02,Smart Watch,Electronics,3145.5,13
2024-04-02,T-Shirt,Clothing,899.28,37
2024-04-02,Jeans,Clothing,1008.07,17
2024-04-02,Jacket,Clothing,1297.21,15
2024-04-02,Sneakers,Clothing,1725.5,21
2024-04-02,Dress,Clothing,888.87,13
2024-04-02,Blender,Home & Kitchen,734.96,16
2024-04-02,Coffee Maker,Home & Kitchen,1108.61,14
2024-04-02,Cookware Set,Home & Kitchen,1348.8,10
2024-04-02,Vacuum Cleaner,Home & Kitchen,1482.15,8
2024-04-02,Air Fryer,Home & Kitchen,1970.68,23
2024-04-02,Shampoo,Beauty,345.53,30
2024-04-02,Moisturizer,Beauty,958.24,34
2024-04-02,Lipstick,Beauty,674.99,37
2024-04-02,Perfume,Beauty,792.93,12
2024-04-02,Face Serum,Beauty,646.67,15
2024-04-03,Laptop,Electronics,5892.15,7
2024-04-03,Smartphone,Electronics,10614.74,17
2024-04-03,Headphones,Electronics,3380.05,26
2024-04-03,Tablet,Electronics,4505.6,12
2024-04-03,Smart Watch,Electronics,3848.44,15
2024-04-03,T-Shirt,Clothing,1225.77,51
2024-04-03,Jeans,Clothing,1701.16,30
2024-04-03,Jacket,Clothing,1212.87,14
2024-04-03,Sneakers,Clothing,1668.88,22
2024-04-03,Dress,Clothing,895.61,13
2024-04-03,Blender,Home & Kitchen,1128.78,23
2024-04-03,Coffee Maker,Home & Kitchen,972.12,12
2024-04-03,Cookware Set,Home & Kitchen,1051.72,8
2024-04-03,Vacuum Cleaner,Home & Kitchen,1938.44,10
2024-04-03,Air Fryer,Home & Kitchen,1505.05,17
2024-04-03,Shampoo,Beauty,373.6,31
2024-04-03,Moisturizer,Beauty,1250.15,43
2024-04-03,Lipstick,Beauty,546.75,32
2024-04-03,Perfume,Beauty,555.78,9
2024-04-03,Face Serum,Beauty,777.78,19
2024-04-04,Laptop,Electronics,6674.67,8
2024-04-04,Smartphone,Electronics,9681.71,16
2024-04-04,Headphones,Electronics,2855.8,23
2024-04-04,Tablet,Electronics,3504.5,9
2024-04-04,Smart Watch,Electronics,2773.33,12
2024-04-04,T-Shirt,Clothing,951.23,42
2024-04-04,Jeans,Clothing,1052.89,19
2024-04-04,Jacket,Clothing,1110.6,12
2024-04-04,Sneakers,Clothing,1264.96,17
2024-04-04,Dress,Clothing,882.48,13
2024-04-04,Blender,Home & Kitchen,751.47,15
2024-04-04,Coffee Maker,Home & Kitchen,1158.04,14
2024-04-04,Cookware Set,Home & Kitchen,899.34,7
2024-04-04,Vacuum Cleaner,Home & Kitchen,1549.39,8
2024-04-04,Air Fryer,Home & Kitchen,1235.86,14
2024-04-04,Shampoo,Beauty,309.53,28
2024-04-04,Moisturizer,Beauty,664.14,24
2024-04-04,Lipstick,Beauty,509.93,30
2024-04-04,Perfume,Beauty,419.5,7
2024-04-04,Face Serum,Beauty,448.87,11
2024-04-05,Laptop,Electronics,7899.47,9
2024-04-05,Smartphone,Electronics,7350.67,12
2024-04-05,Headphones,Electronics,2082.49,17
2024-04-05,Tablet,Electronics,4443.76,11
2024-04-05,Smart Watch,Electronics,4894.41,19
2024-04-05,T-Shirt,Clothing,810.6,33
2024-04-05,Jeans,Clothing,1116.22,19
2024-04-05,Jacket,Clothing,1091.39,13
2024-04-05,Sneakers,Clothing,1198.68,15
2024-04-05,Dress,Clothing,965.1,14
2024-04-05,Blender,Home & Kitchen,849.68,18
2024-04-05,Coffee Maker,Home & Kitchen,815.53,11
2024-04-05,Cookware Set,Home & Kitchen,1168.92,9
2024-04-05,Vacuum Cleaner,Home & Kitchen,1636.88,8
2024-04-05,Air Fryer,Home & Kitchen,1197.12,13
2024-04-05,Shampoo,Beauty,295.78,24
2024-04-05,Moisturizer,Beauty,1082.36,40
2024-04-05,Lipstick,Beauty,483.57,27
2024-04-05,Perfume,Beauty,836.57,13
2024-04-05,Face Serum,Beauty,527.99,13
2024-04-06,Laptop,Electronics,7751.45,9
2024-04-06,Smartphone,Electronics,10362.16,16
2024-04-06,Headphones,Electronics,3900.99,29
2024-04-06,Tablet,Electronics,4579.13,12
2024-04-06,Smart Watch,Electronics,5464.36,21
2024-04-06,T-Shirt,Clothing,1369.99,57
2024-04-06,Jeans,Clothing,1937.35,32
2024-04-06,Jacket,Clothing,2132.58,23
2024-04-06,Sneakers,Clothing,1675.71,23
2024-04-06,Dress,Clothing,1503.3,21
2024-04-06,Blender,Home & Kitchen,638.51,14
2024-04-06,Coffee Maker,Home & Kitchen,778.41,10
2024-04-06,Cookware Set,Home & Kitchen,986.99,8
2024-04-06,Vacuum Cleaner,Home & Kitchen,1202.15,6
2024-04-06,Air Fryer,Home & Kitchen,1137.72,13
2024-04-06,Shampoo,Beauty,470.45,41
2024-04-06,Moisturizer,Beauty,948.43,35
2024-04-06,Lipstick,Beauty,553.69,31
2024-04-06,Perfume,Beauty,745.66,11
2024-04-06,Face Serum,Beauty,666.51,17
2024-04-07,Laptop,Electronics,7127.8,8
2024-04-07,Smartphone,Electronics,14788.64,22
2024-04-07,Headphones,Electronics,3300.93,26
2024-04-07,Tablet,Electronics,5168.71,14
2024-04-07,Smart Watch,Electronics,4718.92,19
2024-04-07,T-Shirt,Clothing,1371.32,58
2024-04-07,Jeans,Clothing,2226.44,40
2024-04-07,Jacket,Clothing,2225.73,24
2024-04-07,Sneakers,Clothing,2272.21,28
2024-04-07,Dress,Clothing,1093.74,17
2024-04-07,Blender,Home & Kitchen,743.5,15
2024-04-07,Coffee Maker,Home & Kitchen,777.19,10
2024-04-07,Cookware Set,Home & Kitchen,1203.55,9
2024-04-07,Vacuum Cleaner,Home & Kitchen,1443.13,7
2024-04-07,Air Fryer,Home & Kitchen,1573.62,17
2024-04-07,Shampoo,Beauty,432.62,38
2024-04-07,Moisturizer,Beauty,781.0,29
2024-04-07,Lipstick,Beauty,715.47,39
2024-04-07,Perfume,Beauty,699.26,11
2024-04-07,Face Serum,Beauty,574.61,14
2024-04-08,Laptop,Electronics,5249.28,6
2024-04-08,Smartphone,Electronics,11516.66,19
2024-04-08,Headphones,Electronics,2237.96,18
2024-04-08,Tablet,Electronics,5392.35,13
2024-04-08,Smart Watch,Electronics,3948.43,17
2024-04-08,T-Shirt,Clothing,825.73,35
2024-04-08,Jeans,Clothing,1350.56,24
2024-04-08,Jacket,Clothing,967.55,11
2024-04-08,Sneakers,Clothing,1444.83,18
2024-04-08,Dress,Clothing,1009.63,15
2024-04-08,Blender,Home & Kitchen,742.82,16
2024-04-08,Coffee Maker,Home & Kitchen,956.22,12
2024-04-08,Cookware Set,Home & Kitchen,1646.49,13
2024-04-08,Vacuum Cleaner,Home & Kitchen,1513.72,8
2024-04-08,Air Fryer,Home & Kitchen,1153.66,13
2024-04-08,Shampoo,Beauty,326.74,29
2024-04-08,Moisturizer,Beauty,774.36,30
2024-04-08,Lipstick,Beauty,591.33,33
2024-04-08,Perfume,Beauty,490.43,8
2024-04-08,Face Serum,Beauty,603.87,15
2024-04-09,Laptop,Electronics,7266.92,8
2024-04-09,Smartphone,Electronics,10197.54,15
2024-04-09,Headphones,Electronics,3426.53,27
2024-04-09,Tablet,Electronics,3596.92,9
2024-04-09,Smart Watch,Electronics,5237.95,22
2024-04-09,T-Shirt,Clothing,611.34,27
2024-04-09,Jeans,Clothing,1167.62,19
2024-04-09,Jacket,Clothing,927.39,11
2024-04-09,Sneakers,Clothing,1113.15,15
2024-04-09,Dress,Clothing,941.62,14
2024-04-09,Blender,Home & Kitchen,904.73,18
2024-04-09,Coffee Maker,Home & Kitchen,975.82,12
2024-04-09,Cookware Set,Home & Kitchen,1050.93,8
2024-04-09,Vacuum Cleaner,Home & Kitchen,1445.12,7
2024-04-09,Air Fryer,Home & Kitchen,1592.86,18
2024-04-09,Shampoo,Beauty,340.53,28
2024-04-09,Moisturizer,Beauty,783.86,28
2024-04-09,Lipstick,Beauty,430.08,25
2024-04-09,Perfume,Beauty,602.11,9
2024-04-09,Face Serum,Beauty,595.5,15
2024-04-10,Laptop,Electronics,7166.4,8
2024-04-10,Smartphone,Electronics,9161.87,14
2024-04-10,Headphones,Electronics,2801.28,21
2024-04-10,Tablet,Electronics,3679.41,9
2024-04-10,Smart Watch,Electronics,4473.28,19
2024-04-10,T-Shirt,Clothing,624.26,28
2024-04-10,Jeans,Clothing,1203.1,22
2024-04-10,Jacket,Clothing,1257.43,14
2024-04-10,Sneakers,Clothing,1462.27,19
2024-04-10,Dress,Clothing,661.88,10
2024-04-10,Blender,Home & Kitchen,961.04,19
2024-04-10,Coffee Maker,Home & Kitchen,1072.15,13
2024-04-10,Cookware Set,Home & Kitchen,1607.42,13
2024-04-10,Vacuum Cleaner,Home & Kitchen,1797.14,9
2024-04-10,Air Fryer,Home & Kitchen,1637.54,18
2024-04-10,Shampoo,Beauty,273.89,23
2024-04-10,Moisturizer,Beauty,692.48,26
2024-04-10,Lipstick,Beauty,619.67,34
2024-04-10,Perfume,Beauty,608.66,9
2024-04-10,Face Serum,Beauty,772.13,18
2024-04-11,Laptop,Electronics,5903.82,7
2024-04-11,Smartphone,Electronics,10304.22,17
2024-04-11,Headphones,Electronics,3134.82,25
2024-04-11,Tablet,Electronics,4045.03,10
2024-04-11,Smart Watch,Electronics,4863.82,21
2024-04-11,T-Shirt,Clothing,912.2,41
2024-04-11,Jeans,Clothing,1102.07,19
2024-04-11,Jacket,Clothing,1813.6,21
2024-04-11,Sneakers,Clothing,1067.81,14
2024-04-11,Dress,Clothing,755.44,11
2024-04-11,Blender,Home & Kitchen,939.58,19
2024-04-11,Coffee Maker,Home & Kitchen,953.63,13
2024-04-11,Cookware Set,Home & Kitchen,1319.36,10
2024-04-11,Vacuum Cleaner,Home & Kitchen,825.62,4
2024-04-11,Air Fryer,Home & Kitchen,1265.84,14
2024-04-11,Shampoo,Beauty,440.43,35
2024-04-11,Moisturizer,Beauty,793.06,28
2024-04-11,Lipstick,Beauty,499.92,29
2024-04-11,Perfume,Beauty,757.98,12
2024-04-11,Face Serum,Beauty,428.08,11
2024-04-12,Laptop,Electronics,7622.63,9
2024-04-12,Smartphone,Electronics,9058.12,15
2024-04-12,Headphones,Electronics,2569.17,19
2024-04-12,Tablet,Electronics,3658.79,9
2024-04-12,Smart Watch,Electronics,4094.97,17
2024-04-12,T-Shirt,Clothing,974.49,44
2024-04-12,Jeans,Clothing,1535.06,25
2024-04-12,Jacket,Clothing,1108.39,12
2024-04-12,Sneakers,Clothing,1492.44,20
2024-04-12,Dress,Clothing,1077.5,15
2024-04-12,Blender,Home & Kitchen,648.21,13
2024-04-12,Coffee Maker,Home & Kitchen,816.48,10
2024-04-12,Cookware Set,Home & Kitchen,1416.13,11
2024-04-12,Vacuum Cleaner,Home & Kitchen,1421.66,7
2024-04-12,Air Fryer,Home & Kitchen,1498.6,18
2024-04-12,Shampoo,Beauty,251.83,22
2024-04-12,Moisturizer,Beauty,543.26,20
2024-04-12,Lipstick,Beauty,553.59,32
2024-04-12,Perfume,Beauty,504.86,8
2024-04-12,Face Serum,Beauty,677.84,16
2024-04-13,Laptop,Electronics,8900.56,10
2024-04-13,Smartphone,Electronics,11428.65,17
2024-04-13,Headphones,Electronics,3622.95,27
2024-04-13,Tablet,Electronics,4826.16,12
2024-04-13,Smart Watch,Electronics,4856.84,20
2024-04-13,T-Shirt,Clothing,1429.19,59
2024-04-13,Jeans,Clothing,2273.22,41
2024-04-13,Jacket,Clothing,1815.58,20
2024-04-13,Sneakers,Clothing,1785.99,23
2024-04-13,Dress,Clothing,1265.16,18
2024-04-13,Blender,Home & Kitchen,968.9,20
2024-04-13,Coffee Maker,Home & Kitchen,1158.97,15
2024-04-13,Cookware Set,Home & Kitchen,1080.74,9
2024-04-13,Vacuum Cleaner,Home & Kitchen,993.87,5
2024-04-13,Air Fryer,Home & Kitchen,1086.9,13
2024-04-13,Shampoo,Beauty,393.06,35
2024-04-13,Moisturizer,Beauty,872.89,32
2024-04-13,Lipstick,Beauty,448.6,27
2024-04-13,Perfume,Beauty,733.76,11
2024-04-13,Face Serum,Beauty,975.73,25
2024-04-14,Laptop,Electronics,6203.8,7
2024-04-14,Smartphone,Electronics,12220.32,19
2024-04-14,Headphones,Electronics,3863.69,30
2024-04-14,Tablet,Electronics,5438.87,14
2024-04-14,Smart Watch,Electronics,5377.79,22
2024-04-14,T-Shirt,Clothing,1085.66,45
2024-04-14,Jeans,Clothing,2229.08,41
2024-04-14,Jacket,Clothing,1577.38,17
2024-04-14,Sneakers,Clothing,1960.42,25
2024-04-14,Dress,Clothing,1363.0,19
2024-04-14,Blender,Home & Kitchen,678.01,15
2024-04-14,Coffee Maker,Home & Kitchen,883.63,12
2024-04-14,Cookware Set,Home & Kitchen,1413.84,11
2024-04-14,Vacuum Cleaner,Home & Kitchen,1315.83,7
2024-04-14,Air Fryer,Home & Kitchen,1157.39,13
2024-04-14,Shampoo,Beauty,486.9,43
2024-04-14,Moisturizer,Beauty,1473.04,51
2024-04-14,Lipstick,Beauty,470.78,26
2024-04-14,Perfume,Beauty,735.33,11
2024-04-14,Face Serum,Beauty,626.39,16
2024-04-15,Laptop,Electronics,4971.78,6
2024-04-15,Smartphone,Electronics,12407.77,19
2024-04-15,Headphones,Electronics,3005.43,23
2024-04-15,Tablet,Electronics,5019.29,12
2024-04-15,Smart Watch,Electronics,4507.67,19
2024-04-15,T-Shirt,Clothing,1076.4,45
2024-04-15,Jeans,Clothing,1406.09,24
2024-04-15,Jacket,Clothing,1172.7,13
2024-04-15,Sneakers,Clothing,1436.84,19
2024-04-15,Dress,Clothing,755.17,11
2024-04-15,Blender,Home & Kitchen,896.29,19
2024-04-15,Coffee Maker,Home & Kitchen,770.23,10
2024-04-15,Cookware Set,Home & Kitchen,1160.26,9
2024-04-15,Vacuum Cleaner,Home & Kitchen,1098.5,6
2024-04-15,Air Fryer,Home & Kitchen,1416.92,16
2024-04-15,Shampoo,Beauty,485.87,42
2024-04-15,Moisturizer,Beauty,794.05,29
2024-04-15,Lipstick,Beauty,582.7,33
2024-04-15,Perfume,Beauty,692.76,11
2024-04-15,Face Serum,Beauty,666.2,16
2024-04-16,Laptop,Electronics,7447.23,8
2024-04-16,Smartphone,Electronics,10220.79,16
2024-04-16,Headphones,Electronics,2686.75,20
2024-04-16,Tablet,Electronics,3001.57,8
2024-04-16,Smart Watch,Electronics,4378.24,18
2024-04-16,T-Shirt,Clothing,1048.44,47
2024-04-16,Jeans,Clothing,1762.19,30
2024-04-16,Jacket,Clothing,993.73,11
2024-04-16,Sneakers,Clothing,1788.9,22
2024-04-16,Dress,Clothing,963.9,14
2024-04-16,Blender,Home & Kitchen,892.4,19
2024-04-16,Coffee Maker,Home & Kitchen,1220.52,15
2024-04-16,Cookware Set,Home & Kitchen,1315.73,11
2024-04-16,Vacuum Cleaner,Home & Kitchen,1126.8,6
2024-04-16,Air Fryer,Home & Kitchen,1134.91,13
2024-04-16,Shampoo,Beauty,266.12,24
2024-04-16,Moisturizer,Beauty,882.12,34
2024-04-16,Lipstick,Beauty,450.35,25
2024-04-16,Perfume,Beauty,482.76,8
2024-04-16,Face Serum,Beauty,718.28,17
2024-04-17,Laptop,Electronics,7395.85,8
2024-04-17,Smartphone,Electronics,10322.97,17
2024-04-17,Headphones,Electronics,4398.36,34
2024-04-17,Tablet,Electronics,2233.16,6
2024-04-17,Smart Watch,Electronics,4016.27,16
2024-04-17,T-Shirt,Clothing,845.91,35
2024-04-17,Jeans,Clothing,1133.89,20
2024-04-17,Jacket,Clothing,1585.45,17
2024-04-17,Sneakers,Clothing,1257.78,17
2024-04-17,Dress,Clothing,711.91,11
2024-04-17,Blender,Home & Kitchen,841.57,18
2024-04-17,Coffee Maker,Home & Kitchen,999.74,13
2024-04-17,Cookware Set,Home & Kitchen,1049.71,8
2024-04-17,Vacuum Cleaner,Home & Kitchen,1326.66,7
2024-04-17,Air Fryer,Home & Kitchen,1470.39,16
2024-04-17,Shampoo,Beauty,455.95,41
2024-04-17,Moisturizer,Beauty,793.03,28
2024-04-17,Lipstick,Beauty,549.65,32
2024-04-17,Perfume,Beauty,524.98,8
2024-04-17,Face Serum,Beauty,593.96,14
2024-04-18,Laptop,Electronics,5214.62,6
2024-04-18,Smartphone,Electronics,10671.51,17
2024-04-18,Headphones,Electronics,3384.86,28
2024-04-18,Tablet,Electronics,4183.05,10
2024-04-18,Smart Watch,Electronics,4263.71,17
2024-04-18,T-Shirt,Clothing,785.52,35
2024-04-18,Jeans,Clothing,1108.84,19
2024-04-18,Jacket,Clothing,1447.54,17
2024-04-18,Sneakers,Clothing,1707.94,21
2024-04-18,Dress,Clothing,852.85,12
2024-04-18,Blender,Home & Kitchen,901.18,18
2024-04-18,Coffee Maker,Home & Kitchen,980.36,13
2024-04-18,Cookware Set,Home & Kitchen,1070.08,8
2024-04-18,Vacuum Cleaner,Home & Kitchen,1810.12,9
2024-04-18,Air Fryer,Home & Kitchen,1449.87,16
2024-04-18,Shampoo,Beauty,311.14,26
2024-04-18,Moisturizer,Beauty,1033.53,39
2024-04-18,Lipstick,Beauty,353.73,19
2024-04-18,Perfume,Beauty,613.69,9
2024-04-18,Face Serum,Beauty,547.99,13
2024-04-19,Laptop,Electronics,7493.1,8
2024-04-19,Smartphone,Electronics,8834.75,14
2024-04-19,Headphones,Electronics,3898.99,29
2024-04-19,Tablet,Electronics,4864.58,13
2024-04-19,Smart Watch,Electronics,6073.5,24
2024-04-19,T-Shirt,Clothing,1318.32,54
2024-04-19,Jeans,Clothing,1414.79,25
2024-04-19,Jacket,Clothing,1295.7,15
2024-04-19,Sneakers,Clothing,1163.39,16
2024-04-19,Dress,Clothing,993.45,15
2024-04-19,Blender,Home & Kitchen,1247.9,25
2024-04-19,Coffee Maker,Home & Kitchen,744.59,9
2024-04-19,Cookware Set,Home & Kitchen,1071.46,8
2024-04-19,Vacuum Cleaner,Home & Kitchen,1407.76,7
2024-04-19,Air Fryer,Home & Kitchen,1028.22,12
2024-04-19,Shampoo,Beauty,277.14,25
2024-04-19,Moisturizer,Beauty,1118.14,40
2024-04-19,Lipstick,Beauty,627.07,35
2024-04-19,Perfume,Beauty,502.34,8
2024-04-19,Face Serum,Beauty,470.52,12
2024-04-20,Laptop,Electronics,10995.46,12
2024-04-20,Smartphone,Electronics,10749.43,16
2024-04-20,Headphones,Electronics,2623.75,22
2024-04-20,Tablet,Electronics,4173.2,11
2024-04-20,Smart Watch,Electronics,5982.04,24
2024-04-20,T-Shirt,Clothing,2099.62,85
2024-04-20,Jeans,Clothing,1927.76,32
2024-04-20,Jacket,Clothing,2330.56,28
2024-04-20,Sneakers,Clothing,2109.26,27
2024-04-20,Dress,Clothing,902.39,14
2024-04-20,Blender,Home & Kitchen,794.1,17
2024-04-20,Coffee Maker,Home & Kitchen,1227.05,16
2024-04-20,Cookware Set,Home & Kitchen,1425.04,12
2024-04-20,Vacuum Cleaner,Home & Kitchen,1375.03,7
2024-04-20,Air Fryer,Home & Kitchen,1605.73,19
2024-04-20,Shampoo,Beauty,453.1,38
2024-04-20,Moisturizer,Beauty,1078.24,40
2024-04-20,Lipstick,Beauty,804.79,43
2024-04-20,Perfume,Beauty,635.03,10
2024-04-20,Face Serum,Beauty,581.98,15
2024-04-21,Laptop,Electronics,9196.44,11
2024-04-21,Smartphone,Electronics,16638.8,27
2024-04-21,Headphones,Electronics,3921.05,33
2024-04-21,Tablet,Electronics,5045.39,13
2024-04-21,Smart Watch,Electronics,6443.43,26
2024-04-21,T-Shirt,Clothing,1222.72,52
2024-04-21,Jeans,Clothing,2034.04,36
2024-04-21,Jacket,Clothing,1560.0,17
2024-04-21,Sneakers,Clothing,1861.86,24
2024-04-21,Dress,Clothing,1423.51,22
2024-04-21,Blender,Home & Kitchen,959.68,19
2024-04-21,Coffee Maker,Home & Kitchen,658.36,9
2024-04-21,Cookware Set,Home & Kitchen,1233.68,10
2024-04-21,Vacuum Cleaner,Home & Kitchen,1578.13,8
2024-04-21,Air Fryer,Home & Kitchen,1565.48,17
2024-04-21,Shampoo,Beauty,386.28,31
2024-04-21,Moisturizer,Beauty,1251.89,43
2024-04-21,Lipstick,Beauty,829.89,48
2024-04-21,Perfume,Beauty,795.54,13
2024-04-21,Face Serum,Beauty,677.73,16
2024-04-22,Laptop,Electronics,9230.39,10
2024-04-22,Smartphone,Electronics,9101.46,14
2024-04-22,Headphones,Electronics,3152.68,26
2024-04-22,Tablet,Electronics,3753.36,10
2024-04-22,Smart Watch,Electronics,5977.84,25
2024-04-22,T-Shirt,Clothing,750.59,32
2024-04-22,Jeans,Clothing,1141.97,20
2024-04-22,Jacket,Clothing,1557.02,19
2024-04-22,Sneakers,Clothing,1381.05,19
2024-04-22,Dress,Clothing,796.59,11
2024-04-22,Blender,Home & Kitchen,1082.08,22
2024-04-22,Coffee Maker,Home & Kitchen,768.73,10
2024-04-22,Cookware Set,Home & Kitchen,970.22,8
2024-04-22,Vacuum Cleaner,Home & Kitchen,1451.7,7
2024-04-22,Air Fryer,Home & Kitchen,1085.25,12
2024-04-22,Shampoo,Beauty,414.85,35
2024-04-22,Moisturizer,Beauty,867.33,30
2024-04-22,Lipstick,Beauty,509.75,29
2024-04-22,Perfume,Beauty,662.83,11
2024-04-22,Face Serum,Beauty,689.06,16
2024-04-23,Laptop,Electronics,8314.83,10
2024-04-23,Smartphone,Electronics,11664.92,19
2024-04-23,Headphones,Electronics,2020.18,17
2024-04-23,Tablet,Electronics,3323.36,9
2024-04-23,Smart Watch,Electronics,3965.0,16
2024-04-23,T-Shirt,Clothing,1128.75,45
2024-04-23,Jeans,Clothing,1793.84,32
2024-04-23,Jacket,Clothing,1102.83,12
2024-04-23,Sneakers,Clothing,1718.99,21
2024-04-23,Dress,Clothing,898.45,13
2024-04-23,Blender,Home & Kitchen,613.64,12
2024-04-23,Coffee Maker,Home & Kitchen,956.37,12
2024-04-23,Cookware Set,Home & Kitchen,1014.37,8
2024-04-23,Vacuum Cleaner,Home & Kitchen,1452.93,7
2024-04-23,Air Fryer,Home & Kitchen,1454.54,16
2024-04-23,Shampoo,Beauty,383.46,31
2024-04-23,Moisturizer,Beauty,995.51,35
2024-04-23,Lipstick,Beauty,540.9,29
2024-04-23,Perfume,Beauty,572.99,9
2024-04-23,Face Serum,Beauty,645.41,16
2024-04-24,Laptop,Electronics,6739.14,8
2024-04-24,Smartphone,Electronics,6988.75,11
2024-04-24,Headphones,Electronics,3261.77,25
2024-04-24,Tablet,Electronics,4088.66,11
2024-04-24,Smart Watch,Electronics,5585.33,23
2024-04-24,T-Shirt,Clothing,999.25,40
2024-04-24,Jeans,Clothing,1285.08,22
2024-04-24,Jacket,Clothing,1192.22,13
2024-04-24,Sneakers,Clothing,968.69,13
2024-04-24,Dress,Clothing,926.19,13
2024-04-24,Blender,Home & Kitchen,688.12,15
2024-04-24,Coffee Maker,Home & Kitchen,1248.04,16
2024-04-24,Cookware Set,Home & Kitchen,1300.75,10
2024-04-24,Vacuum Cleaner,Home & Kitchen,1144.66,6
2024-04-24,Air Fryer,Home & Kitchen,1009.71,11
2024-04-24,Shampoo,Beauty,307.68,25
2024-04-24,Moisturizer,Beauty,1022.92,35
2024-04-24,Lipstick,Beauty,637.88,38
2024-04-24,Perfume,Beauty,716.68,11
2024-04-24,Face Serum,Beauty,615.53,14
2024-04-25,Laptop,Electronics,10264.71,11
2024-04-25,Smartphone,Electronics,10803.09,18
2024-04-25,Headphones,Electronics,3286.56,25
2024-04-25,Tablet,Electronics,3989.59,10
2024-04-25,Smart Watch,Electronics,5664.55,24
2024-04-25,T-Shirt,Clothing,812.19,36
2024-04-25,Jeans,Clothing,1226.97,21
2024-04-25,Jacket,Clothing,1324.97,15
2024-04-25,Sneakers,Clothing,1355.19,18
2024-04-25,Dress,Clothing,1158.1,16
2024-04-25,Blender,Home & Kitchen,681.4,15
2024-04-25,Coffee Maker,Home & Kitchen,819.64,11
2024-04-25,Cookware Set,Home & Kitchen,1069.34,8
2024-04-25,Vacuum Cleaner,Home & Kitchen,1449.76,7
2024-04-25,Air Fryer,Home & Kitchen,1109.72,13
2024-04-25,Shampoo,Beauty,517.1,42
2024-04-25,Moisturizer,Beauty,650.62,25
2024-04-25,Lipstick,Beauty,734.08,39
2024-04-25,Perfume,Beauty,747.64,11
2024-04-25,Face Serum,Beauty,483.37,12
2024-04-26,Laptop,Electronics,6425.25,7
2024-04-26,Smartphone,Electronics,8447.41,14
2024-04-26,Headphones,Electronics,3593.92,27
2024-04-26,Tablet,Electronics,5502.95,14
2024-04-26,Smart Watch,Electronics,7822.16,32
2024-04-26,T-Shirt,Clothing,938.05,42
2024-04-26,Jeans,Clothing,1095.74,18
2024-04-26,Jacket,Clothing,1195.38,13
2024-04-26,Sneakers,Clothing,1510.95,19
2024-04-26,Dress,Clothing,930.88,13
2024-04-26,Blender,Home & Kitchen,1003.93,20
2024-04-26,Coffee Maker,Home & Kitchen,985.96,13
2024-04-26,Cookware Set,Home & Kitchen,1016.07,8
2024-04-26,Vacuum Cleaner,Home & Kitchen,1432.9,7
2024-04-26,Air Fryer,Home & Kitchen,1656.85,18
2024-04-26,Shampoo,Beauty,401.53,36
2024-04-26,Moisturizer,Beauty,1114.64,38
2024-04-26,Lipstick,Beauty,409.15,23
2024-04-26,Perfume,Beauty,519.25,8
2024-04-26,Face Serum,Beauty,759.7,18
2024-04-27,Laptop,Electronics,6066.05,7
2024-04-27,Smartphone,Electronics,14717.52,22
2024-04-27,Headphones,Electronics,2703.49,22
2024-04-27,Tablet,Electronics,4876.56,13
2024-04-27,Smart Watch,Electronics,5105.61,21
2024-04-27,T-Shirt,Clothing,1254.65,50
2024-04-27,Jeans,Clothing,2203.76,38
2024-04-27,Jacket,Clothing,2543.0,28
2024-04-27,Sneakers,Clothing,1918.78,24
2024-04-27,Dress,Clothing,973.52,14
2024-04-27,Blender,Home & Kitchen,954.64,19
2024-04-27,Coffee Maker,Home & Kitchen,881.39,11
2024-04-27,Cookware Set,Home & Kitchen,1596.32,12
2024-04-27,Vacuum Cleaner,Home & Kitchen,1334.01,7
2024-04-27,Air Fryer,Home & Kitchen,1327.93,15
2024-04-27,Shampoo,Beauty,449.7,37
2024-04-27,Moisturizer,Beauty,1307.02,47
2024-04-27,Lipstick,Beauty,688.54,37
2024-04-27,Perfume,Beauty,577.36,9
2024-04-27,Face Serum,Beauty,508.2,13
2024-04-28,Laptop,Electronics,10010.19,12
2024-04-28,Smartphone,Electronics,10393.12,17
2024-04-28,Headphones,Electronics,4290.71,35
2024-04-28,Tablet,Electronics,4960.08,12
2024-04-28,Smart Watch,Electronics,4601.85,20
2024-04-28,T-Shirt,Clothing,1250.65,51
2024-04-28,Jeans,Clothing,2083.58,36
2024-04-28,Jacket,Clothing,1419.6,16
2024-04-28,Sneakers,Clothing,1957.64,24
2024-04-28,Dress,Clothing,2040.23,29
2024-04-28,Blender,Home & Kitchen,1417.16,29
2024-04-28,Coffee Maker,Home & Kitchen,885.9,12
2024-04-28,Cookware Set,Home & Kitchen,1550.68,12
2024-04-28,Vacuum Cleaner,Home & Kitchen,1524.99,8
2024-04-28,Air Fryer,Home & Kitchen,1211.95,14
2024-04-28,Shampoo,Beauty,516.09,45
2024-04-28,Moisturizer,Beauty,1005.96,36
2024-04-28,Lipstick,Beauty,599.35,35
2024-04-28,Perfume,Beauty,826.73,13
2024-04-28,Face Serum,Beauty,705.53,16
2024-04-29,Laptop,Electronics,6885.3,8
2024-04-29,Smartphone,Electronics,12713.56,19
2024-04-29,Headphones,Electronics,3931.3,32
2024-04-29,Tablet,Electronics,5097.69,13
2024-04-29,Smart Watch,Electronics,5218.57,20
2024-04-29,T-Shirt,Clothing,1215.5,51
2024-04-29,Jeans,Clothing,1641.59,28
2024-04-29,Jacket,Clothing,2036.99,22
2024-04-29,Sneakers,Clothing,2015.08,27
2024-04-29,Dress,Clothing,1133.34,16
2024-04-29,Blender,Home & Kitchen,1180.83,25
2024-04-29,Coffee Maker,Home & Kitchen,1359.15,18
2024-04-29,Cookware Set,Home & Kitchen,1255.5,10
2024-04-29,Vacuum Cleaner,Home & Kitchen,2014.58,10
2024-04-29,Air Fryer,Home & Kitchen,1532.67,17
2024-04-29,Shampoo,Beauty,481.51,43
2024-04-29,Moisturizer,Beauty,959.93,37
2024-04-29,Lipstick,Beauty,468.67,25
2024-04-29,Perfume,Beauty,996.02,15
2024-04-29,Face Serum,Beauty,791.64,18
2024-04-30,Laptop,Electronics,8464.89,10
2024-04-30,Smartphone,Electronics,11990.95,18
2024-04-30,Headphones,Electronics,4394.13,33
2024-04-30,Tablet,Electronics,2820.21,7
2024-04-30,Smart Watch,Electronics,4870.63,20
2024-04-30,T-Shirt,Clothing,531.85,22
2024-04-30,Jeans,Clothing,1473.98,26
2024-04-30,Jacket,Clothing,1146.89,14
2024-04-30,Sneakers,Clothing,1586.95,21
2024-04-30,Dress,Clothing,1360.96,19
2024-04-30,Blender,Home & Kitchen,938.28,19
2024-04-30,Coffee Maker,Home & Kitchen,816.7,11
2024-04-30,Cookware Set,Home & Kitchen,1567.51,13
2024-04-30,Vacuum Cleaner,Home & Kitchen,1854.31,9
2024-04-30,Air Fryer,Home & Kitchen,2091.78,24
2024-04-30,Shampoo,Beauty,380.29,33
2024-04-30,Moisturizer,Beauty,1128.24,42
2024-04-30,Lipstick,Beauty,433.12,26
2024-04-30,Perfume,Beauty,686.75,11
2024-04-30,Face Serum,Beauty,637.4,16
2024-05-01,Laptop,Electronics,5079.95,6
2024-05-01,Smartphone,Electronics,14225.0,22
2024-05-01,Headphones,Electronics,3827.91,31
2024-05-01,Tablet,Electronics,5369.81,13
2024-05-01,Smart Watch,Electronics,4011.05,17
2024-05-01,T-Shirt,Clothing,846.99,38
2024-05-01,Jeans,Clothing,1841.0,32
2024-05-01,Jacket,Clothing,1479.36,17
2024-05-01,Sneakers,Clothing,1562.1,19
2024-05-01,Dress,Clothing,1291.75,19
2024-05-01,Blender,Home & Kitchen,890.4,19
2024-05-01,Coffee Maker,Home & Kitchen,727.32,10
2024-05-01,Cookware Set,Home & Kitchen,1549.79,12
2024-05-01,Vacuum Cleaner,Home & Kitchen,1205.38,6
2024-05-01,Air Fryer,Home & Kitchen,1321.87,16
2024-05-01,Shampoo,Beauty,479.85,40
2024-05-01,Moisturizer,Beauty,1206.68,42
2024-05-01,Lipstick,Beauty,481.47,26
2024-05-01,Perfume,Beauty,419.01,7
2024-05-01,Face Serum,Beauty,439.55,11
2024-05-02,Laptop,Electronics,9430.02,11
2024-05-02,Smartphone,Electronics,8764.53,13
2024-05-02,Headphones,Electronics,4455.3,36
2024-05-02,Tablet,Electronics,5721.9,14
2024-05-02,Smart Watch,Electronics,4347.85,18
2024-05-02,T-Shirt,Clothing,715.97,30
2024-05-02,Jeans,Clothing,1531.51,27
2024-05-02,Jacket,Clothing,1355.92,15
2024-05-02,Sneakers,Clothing,1873.23,25
2024-05-02,Dress,Clothing,1153.04,16
2024-05-02,Blender,Home & Kitchen,879.72,18
2024-05-02,Coffee Maker,Home & Kitchen,989.79,12
2024-05-02,Cookware Set,Home & Kitchen,1357.3,11
2024-05-02,Vacuum Cleaner,Home & Kitchen,1426.6,7
2024-05-02,Air Fryer,Home & Kitchen,1938.28,23
2024-05-02,Shampoo,Beauty,336.92,28
2024-05-02,Moisturizer,Beauty,948.98,35
2024-05-02,Lipstick,Beauty,678.06,37
2024-05-02,Perfume,Beauty,792.51,12
2024-05-02,Face Serum,Beauty,1002.09,23
2024-05-03,Laptop,Electronics,6315.02,7
2024-05-03,Smartphone,Electronics,6803.5,11
2024-05-03,Headphones,Electronics,4093.1,32
2024-05-03,Tablet,Electronics,4755.64,12
2024-05-03,Smart Watch,Electronics,6421.55,25
2024-05-03,T-Shirt,Clothing,1144.14,46
2024-05-03,Jeans,Clothing,965.61,17
2024-05-03,Jacket,Clothing,1476.24,18
2024-05-03,Sneakers,Clothing,1248.09,17
2024-05-03,Dress,Clothing,967.59,14
2024-05-03,Blender,Home & Kitchen,829.95,18
2024-05-03,Coffee Maker,Home & Kitchen,757.02,10
2024-05-03,Cookware Set,Home & Kitchen,1094.21,9
2024-05-03,Vacuum Cleaner,Home & Kitchen,1810.84,9
2024-05-03,Air Fryer,Home & Kitchen,1613.62,19
2024-05-03,Shampoo,Beauty,324.36,28
2024-05-03,Moisturizer,Beauty,1133.0,39
2024-05-03,Lipstick,Beauty,689.57,39
2024-05-03,Perfume,Beauty,718.79,11
2024-05-03,Face Serum,Beauty,664.12,17
2024-05-04,Laptop,Electronics,6785.04,8
2024-05-04,Smartphone,Electronics,16539.98,27
2024-05-04,Headphones,Electronics,3189.29,26
2024-05-04,Tablet,Electronics,5176.73,13
2024-05-04,Smart Watch,Electronics,7535.47,30
2024-05-04,T-Shirt,Clothing,2160.44,89
2024-05-04,Jeans,Clothing,2319.44,39
2024-05-04,Jacket,Clothing,3409.65,39
2024-05-04,Sneakers,Clothing,2561.05,31
2024-05-04,Dress,Clothing,1478.24,23
2024-05-04,Blender,Home & Kitchen,787.38,17
2024-05-04,Coffee Maker,Home & Kitchen,995.37,13
2024-05-04,Cookware Set,Home & Kitchen,1479.63,11
2024-05-04,Vacuum Cleaner,Home & Kitchen,1687.46,9
2024-05-04,Air Fryer,Home & Kitchen,1737.86,19
2024-05-04,Shampoo,Beauty,489.92,41
2024-05-04,Moisturizer,Beauty,1480.56,56
2024-05-04,Lipstick,Beauty,731.4,39
2024-05-04,Perfume,Beauty,748.38,12
2024-05-04,Face Serum,Beauty,641.78,15
2024-05-05,Laptop,Electronics,10592.76,12
2024-05-05,Smartphone,Electronics,13112.42,21
2024-05-05,Headphones,Electronics,4061.75,30
2024-05-05,Tablet,Electronics,4340.08,11
2024-05-05,Smart Watch,Electronics,4812.18,20
2024-05-05,T-Shirt,Clothing,1684.26,70
2024-05-05,Jeans,Clothing,3288.37,55
2024-05-05,Jacket,Clothing,2293.54,25
2024-05-05,Sneakers,Clothing,2360.63,29
2024-05-05,Dress,Clothing,1697.11,26
2024-05-05,Blender,Home & Kitchen,1246.46,25
2024-05-05,Coffee Maker,Home & Kitchen,981.51,13
2024-05-05,Cookware Set,Home & Kitchen,1144.71,9
2024-05-05,Vacuum Cleaner,Home & Kitchen,1665.69,8
2024-05-05,Air Fryer,Home & Kitchen,1663.43,19
2024-05-05,Shampoo,Beauty,341.21,30
2024-05-05,Moisturizer,Beauty,1112.93,40
2024-05-05,Lipstick,Beauty,681.0,38
2024-05-05,Perfume,Beauty,741.95,12
2024-05-05,Face Serum,Beauty,597.0,14
2024-05-06,Laptop,Electronics,6310.67,7
2024-05-06,Smartphone,Electronics,10421.8,16
2024-05-06,Headphones,Electronics,2475.4,20
2024-05-06,Tablet,Electronics,4316.03,11
2024-05-06,Smart Watch,Electronics,5109.21,22
2024-05-06,T-Shirt,Clothing,1108.62,46
2024-05-06,Jeans,Clothing,1162.92,21
2024-05-06,Jacket,Clothing,1540.11,17
2024-05-06,Sneakers,Clothing,1473.04,19
2024-05-06,Dress,Clothing,1348.14,19
2024-05-06,Blender,Home & Kitchen,871.9,18
2024-05-06,Coffee Maker,Home & Kitchen,983.56,13
2024-05-06,Cookware Set,Home & Kitchen,1378.35,11
2024-05-06,Vacuum Cleaner,Home & Kitchen,942.42,5
2024-05-06,Air Fryer,Home & Kitchen,1400.23,15
2024-05-06,Shampoo,Beauty,534.2,47
2024-05-06,Moisturizer,Beauty,1241.27,46
2024-05-06,Lipstick,Beauty,491.94,28
2024-05-06,Perfume,Beauty,400.32,6
2024-05-06,Face Serum,Beauty,862.33,20
2024-05-07,Laptop,Electronics,6549.69,7
2024-05-07,Smartphone,Electronics,11496.5,17
2024-05-07,Headphones,Electronics,2399.64,18
2024-05-07,Tablet,Electronics,5570.78,14
2024-05-07,Smart Watch,Electronics,4485.36,18
2024-05-07,T-Shirt,Clothing,714.55,30
2024-05-07,Jeans,Clothing,1480.93,24
2024-05-07,Jacket,Clothing,879.02,10
2024-05-07,Sneakers,Clothing,1481.12,20
2024-05-07,Dress,Clothing,1228.9,17
2024-05-07,Blender,Home & Kitchen,639.86,14
2024-05-07,Coffee Maker,Home & Kitchen,766.34,10
2024-05-07,Cookware Set,Home & Kitchen,1301.94,10
2024-05-07,Vacuum Cleaner,Home & Kitchen,1534.4,8
2024-05-07,Air Fryer,Home & Kitchen,1162.67,13
2024-05-07,Shampoo,Beauty,322.76,29
2024-05-07,Moisturizer,Beauty,1161.85,40
2024-05-07,Lipstick,Beauty,411.78,23
2024-05-07,Perfume,Beauty,613.71,9
2024-05-07,Face Serum,Beauty,394.57,9
2024-05-08,Laptop,Electronics,5963.12,7
2024-05-08,Smartphone,Electronics,12065.51,18
2024-05-08,Headphones,Electronics,2554.84,21
2024-05-08,Tablet,Electronics,6249.86,15
2024-05-08,Smart Watch,Electronics,5750.55,23
2024-05-08,T-Shirt,Clothing,795.33,36
2024-05-08,Jeans,Clothing,1455.42,26
2024-05-08,Jacket,Clothing,1190.56,13
2024-05-08,Sneakers,Clothing,1528.74,19
2024-05-08,Dress,Clothing,800.57,12
2024-05-08,Blender,Home & Kitchen,659.95,14
2024-05-08,Coffee Maker,Home & Kitchen,989.72,13
2024-05-08,Cookware Set,Home & Kitchen,1018.96,8
2024-05-08,Vacuum Cleaner,Home & Kitchen,1178.76,6
2024-05-08,Air Fryer,Home & Kitchen,1304.22,15
2024-05-08,Shampoo,Beauty,433.94,36
2024-05-08,Moisturizer,Beauty,765.65,28
2024-05-08,Lipstick,Beauty,550.42,33
2024-05-08,Perfume,Beauty,492.22,8
2024-05-08,Face Serum,Beauty,473.83,11
2024-05-09,Laptop,Electronics,6482.59,7
2024-05-09,Smartphone,Electronics,9134.97,15
2024-05-09,Headphones,Electronics,2301.45,17
2024-05-09,Tablet,Electronics,4557.41,12
2024-05-09,Smart Watch,Electronics,6548.04,27
2024-05-09,T-Shirt,Clothing,932.47,39
2024-05-09,Jeans,Clothing,1480.24,27
2024-05-09,Jacket,Clothing,1010.14,11
2024-05-09,Sneakers,Clothing,1712.79,22
2024-05-09,Dress,Clothing,851.38,13
2024-05-09,Blender,Home & Kitchen,619.08,13
2024-05-09,Coffee Maker,Home & Kitchen,1105.5,14
2024-05-09,Cookware Set,Home & Kitchen,1197.13,9
2024-05-09,Vacuum Cleaner,Home & Kitchen,1468.29,8
2024-05-09,Air Fryer,Home & Kitchen,1885.13,22
2024-05-09,Shampoo,Beauty,293.46,26
2024-05-09,Moisturizer,Beauty,776.61,29
2024-05-09,Lipstick,Beauty,620.83,35
2024-05-09,Perfume,Beauty,620.78,10
2024-05-09,Face Serum,Beauty,411.62,10
2024-05-10,Laptop,Electronics,6083.68,7
2024-05-10,Smartphone,Electronics,9377.16,15
2024-05-10,Headphones,Electronics,2889.44,24
2024-05-10,Tablet,Electronics,3353.9,9
2024-05-10,Smart Watch,Electronics,6217.65,25
2024-05-10,T-Shirt,Clothing,653.31,29
2024-05-10,Jeans,Clothing,1536.59,26
2024-05-10,Jacket,Clothing,1250.72,14
2024-05-10,Sneakers,Clothing,1175.51,16
2024-05-10,Dress,Clothing,1084.89,17
2024-05-10,Blender,Home & Kitchen,820.72,16
2024-05-10,Coffee Maker,Home & Kitchen,993.46,12
2024-05-10,Cookware Set,Home & Kitchen,1313.66,11
2024-05-10,Vacuum Cleaner,Home & Kitchen,1285.33,7
2024-05-10,Air Fryer,Home & Kitchen,1692.76,19
2024-05-10,Shampoo,Beauty,326.6,27
2024-05-10,Moisturizer,Beauty,932.94,36
2024-05-10,Lipstick,Beauty,396.54,21
2024-05-10,Perfume,Beauty,875.62,14
2024-05-10,Face Serum,Beauty,660.45,15
2024-05-11,Laptop,Electronics,6318.72,7
2024-05-11,Smartphone,Electronics,12656.45,21
2024-05-11,Headphones,Electronics,4914.61,38
2024-05-11,Tablet,Electronics,4548.73,12
2024-05-11,Smart Watch,Electronics,5190.25,21
2024-05-11,T-Shirt,Clothing,1536.27,68
2024-05-11,Jeans,Clothing,2331.04,41
2024-05-11,Jacket,Clothing,2172.71,24
2024-05-11,Sneakers,Clothing,1748.3,24
2024-05-11,Dress,Clothing,1214.69,19
2024-05-11,Blender,Home & Kitchen,703.89,15
2024-05-11,Coffee Maker,Home & Kitchen,686.86,9
2024-05-11,Cookware Set,Home & Kitchen,1621.15,12
2024-05-11,Vacuum Cleaner,Home & Kitchen,1657.75,8
2024-05-11,Air Fryer,Home & Kitchen,1591.74,18
2024-05-11,Shampoo,Beauty,545.05,45
2024-05-11,Moisturizer,Beauty,980.34,38
2024-05-11,Lipstick,Beauty,574.89,33
2024-05-11,Perfume,Beauty,569.12,9
2024-05-11,Face Serum,Beauty,813.86,20
2024-05-12,Laptop,Electronics,13136.59,15
2024-05-12,Smartphone,Electronics,14054.59,21
2024-05-12,Headphones,Electronics,4717.78,35
2024-05-12,Tablet,Electronics,6500.83,16
2024-05-12,Smart Watch,Electronics,7341.24,31
2024-05-12,T-Shirt,Clothing,1132.56,51
2024-05-12,Jeans,Clothing,1598.57,28
2024-05-12,Jacket,Clothing,2196.06,24
2024-05-12,Sneakers,Clothing,2170.07,27
2024-05-12,Dress,Clothing,2160.17,34
2024-05-12,Blender,Home & Kitchen,732.15,15
2024-05-12,Coffee Maker,Home & Kitchen,1358.23,18
2024-05-12,Cookware Set,Home & Kitchen,1282.06,10
2024-05-12,Vacuum Cleaner,Home & Kitchen,1109.12,6
2024-05-12,Air Fryer,Home & Kitchen,1962.88,22
2024-05-12,Shampoo,Beauty,377.92,34
2024-05-12,Moisturizer,Beauty,1319.9,48
2024-05-12,Lipstick,Beauty,687.31,37
2024-05-12,Perfume,Beauty,1055.13,16
2024-05-12,Face Serum,Beauty,825.7,21
2024-05-13,Laptop,Electronics,6923.34,8
2024-05-13,Smartphone,Electronics,13822.96,22
2024-05-13,Headphones,Electronics,3391.99,27
2024-05-13,Tablet,Electronics,4323.7,11
2024-05-13,Smart Watch,Electronics,4604.44,20
2024-05-13,T-Shirt,Clothing,1120.41,47
2024-05-13,Jeans,Clothing,1368.43,23
2024-05-13,Jacket,Clothing,1253.2,14
2024-05-13,Sneakers,Clothing,1252.0,16
2024-05-13,Dress,Clothing,1042.75,15
2024-05-13,Blender,Home & Kitchen,705.01,15
2024-05-13,Coffee Maker,Home & Kitchen,1037.57,14
2024-05-13,Cookware Set,Home & Kitchen,1085.72,9
2024-05-13,Vacuum Cleaner,Home & Kitchen,1487.39,8
2024-05-13,Air Fryer,Home & Kitchen,1705.76,19
2024-05-13,Shampoo,Beauty,543.8,47
2024-05-13,Moisturizer,Beauty,1013.96,36
2024-05-13,Lipstick,Beauty,373.73,21
2024-05-13,Perfume,Beauty,442.44,7
2024-05-13,Face Serum,Beauty,748.34,18
2024-05-14,Laptop,Electronics,6034.3,7
2024-05-14,Smartphone,Electronics,10110.18,15
2024-05-14,Headphones,Electronics,3871.53,30
2024-05-14,Tablet,Electronics,4173.32,10
2024-05-14,Smart Watch,Electronics,3554.76,15
2024-05-14,T-Shirt,Clothing,922.54,37
2024-05-14,Jeans,Clothing,1525.48,28
2024-05-14,Jacket,Clothing,1268.4,14
2024-05-14,Sneakers,Clothing,1739.25,21
2024-05-14,Dress,Clothing,779.73,11
2024-05-14,Blender,Home & Kitchen,679.98,15
2024-05-14,Coffee Maker,Home & Kitchen,843.13,11
2024-05-14,Cookware Set,Home & Kitchen,1601.03,12
2024-05-14,Vacuum Cleaner,Home & Kitchen,1219.43,6
2024-05-14,Air Fryer,Home & Kitchen,1109.04,13
2024-05-14,Shampoo,Beauty,347.8,31
2024-05-14,Moisturizer,Beauty,1068.24,38
2024-05-14,Lipstick,Beauty,616.89,36
2024-05-14,Perfume,Beauty,763.69,12
2024-05-14,Face Serum,Beauty,953.75,22
2024-05-15,Laptop,Electronics,7372.51,8
2024-05-15,Smartphone,Electronics,8478.89,14
2024-05-15,Headphones,Electronics,3140.84,24
2024-05-15,Tablet,Electronics,3397.54,9
2024-05-15,Smart Watch,Electronics,4622.27,20
2024-05-15,T-Shirt,Clothing,801.86,34
2024-05-15,Jeans,Clothing,1757.74,31
2024-05-15,Jacket,Clothing,1311.47,16
2024-05-15,Sneakers,Clothing,2009.78,25
2024-05-15,Dress,Clothing,1044.2,16
2024-05-15,Blender,Home & Kitchen,1001.93,20
2024-05-15,Coffee Maker,Home & Kitchen,678.98,9
2024-05-15,Cookware Set,Home & Kitchen,1302.92,10
2024-05-15,Vacuum Cleaner,Home & Kitchen,1850.53,10
2024-05-15,Air Fryer,Home & Kitchen,1158.7,14
2024-05-15,Shampoo,Beauty,525.07,43
2024-05-15,Moisturizer,Beauty,669.96,26
2024-05-15,Lipstick,Beauty,459.55,25
2024-05-15,Perfume,Beauty,625.58,10
2024-05-15,Face Serum,Beauty,510.23,13
2024-05-16,Laptop,Electronics,5839.74,7
2024-05-16,Smartphone,Electronics,9832.81,15
2024-05-16,Headphones,Electronics,3491.17,27
2024-05-16,Tablet,Electronics,5334.11,13
2024-05-16,Smart Watch,Electronics,5350.35,21
2024-05-16,T-Shirt,Clothing,1084.44,44
2024-05-16,Jeans,Clothing,1429.61,25
2024-05-16,Jacket,Clothing,1074.49,13
2024-05-16,Sneakers,Clothing,1363.62,18
2024-05-16,Dress,Clothing,1159.19,16
2024-05-16,Blender,Home & Kitchen,919.54,18
2024-05-16,Coffee Maker,Home & Kitchen,1167.01,15
2024-05-16,Cookware Set,Home & Kitchen,1698.43,13
2024-05-16,Vacuum Cleaner,Home & Kitchen,1319.5,7
2024-05-16,Air Fryer,Home & Kitchen,1663.67,18
2024-05-16,Shampoo,Beauty,255.08,23
2024-05-16,Moisturizer,Beauty,880.3,32
2024-05-16,Lipstick,Beauty,562.49,30
2024-05-16,Perfume,Beauty,740.44,11
2024-05-16,Face Serum,Beauty,871.54,21
2024-05-17,Laptop,Electronics,6870.04,8
2024-05-17,Smartphone,Electronics,7954.62,12
2024-05-17,Headphones,Electronics,3749.88,28
2024-05-17,Tablet,Electronics,3728.94,10
2024-05-17,Smart Watch,Electronics,5353.71,21
2024-05-17,T-Shirt,Clothing,1006.42,45
2024-05-17,Jeans,Clothing,1034.06,18
2024-05-17,Jacket,Clothing,1247.11,15
2024-05-17,Sneakers,Clothing,1402.05,18
2024-05-17,Dress,Clothing,1031.1,15
2024-05-17,Blender,Home & Kitchen,712.8,15
2024-05-17,Coffee Maker,Home & Kitchen,818.21,10
2024-05-17,Cookware Set,Home & Kitchen,1730.22,13
2024-05-17,Vacuum Cleaner,Home & Kitchen,1391.46,7
2024-05-17,Air Fryer,Home & Kitchen,1101.47,13
2024-05-17,Shampoo,Beauty,395.38,32
2024-05-17,Moisturizer,Beauty,1297.01,48
2024-05-17,Lipstick,Beauty,651.74,39
2024-05-17,Perfume,Beauty,552.17,9
2024-05-17,Face Serum,Beauty,482.12,12
2024-05-18,Laptop,Electronics,6634.79,8
2024-05-18,Smartphone,Electronics,16838.39,25
2024-05-18,Headphones,Electronics,3332.96,27
2024-05-18,Tablet,Electronics,3733.77,10
2024-05-18,Smart Watch,Electronics,5467.32,21
2024-05-18,T-Shirt,Clothing,1544.48,64
2024-05-18,Jeans,Clothing,2070.84,37
2024-05-18,Jacket,Clothing,2780.44,31
2024-05-18,Sneakers,Clothing,2452.96,30
2024-05-18,Dress,Clothing,1573.83,23
2024-05-18,Blender,Home & Kitchen,1078.58,22
2024-05-18,Coffee Maker,Home & Kitchen,1110.99,15
2024-05-18,Cookware Set,Home & Kitchen,1141.99,9
2024-05-18,Vacuum Cleaner,Home & Kitchen,1246.8,6
2024-05-18,Air Fryer,Home & Kitchen,1467.58,17
2024-05-18,Shampoo,Beauty,499.03,42
2024-05-18,Moisturizer,Beauty,1129.77,43
2024-05-18,Lipstick,Beauty,1069.64,57
2024-05-18,Perfume,Beauty,816.22,12
2024-05-18,Face Serum,Beauty,1006.82,24
2024-05-19,Laptop,Electronics,7694.41,9
2024-05-19,Smartphone,Electronics,14160.93,21
2024-05-19,Headphones,Electronics,3133.36,24
2024-05-19,Tablet,Electronics,4649.14,12
2024-05-19,Smart Watch,Electronics,5581.06,24
2024-05-19,T-Shirt,Clothing,1275.86,51
2024-05-19,Jeans,Clothing,2606.66,43
2024-05-19,Jacket,Clothing,2217.17,26
2024-05-19,Sneakers,Clothing,1973.1,25
2024-05-19,Dress,Clothing,1479.71,21
2024-05-19,Blender,Home & Kitchen,1155.89,23
2024-05-19,Coffee Maker,Home & Kitchen,1051.56,13
2024-05-19,Cookware Set,Home & Kitchen,1935.49,15
2024-05-19,Vacuum Cleaner,Home & Kitchen,1335.48,7
2024-05-19,Air Fryer,Home & Kitchen,1474.85,16
2024-05-19,Shampoo,Beauty,484.92,41
2024-05-19,Moisturizer,Beauty,856.01,30
2024-05-19,Lipstick,Beauty,581.45,35
2024-05-19,Perfume,Beauty,730.89,11
2024-05-19,Face Serum,Beauty,832.45,20
2024-05-20,Laptop,Electronics,8752.42,10
2024-05-20,Smartphone,Electronics,9837.53,16
2024-05-20,Headphones,Electronics,2120.9,17
2024-05-20,Tablet,Electronics,4308.27,11
2024-05-20,Smart Watch,Electronics,3852.52,16
2024-05-20,T-Shirt,Clothing,1018.25,42
2024-05-20,Jeans,Clothing,1563.45,26
2024-05-20,Jacket,Clothing,1285.93,14
2024-05-20,Sneakers,Clothing,1491.87,19
2024-05-20,Dress,Clothing,739.32,11
2024-05-20,Blender,Home & Kitchen,892.34,18
2024-05-20,Coffee Maker,Home & Kitchen,1049.69,14
2024-05-20,Cookware Set,Home & Kitchen,1195.61,10
2024-05-20,Vacuum Cleaner,Home & Kitchen,2289.48,11
2024-05-20,Air Fryer,Home & Kitchen,1294.12,14
2024-05-20,Shampoo,Beauty,500.23,41
2024-05-20,Moisturizer,Beauty,1097.49,39
2024-05-20,Lipstick,Beauty,606.21,35
2024-05-20,Perfume,Beauty,818.92,13
2024-05-20,Face Serum,Beauty,700.83,16
2024-05-21,Laptop,Electronics,5958.52,7
2024-05-21,Smartphone,Electronics,9039.18,14
2024-05-21,Headphones,Electronics,3467.72,27
2024-05-21,Tablet,Electronics,3327.7,8
2024-05-21,Smart Watch,Electronics,4866.05,19
2024-05-21,T-Shirt,Clothing,901.91,37
2024-05-21,Jeans,Clothing,1575.76,28
2024-05-21,Jacket,Clothing,1075.85,13
2024-05-21,Sneakers,Clothing,1737.33,21
2024-05-21,Dress,Clothing,982.45,14
2024-05-21,Blender,Home & Kitchen,867.5,18
2024-05-21,Coffee Maker,Home & Kitchen,760.58,10
2024-05-21,Cookware Set,Home & Kitchen,1188.64,10
2024-05-21,Vacuum Cleaner,Home & Kitchen,1525.45,8
2024-05-21,Air Fryer,Home & Kitchen,2384.49,28
2024-05-21,Shampoo,Beauty,463.92,37
2024-05-21,Moisturizer,Beauty,1186.65,42
2024-05-21,Lipstick,Beauty,440.41,26
2024-05-21,Perfume,Beauty,799.83,13
2024-05-21,Face Serum,Beauty,515.52,12
2024-05-22,Laptop,Electronics,9103.23,11
2024-05-22,Smartphone,Electronics,11576.14,17
2024-05-22,Headphones,Electronics,2349.3,19
2024-05-22,Tablet,Electronics,3838.11,10
2024-05-22,Smart Watch,Electronics,5599.76,23
2024-05-22,T-Shirt,Clothing,917.64,39
2024-05-22,Jeans,Clothing,1307.87,24
2024-05-22,Jacket,Clothing,1637.31,19
2024-05-22,Sneakers,Clothing,1454.43,18
2024-05-22,Dress,Clothing,1222.54,18
2024-05-22,Blender,Home & Kitchen,770.32,16
2024-05-22,Coffee Maker,Home & Kitchen,1243.83,15
2024-05-22,Cookware Set,Home & Kitchen,891.28,7
2024-05-22,Vacuum Cleaner,Home & Kitchen,1383.4,7
2024-05-22,Air Fryer,Home & Kitchen,1338.99,15
2024-05-22,Shampoo,Beauty,390.28,32
2024-05-22,Moisturizer,Beauty,997.62,37
2024-05-22,Lipstick,Beauty,425.48,23
2024-05-22,Perfume,Beauty,749.87,11
2024-05-22,Face Serum,Beauty,472.72,12
2024-05-23,Laptop,Electronics,5369.79,6
2024-05-23,Smartphone,Electronics,11499.68,17
2024-05-23,Headphones,Electronics,2279.58,19
2024-05-23,Tablet,Electronics,3263.54,8
2024-05-23,Smart Watch,Electronics,4829.11,21
2024-05-23,T-Shirt,Clothing,798.87,33
2024-05-23,Jeans,Clothing,1600.58,28
2024-05-23,Jacket,Clothing,1310.8,15
2024-05-23,Sneakers,Clothing,1402.2,19
2024-05-23,Dress,Clothing,1103.25,17
2024-05-23,Blender,Home & Kitchen,928.23,19
2024-05-23,Coffee Maker,Home & Kitchen,949.24,13
2024-05-23,Cookware Set,Home & Kitchen,1248.03,10
2024-05-23,Vacuum Cleaner,Home & Kitchen,1252.69,6
2024-05-23,Air Fryer,Home & Kitchen,1416.72,16
2024-05-23,Shampoo,Beauty,353.81,30
2024-05-23,Moisturizer,Beauty,1027.01,37
2024-05-23,Lipstick,Beauty,543.52,29
2024-05-23,Perfume,Beauty,674.13,10
2024-05-23,Face Serum,Beauty,839.06,20
2024-05-24,Laptop,Electronics,7718.16,9
2024-05-24,Smartphone,Electronics,10152.3,15
2024-05-24,Headphones,Electronics,2533.23,19
2024-05-24,Tablet,Electronics,4196.5,11
2024-05-24,Smart Watch,Electronics,3548.38,15
2024-05-24,T-Shirt,Clothing,1375.06,55
2024-05-24,Jeans,Clothing,1451.94,25
2024-05-24,Jacket,Clothing,1690.19,19
2024-05-24,Sneakers,Clothing,1195.53,15
2024-05-24,Dress,Clothing,955.8,15
2024-05-24,Blender,Home & Kitchen,1076.94,21
2024-05-24,Coffee Maker,Home & Kitchen,1071.44,13
2024-05-24,Cookware Set,Home & Kitchen,1404.16,11
2024-05-24,Vacuum Cleaner,Home & Kitchen,1446.16,7
2024-05-24,Air Fryer,Home & Kitchen,1258.7,14
2024-05-24,Shampoo,Beauty,336.13,30
2024-05-24,Moisturizer,Beauty,830.62,30
2024-05-24,Lipstick,Beauty,510.25,27
2024-05-24,Perfume,Beauty,900.33,14
2024-05-24,Face Serum,Beauty,623.81,16
2024-05-25,Laptop,Electronics,10988.54,12
2024-05-25,Smartphone,Electronics,10782.35,18
2024-05-25,Headphones,Electronics,4245.92,34
2024-05-25,Tablet,Electronics,4402.18,11
2024-05-25,Smart Watch,Electronics,5632.48,23
2024-05-25,T-Shirt,Clothing,1316.11,57
2024-05-25,Jeans,Clothing,3092.59,52
2024-05-25,Jacket,Clothing,1798.59,21
2024-05-25,Sneakers,Clothing,2405.53,32
2024-05-25,Dress,Clothing,1634.78,23
2024-05-25,Blender,Home & Kitchen,1485.5,29
2024-05-25,Coffee Maker,Home & Kitchen,765.89,10
2024-05-25,Cookware Set,Home & Kitchen,1546.29,13
2024-05-25,Vacuum Cleaner,Home & Kitchen,1833.61,10
2024-05-25,Air Fryer,Home & Kitchen,1523.49,17
2024-05-25,Shampoo,Beauty,505.88,42
2024-05-25,Moisturizer,Beauty,805.6,30
2024-05-25,Lipstick,Beauty,512.8,28
2024-05-25,Perfume,Beauty,730.27,11
2024-05-25,Face Serum,Beauty,607.07,15
2024-05-26,Laptop,Electronics,9513.69,11
2024-05-26,Smartphone,Electronics,10255.08,16
2024-05-26,Headphones,Electronics,2792.42,23
2024-05-26,Tablet,Electronics,6177.17,15
2024-05-26,Smart Watch,Electronics,6166.46,25
2024-05-26,T-Shirt,Clothing,1471.89,63
2024-05-26,Jeans,Clothing,2614.79,44
2024-05-26,Jacket,Clothing,2048.82,22
2024-05-26,Sneakers,Clothing,2131.48,27
2024-05-26,Dress,Clothing,1633.17,23
2024-05-26,Blender,Home & Kitchen,870.4,19
2024-05-26,Coffee Maker,Home & Kitchen,874.15,11
2024-05-26,Cookware Set,Home & Kitchen,1509.63,12
2024-05-26,Vacuum Cleaner,Home & Kitchen,1205.4,6
2024-05-26,Air Fryer,Home & Kitchen,1241.82,15
2024-05-26,Shampoo,Beauty,416.19,34
2024-05-26,Moisturizer,Beauty,1599.75,62
2024-05-26,Lipstick,Beauty,652.97,37
2024-05-26,Perfume,Beauty,600.27,10
2024-05-26,Face Serum,Beauty,674.97,16
2024-05-27,Laptop,Electronics,6962.46,8
2024-05-27,Smartphone,Electronics,12110.01,19
2024-05-27,Headphones,Electronics,2593.41,21
2024-05-27,Tablet,Electronics,5737.27,14
2024-05-27,Smart Watch,Electronics,5006.2,20
2024-05-27,T-Shirt,Clothing,1032.28,44
2024-05-27,Jeans,Clothing,1302.58,23
2024-05-27,Jacket,Clothing,1866.72,20
2024-05-27,Sneakers,Clothing,1483.95,20
2024-05-27,Dress,Clothing,941.63,13
2024-05-27,Blender,Home & Kitchen,740.67,16
2024-05-27,Coffee Maker,Home & Kitchen,1126.72,14
2024-05-27,Cookware Set,Home & Kitchen,1351.59,10
2024-05-27,Vacuum Cleaner,Home & Kitchen,1393.98,7
2024-05-27,Air Fryer,Home & Kitchen,1540.74,18
2024-05-27,Shampoo,Beauty,440.39,37
2024-05-27,Moisturizer,Beauty,652.04,25
2024-05-27,Lipstick,Beauty,373.2,20
2024-05-27,Perfume,Beauty,674.64,10
2024-05-27,Face Serum,Beauty,968.27,22
2024-05-28,Laptop,Electronics,7565.97,9
2024-05-28,Smartphone,Electronics,15291.92,23
2024-05-28,Headphones,Electronics,2461.54,20
2024-05-28,Tablet,Electronics,5384.03,13
2024-05-28,Smart Watch,Electronics,5157.72,20
2024-05-28,T-Shirt,Clothing,784.4,32
2024-05-28,Jeans,Clothing,1206.05,20
2024-05-28,Jacket,Clothing,1150.9,13
2024-05-28,Sneakers,Clothing,1085.06,14
2024-05-28,Dress,Clothing,748.59,11
2024-05-28,Blender,Home & Kitchen,849.32,18
2024-05-28,Coffee Maker,Home & Kitchen,690.36,9
2024-05-28,Cookware Set,Home & Kitchen,1025.52,8
2024-05-28,Vacuum Cleaner,Home & Kitchen,1216.09,6
2024-05-28,Air Fryer,Home & Kitchen,1117.9,13
2024-05-28,Shampoo,Beauty,316.17,28
2024-05-28,Moisturizer,Beauty,942.08,35
2024-05-28,Lipstick,Beauty,510.12,27
2024-05-28,Perfume,Beauty,595.05,9
2024-05-28,Face Serum,Beauty,880.75,20
2024-05-29,Laptop,Electronics,7519.88,8
2024-05-29,Smartphone,Electronics,11010.88,18
2024-05-29,Headphones,Electronics,2945.65,22
2024-05-29,Tablet,Electronics,3835.28,10
2024-05-29,Smart Watch,Electronics,3921.59,15
2024-05-29,T-Shirt,Clothing,798.77,32
2024-05-29,Jeans,Clothing,1830.28,30
2024-05-29,Jacket,Clothing,1333.06,16
2024-05-29,Sneakers,Clothing,1734.86,22
2024-05-29,Dress,Clothing,1121.09,17
2024-05-29,Blender,Home & Kitchen,754.59,15
2024-05-29,Coffee Maker,Home & Kitchen,1397.54,17
2024-05-29,Cookware Set,Home & Kitchen,1325.32,11
2024-05-29,Vacuum Cleaner,Home & Kitchen,1371.11,7
2024-05-29,Air Fryer,Home & Kitchen,1262.69,14
2024-05-29,Shampoo,Beauty,368.81,31
2024-05-29,Moisturizer,Beauty,1023.18,35
2024-05-29,Lipstick,Beauty,536.59,32
2024-05-29,Perfume,Beauty,457.5,7
2024-05-29,Face Serum,Beauty,593.32,14
2024-05-30,Laptop,Electronics,7182.63,8
2024-05-30,Smartphone,Electronics,11181.65,18
2024-05-30,Headphones,Electronics,3180.13,24
2024-05-30,Tablet,Electronics,4806.39,12
2024-05-30,Smart Watch,Electronics,4171.27,17
2024-05-30,T-Shirt,Clothing,976.42,43
2024-05-30,Jeans,Clothing,1424.04,26
2024-05-30,Jacket,Clothing,1728.89,19
2024-05-30,Sneakers,Clothing,1845.61,25
2024-05-30,Dress,Clothing,1109.99,17
2024-05-30,Blender,Home & Kitchen,749.46,16
2024-05-30,Coffee Maker,Home & Kitchen,761.36,10
2024-05-30,Cookware Set,Home & Kitchen,1015.94,8
2024-05-30,Vacuum Cleaner,Home & Kitchen,1778.02,9
2024-05-30,Air Fryer,Home & Kitchen,1383.85,15
2024-05-30,Shampoo,Beauty,449.64,37
2024-05-30,Moisturizer,Beauty,1146.63,40
2024-05-30,Lipstick,Beauty,561.42,31
2024-05-30,Perfume,Beauty,766.37,12
2024-05-30,Face Serum,Beauty,487.58,12
2024-05-31,Laptop,Electronics,8070.08,9
2024-05-31,Smartphone,Electronics,13817.52,23
2024-05-31,Headphones,Electronics,3935.02,31
2024-05-31,Tablet,Electronics,5493.86,14
2024-05-31,Smart Watch,Electronics,3740.63,15
2024-05-31,T-Shirt,Clothing,973.49,41
2024-05-31,Jeans,Clothing,1320.36,24
2024-05-31,Jacket,Clothing,1184.52,14
2024-05-31,Sneakers,Clothing,1537.64,19
2024-05-31,Dress,Clothing,722.03,11
2024-05-31,Blender,Home & Kitchen,857.12,19
2024-05-31,Coffee Maker,Home & Kitchen,774.54,10
2024-05-31,Cookware Set,Home & Kitchen,1252.71,10
2024-05-31,Vacuum Cleaner,Home & Kitchen,1228.99,6
2024-05-31,Air Fryer,Home & Kitchen,1176.64,14
2024-05-31,Shampoo,Beauty,395.02,33
2024-05-31,Moisturizer,Beauty,947.02,34
2024-05-31,Lipstick,Beauty,559.06,31
2024-05-31,Perfume,Beauty,571.73,9
2024-05-31,Face Serum,Beauty,494.0,12
2024-06-01,Laptop,Electronics,11037.25,12
2024-06-01,Smartphone,Electronics,13310.87,20
2024-06-01,Headphones,Electronics,3922.39,31
2024-06-01,Tablet,Electronics,4509.74,12
2024-06-01,Smart Watch,Electronics,9171.28,37
2024-06-01,T-Shirt,Clothing,1672.31,68
2024-06-01,Jeans,Clothing,3139.76,51
2024-06-01,Jacket,Clothing,2300.75,25
2024-06-01,Sneakers,Clothing,2651.75,34
2024-06-01,Dress,Clothing,1481.71,23
2024-06-01,Blender,Home & Kitchen,1129.62,22
2024-06-01,Coffee Maker,Home & Kitchen,989.94,12
2024-06-01,Cookware Set,Home & Kitchen,985.57,8
2024-06-01,Vacuum Cleaner,Home & Kitchen,1483.16,8
2024-06-01,Air Fryer,Home & Kitchen,1716.57,20
2024-06-01,Shampoo,Beauty,521.32,44
2024-06-01,Moisturizer,Beauty,1106.74,40
2024-06-01,Lipstick,Beauty,566.4,31
2024-06-01,Perfume,Beauty,973.14,15
2024-06-01,Face Serum,Beauty,643.95,16
2024-06-02,Laptop,Electronics,8439.84,9
2024-06-02,Smartphone,Electronics,11500.58,18
2024-06-02,Headphones,Electronics,3922.15,29
2024-06-02,Tablet,Electronics,5580.71,15
2024-06-02,Smart Watch,Electronics,8322.1,34
2024-06-02,T-Shirt,Clothing,1763.41,70
2024-06-02,Jeans,Clothing,2010.16,33
2024-06-02,Jacket,Clothing,2241.27,26
2024-06-02,Sneakers,Clothing,2652.43,33
2024-06-02,Dress,Clothing,2039.86,30
2024-06-02,Blender,Home & Kitchen,1068.54,23
2024-06-02,Coffee Maker,Home & Kitchen,964.16,13
2024-06-02,Cookware Set,Home & Kitchen,1249.28,10
2024-06-02,Vacuum Cleaner,Home & Kitchen,1653.04,8
2024-06-02,Air Fryer,Home & Kitchen,1554.41,17
2024-06-02,Shampoo,Beauty,510.59,44
2024-06-02,Moisturizer,Beauty,1686.76,59
2024-06-02,Lipstick,Beauty,640.21,35
2024-06-02,Perfume,Beauty,933.64,15
2024-06-02,Face Serum,Beauty,916.61,22
2024-06-03,Laptop,Electronics,7176.86,8
2024-06-03,Smartphone,Electronics,9385.31,14
2024-06-03,Headphones,Electronics,3337.91,25
2024-06-03,Tablet,Electronics,4679.44,12
2024-06-03,Smart Watch,Electronics,2874.82,12
2024-06-03,T-Shirt,Clothing,845.82,35
2024-06-03,Jeans,Clothing,1073.83,18
2024-06-03,Jacket,Clothing,1559.36,18
2024-06-03,Sneakers,Clothing,1686.71,21
2024-06-03,Dress,Clothing,919.8,13
2024-06-03,Blender,Home & Kitchen,750.69,15
2024-06-03,Coffee Maker,Home & Kitchen,883.23,12
2024-06-03,Cookware Set,Home & Kitchen,918.9,7
2024-06-03,Vacuum Cleaner,Home & Kitchen,1554.65,8
2024-06-03,Air Fryer,Home & Kitchen,1213.24,14
2024-06-03,Shampoo,Beauty,429.53,38
2024-06-03,Moisturizer,Beauty,1086.51,38
2024-06-03,Lipstick,Beauty,481.2,27
2024-06-03,Perfume,Beauty,675.94,11
2024-06-03,Face Serum,Beauty,717.6,18
2024-06-04,Laptop,Electronics,6293.68,7
2024-06-04,Smartphone,Electronics,8781.84,14
2024-06-04,Headphones,Electronics,4316.65,35
2024-06-04,Tablet,Electronics,3347.51,9
2024-06-04,Smart Watch,Electronics,4385.26,18
2024-06-04,T-Shirt,Clothing,1336.04,56
2024-06-04,Jeans,Clothing,1196.86,20
2024-06-04,Jacket,Clothing,1423.86,17
2024-06-04,Sneakers,Clothing,1742.51,22
2024-06-04,Dress,Clothing,960.76,15
2024-06-04,Blender,Home & Kitchen,653.9,13
2024-06-04,Coffee Maker,Home & Kitchen,741.51,10
2024-06-04,Cookware Set,Home & Kitchen,844.22,7
2024-06-04,Vacuum Cleaner,Home & Kitchen,1372.84,7
2024-06-04,Air Fryer,Home & Kitchen,1444.28,16
2024-06-04,Shampoo,Beauty,421.59,34
2024-06-04,Moisturizer,Beauty,945.74,35
2024-06-04,Lipstick,Beauty,549.35,32
2024-06-04,Perfume,Beauty,825.25,13
2024-06-04,Face Serum,Beauty,747.66,17
2024-06-05,Laptop,Electronics,7299.16,8
2024-06-05,Smartphone,Electronics,12096.11,20
2024-06-05,Headphones,Electronics,2400.42,19
2024-06-05,Tablet,Electronics,4411.95,11
2024-06-05,Smart Watch,Electronics,4366.44,18
2024-06-05,T-Shirt,Clothing,1243.55,55
2024-06-05,Jeans,Clothing,1798.84,33
2024-06-05,Jacket,Clothing,1306.28,15
2024-06-05,Sneakers,Clothing,1397.63,19
2024-06-05,Dress,Clothing,865.44,13
2024-06-05,Blender,Home & Kitchen,960.41,20
2024-06-05,Coffee Maker,Home & Kitchen,976.85,13
2024-06-05,Cookware Set,Home & Kitchen,1069.92,9
2024-06-05,Vacuum Cleaner,Home & Kitchen,1377.73,7
2024-06-05,Air Fryer,Home & Kitchen,1298.61,14
2024-06-05,Shampoo,Beauty,586.2,48
2024-06-05,Moisturizer,Beauty,983.56,36
2024-06-05,Lipstick,Beauty,572.96,31
2024-06-05,Perfume,Beauty,750.15,12
2024-06-05,Face Serum,Beauty,470.33,11
2024-06-06,Laptop,Electronics,5911.93,7
2024-06-06,Smartphone,Electronics,11525.42,19
2024-06-06,Headphones,Electronics,4035.21,32
2024-06-06,Tablet,Electronics,4145.23,10
2024-06-06,Smart Watch,Electronics,5354.51,21
2024-06-06,T-Shirt,Clothing,848.85,38
2024-06-06,Jeans,Clothing,2299.33,39
2024-06-06,Jacket,Clothing,1493.29,17
2024-06-06,Sneakers,Clothing,1792.92,22
2024-06-06,Dress,Clothing,682.17,10
2024-06-06,Blender,Home & Kitchen,748.11,16
2024-06-06,Coffee Maker,Home & Kitchen,1160.98,14
2024-06-06,Cookware Set,Home & Kitchen,855.65,7
2024-06-06,Vacuum Cleaner,Home & Kitchen,1362.3,7
2024-06-06,Air Fryer,Home & Kitchen,1671.78,20
2024-06-06,Shampoo,Beauty,501.92,44
2024-06-06,Moisturizer,Beauty,1168.32,41
2024-06-06,Lipstick,Beauty,544.74,31
2024-06-06,Perfume,Beauty,550.82,9
2024-06-06,Face Serum,Beauty,622.53,16
2024-06-07,Laptop,Electronics,7589.72,9
2024-06-07,Smartphone,Electronics,8380.43,14
2024-06-07,Headphones,Electronics,3597.3,28
2024-06-07,Tablet,Electronics,4479.62,11
2024-06-07,Smart Watch,Electronics,4191.46,17
2024-06-07,T-Shirt,Clothing,782.36,32
2024-06-07,Jeans,Clothing,1214.66,21
2024-06-07,Jacket,Clothing,1572.25,17
2024-06-07,Sneakers,Clothing,1899.67,25
2024-06-07,Dress,Clothing,852.06,13
2024-06-07,Blender,Home & Kitchen,1026.22,22
2024-06-07,Coffee Maker,Home & Kitchen,710.49,9
2024-06-07,Cookware Set,Home & Kitchen,1084.76,9
2024-06-07,Vacuum Cleaner,Home & Kitchen,1424.47,7
2024-06-07,Air Fryer,Home & Kitchen,1482.53,16
2024-06-07,Shampoo,Beauty,443.62,39
2024-06-07,Moisturizer,Beauty,990.91,35
2024-06-07,Lipstick,Beauty,563.68,31
2024-06-07,Perfume,Beauty,805.36,13
2024-06-07,Face Serum,Beauty,673.05,16
2024-06-08,Laptop,Electronics,5124.11,6
2024-06-08,Smartphone,Electronics,12566.08,19
2024-06-08,Headphones,Electronics,3355.08,28
2024-06-08,Tablet,Electronics,4883.59,13
2024-06-08,Smart Watch,Electronics,6899.86,27
2024-06-08,T-Shirt,Clothing,1420.92,60
2024-06-08,Jeans,Clothing,2344.63,43
2024-06-08,Jacket,Clothing,2917.47,35
2024-06-08,Sneakers,Clothing,2889.28,38
2024-06-08,Dress,Clothing,1421.32,21
2024-06-08,Blender,Home & Kitchen,901.3,19
2024-06-08,Coffee Maker,Home & Kitchen,615.77,8
2024-06-08,Cookware Set,Home & Kitchen,1317.96,11
2024-06-08,Vacuum Cleaner,Home & Kitchen,1128.54,6
2024-06-08,Air Fryer,Home & Kitchen,1411.24,16
2024-06-08,Shampoo,Beauty,540.31,43
2024-06-08,Moisturizer,Beauty,1414.86,53
2024-06-08,Lipstick,Beauty,700.22,41
2024-06-08,Perfume,Beauty,803.46,12
2024-06-08,Face Serum,Beauty,875.3,21
2024-06-09,Laptop,Electronics,10003.45,12
2024-06-09,Smartphone,Electronics,7958.25,13
2024-06-09,Headphones,Electronics,3432.88,27
2024-06-09,Tablet,Electronics,6791.29,18
2024-06-09,Smart Watch,Electronics,8514.94,35
2024-06-09,T-Shirt,Clothing,1314.01,57
2024-06-09,Jeans,Clothing,2766.01,49
2024-06-09,Jacket,Clothing,2135.86,23
2024-06-09,Sneakers,Clothing,1974.32,26
2024-06-09,Dress,Clothing,1633.81,23
2024-06-09,Blender,Home & Kitchen,1033.06,22
2024-06-09,Coffee Maker,Home & Kitchen,974.31,12
2024-06-09,Cookware Set,Home & Kitchen,1522.72,12
2024-06-09,Vacuum Cleaner,Home & Kitchen,1674.82,9
2024-06-09,Air Fryer,Home & Kitchen,1250.25,15
2024-06-09,Shampoo,Beauty,487.38,41
2024-06-09,Moisturizer,Beauty,1164.99,42
2024-06-09,Lipstick,Beauty,688.93,39
2024-06-09,Perfume,Beauty,723.34,12
2024-06-09,Face Serum,Beauty,804.49,19
2024-06-10,Laptop,Electronics,7699.08,9
2024-06-10,Smartphone,Electronics,9963.87,16
2024-06-10,Headphones,Electronics,5273.07,42
2024-06-10,Tablet,Electronics,5006.01,12
2024-06-10,Smart Watch,Electronics,4244.82,18
2024-06-10,T-Shirt,Clothing,1379.37,60
2024-06-10,Jeans,Clothing,1589.7,28
2024-06-10,Jacket,Clothing,2117.14,23
2024-06-10,Sneakers,Clothing,1607.86,22
2024-06-10,Dress,Clothing,1958.6,28
2024-06-10,Blender,Home & Kitchen,1301.45,27
2024-06-10,Coffee Maker,Home & Kitchen,1153.18,14
2024-06-10,Cookware Set,Home & Kitchen,1510.39,12
2024-06-10,Vacuum Cleaner,Home & Kitchen,1691.0,9
2024-06-10,Air Fryer,Home & Kitchen,1456.57,16
2024-06-10,Shampoo,Beauty,649.88,53
2024-06-10,Moisturizer,Beauty,1275.75,47
2024-06-10,Lipstick,Beauty,810.55,43
2024-06-10,Perfume,Beauty,1008.59,15
2024-06-10,Face Serum,Beauty,787.18,19
2024-06-11,Laptop,Electronics,7383.38,8
2024-06-11,Smartphone,Electronics,14713.32,22
2024-06-11,Headphones,Electronics,4536.37,34
2024-06-11,Tablet,Electronics,6573.08,16
2024-06-11,Smart Watch,Electronics,6716.92,27
2024-06-11,T-Shirt,Clothing,1332.93,57
2024-06-11,Jeans,Clothing,1374.45,25
2024-06-11,Jacket,Clothing,2757.46,31
2024-06-11,Sneakers,Clothing,2045.73,28
2024-06-11,Dress,Clothing,1287.21,18
2024-06-11,Blender,Home & Kitchen,1145.05,25
2024-06-11,Coffee Maker,Home & Kitchen,892.11,12
2024-06-11,Cookware Set,Home & Kitchen,1700.48,13
2024-06-11,Vacuum Cleaner,Home & Kitchen,1597.26,8
2024-06-11,Air Fryer,Home & Kitchen,1286.07,15
2024-06-11,Shampoo,Beauty,456.44,39
2024-06-11,Moisturizer,Beauty,1388.99,50
2024-06-11,Lipstick,Beauty,848.9,46
2024-06-11,Perfume,Beauty,695.48,11
2024-06-11,Face Serum,Beauty,836.66,19
2024-06-12,Laptop,Electronics,8799.08,10
2024-06-12,Smartphone,Electronics,11849.28,18
2024-06-12,Headphones,Electronics,5288.64,43
2024-06-12,Tablet,Electronics,5797.36,15
2024-06-12,Smart Watch,Electronics,5870.76,23
2024-06-12,T-Shirt,Clothing,1579.89,64
2024-06-12,Jeans,Clothing,2096.33,37
2024-06-12,Jacket,Clothing,1842.99,22
2024-06-12,Sneakers,Clothing,2068.58,27
2024-06-12,Dress,Clothing,1412.13,22
2024-06-12,Blender,Home & Kitchen,962.49,19
2024-06-12,Coffee Maker,Home & Kitchen,863.43,11
2024-06-12,Cookware Set,Home & Kitchen,1786.15,14
2024-06-12,Vacuum Cleaner,Home & Kitchen,1651.73,9
2024-06-12,Air Fryer,Home & Kitchen,1492.51,17
2024-06-12,Shampoo,Beauty,467.06,40
2024-06-12,Moisturizer,Beauty,1144.05,39
2024-06-12,Lipstick,Beauty,789.57,43
2024-06-12,Perfume,Beauty,876.04,13
2024-06-12,Face Serum,Beauty,1013.41,24
2024-06-13,Laptop,Electronics,9620.57,11
2024-06-13,Smartphone,Electronics,15650.08,23
2024-06-13,Headphones,Electronics,4406.54,36
2024-06-13,Tablet,Electronics,5373.05,14
2024-06-13,Smart Watch,Electronics,7420.37,32
2024-06-13,T-Shirt,Clothing,1178.4,47
2024-06-13,Jeans,Clothing,2395.65,40
2024-06-13,Jacket,Clothing,1247.2,15
2024-06-13,Sneakers,Clothing,1380.68,18
2024-06-13,Dress,Clothing,1018.59,15
2024-06-13,Blender,Home & Kitchen,980.97,21
2024-06-13,Coffee Maker,Home & Kitchen,730.83,10
2024-06-13,Cookware Set,Home & Kitchen,1310.15,11
2024-06-13,Vacuum Cleaner,Home & Kitchen,1616.52,8
2024-06-13,Air Fryer,Home & Kitchen,2260.03,27
2024-06-13,Shampoo,Beauty,453.56,37
2024-06-13,Moisturizer,Beauty,1233.1,47
2024-06-13,Lipstick,Beauty,826.98,46
2024-06-13,Perfume,Beauty,676.55,10
2024-06-13,Face Serum,Beauty,1107.38,26
2024-06-14,Laptop,Electronics,9990.85,11
2024-06-14,Smartphone,Electronics,15090.6,25
2024-06-14,Headphones,Electronics,3991.33,32
2024-06-14,Tablet,Electronics,4478.56,12
2024-06-14,Smart Watch,Electronics,4573.93,18
2024-06-14,T-Shirt,Clothing,817.93,33
2024-06-14,Jeans,Clothing,2231.13,39
2024-06-14,Jacket,Clothing,1757.7,19
2024-06-14,Sneakers,Clothing,1340.37,17
2024-06-14,Dress,Clothing,1263.3,18
2024-06-14,Blender,Home & Kitchen,1080.45,21
2024-06-14,Coffee Maker,Home & Kitchen,1514.65,19
2024-06-14,Cookware Set,Home & Kitchen,1353.07,11
2024-06-14,Vacuum Cleaner,Home & Kitchen,1588.02,8
2024-06-14,Air Fryer,Home & Kitchen,1623.9,18
2024-06-14,Shampoo,Beauty,633.48,56
2024-06-14,Moisturizer,Beauty,1054.66,40
2024-06-14,Lipstick,Beauty,823.36,44
2024-06-14,Perfume,Beauty,734.63,12
2024-06-14,Face Serum,Beauty,1048.15,25
2024-06-15,Laptop,Electronics,14599.97,16
2024-06-15,Smartphone,Electronics,15488.25,25
2024-06-15,Headphones,Electronics,5080.53,39
2024-06-15,Tablet,Electronics,6179.99,16
2024-06-15,Smart Watch,Electronics,5050.83,21
2024-06-15,T-Shirt,Clothing,2004.96,82
2024-06-15,Jeans,Clothing,3082.9,50
2024-06-15,Jacket,Clothing,2761.92,30
2024-06-15,Sneakers,Clothing,2823.39,36
2024-06-15,Dress,Clothing,2181.63,31
2024-06-15,Blender,Home & Kitchen,1125.54,24
2024-06-15,Coffee Maker,Home & Kitchen,1227.53,15
2024-06-15,Cookware Set,Home & Kitchen,2021.68,16
2024-06-15,Vacuum Cleaner,Home & Kitchen,1220.31,6
2024-06-15,Air Fryer,Home & Kitchen,1563.86,18
2024-06-15,Shampoo,Beauty,782.85,64
2024-06-15,Moisturizer,Beauty,1234.36,42
2024-06-15,Lipstick,Beauty,650.22,36
2024-06-15,Perfume,Beauty,700.36,11
2024-06-15,Face Serum,Beauty,809.33,20
2024-06-16,Laptop,Electronics,10004.45,12
2024-06-16,Smartphone,Electronics,14481.32,22
2024-06-16,Headphones,Electronics,4523.36,38
2024-06-16,Tablet,Electronics,4526.86,12
2024-06-16,Smart Watch,Electronics,6492.67,25
2024-06-16,T-Shirt,Clothing,2144.46,92
2024-06-16,Jeans,Clothing,3032.99,55
2024-06-16,Jacket,Clothing,2699.85,29
2024-06-16,Sneakers,Clothing,2895.64,39
2024-06-16,Dress,Clothing,1815.6,28
2024-06-16,Blender,Home & Kitchen,1135.07,23
2024-06-16,Coffee Maker,Home & Kitchen,1379.28,17
2024-06-16,Cookware Set,Home & Kitchen,2112.37,17
2024-06-16,Vacuum Cleaner,Home & Kitchen,2387.54,12
2024-06-16,Air Fryer,Home & Kitchen,1347.3,15
2024-06-16,Shampoo,Beauty,645.0,52
2024-06-16,Moisturizer,Beauty,1170.49,43
2024-06-16,Lipstick,Beauty,875.5,51
2024-06-16,Perfume,Beauty,932.49,15
2024-06-16,Face Serum,Beauty,1194.93,28
2024-06-17,Laptop,Electronics,8370.94,10
2024-06-17,Smartphone,Electronics,17304.98,26
2024-06-17,Headphones,Electronics,5186.84,41
2024-06-17,Tablet,Electronics,6949.33,18
2024-06-17,Smart Watch,Electronics,3703.31,16
2024-06-17,T-Shirt,Clothing,1309.18,56
2024-06-17,Jeans,Clothing,1689.41,31
2024-06-17,Jacket,Clothing,1747.65,20
2024-06-17,Sneakers,Clothing,2303.89,29
2024-06-17,Dress,Clothing,1234.96,18
2024-06-17,Blender,Home & Kitchen,995.36,21
2024-06-17,Coffee Maker,Home & Kitchen,1223.59,15
2024-06-17,Cookware Set,Home & Kitchen,1008.38,8
2024-06-17,Vacuum Cleaner,Home & Kitchen,1587.13,8
2024-06-17,Air Fryer,Home & Kitchen,2008.49,23
2024-06-17,Shampoo,Beauty,355.42,32
2024-06-17,Moisturizer,Beauty,1414.01,51
2024-06-17,Lipstick,Beauty,616.75,35
2024-06-17,Perfume,Beauty,719.71,12
2024-06-17,Face Serum,Beauty,969.88,23
2024-06-18,Laptop,Electronics,7342.66,8
2024-06-18,Smartphone,Electronics,11490.86,19
2024-06-18,Headphones,Electronics,2951.0,22
2024-06-18,Tablet,Electronics,5832.93,15
2024-06-18,Smart Watch,Electronics,5171.31,21
2024-06-18,T-Shirt,Clothing,919.97,41
2024-06-18,Jeans,Clothing,1988.86,33
2024-06-18,Jacket,Clothing,1280.22,15
2024-06-18,Sneakers,Clothing,1700.8,23
2024-06-18,Dress,Clothing,1142.82,16
2024-06-18,Blender,Home & Kitchen,1100.05,22
2024-06-18,Coffee Maker,Home & Kitchen,1180.42,15
2024-06-18,Cookware Set,Home & Kitchen,1201.51,10
2024-06-18,Vacuum Cleaner,Home & Kitchen,2254.85,11
2024-06-18,Air Fryer,Home & Kitchen,1922.8,22
2024-06-18,Shampoo,Beauty,478.63,39
2024-06-18,Moisturizer,Beauty,1873.24,71
2024-06-18,Lipstick,Beauty,795.16,47
2024-06-18,Perfume,Beauty,851.9,14
2024-06-18,Face Serum,Beauty,883.58,21
2024-06-19,Laptop,Electronics,7047.97,8
2024-06-19,Smartphone,Electronics,16183.81,25
2024-06-19,Headphones,Electronics,2554.01,21
2024-06-19,Tablet,Electronics,5557.85,14
2024-06-19,Smart Watch,Electronics,6835.48,29
2024-06-19,T-Shirt,Clothing,1043.61,45
2024-06-19,Jeans,Clothing,2127.38,38
2024-06-19,Jacket,Clothing,1797.35,21
2024-06-19,Sneakers,Clothing,2347.54,29
2024-06-19,Dress,Clothing,1478.16,23
2024-06-19,Blender,Home & Kitchen,1311.71,28
2024-06-19,Coffee Maker,Home & Kitchen,1398.12,18
2024-06-19,Cookware Set,Home & Kitchen,963.96,8
2024-06-19,Vacuum Cleaner,Home & Kitchen,1420.47,7
2024-06-19,Air Fryer,Home & Kitchen,1855.17,20
2024-06-19,Shampoo,Beauty,642.52,57
2024-06-19,Moisturizer,Beauty,1091.64,38
2024-06-19,Lipstick,Beauty,832.05,47
2024-06-19,Perfume,Beauty,1052.07,17
2024-06-19,Face Serum,Beauty,1004.18,24
2024-06-20,Laptop,Electronics,9304.92,11
2024-06-20,Smartphone,Electronics,12839.55,20
2024-06-20,Headphones,Electronics,3533.79,29
2024-06-20,Tablet,Electronics,8060.22,20
2024-06-20,Smart Watch,Electronics,3052.61,13
2024-06-20,T-Shirt,Clothing,1177.87,48
2024-06-20,Jeans,Clothing,1644.78,28
2024-06-20,Jacket,Clothing,1452.81,16
2024-06-20,Sneakers,Clothing,2023.88,27
2024-06-20,Dress,Clothing,1351.71,20
2024-06-20,Blender,Home & Kitchen,1066.75,21
2024-06-20,Coffee Maker,Home & Kitchen,1209.68,16
2024-06-20,Cookware Set,Home & Kitchen,1595.59,13
2024-06-20,Vacuum Cleaner,Home & Kitchen,1640.52,8
2024-06-20,Air Fryer,Home & Kitchen,1795.45,20
2024-06-20,Shampoo,Beauty,523.08,44
2024-06-20,Moisturizer,Beauty,1478.11,51
2024-06-20,Lipstick,Beauty,985.33,53
2024-06-20,Perfume,Beauty,961.16,16
2024-06-20,Face Serum,Beauty,1049.99,27
2024-06-21,Laptop,Electronics,6138.49,7
2024-06-21,Smartphone,Electronics,8361.15,14
2024-06-21,Headphones,Electronics,3422.62,27
2024-06-21,Tablet,Electronics,3940.99,10
2024-06-21,Smart Watch,Electronics,5488.03,22
2024-06-21,T-Shirt,Clothing,1126.73,45
2024-06-21,Jeans,Clothing,1405.87,23
2024-06-21,Jacket,Clothing,1700.24,19
2024-06-21,Sneakers,Clothing,1392.56,17
2024-06-21,Dress,Clothing,1354.29,20
2024-06-21,Blender,Home & Kitchen,802.64,17
2024-06-21,Coffee Maker,Home & Kitchen,752.55,10
2024-06-21,Cookware Set,Home & Kitchen,1316.25,10
2024-06-21,Vacuum Cleaner,Home & Kitchen,1345.99,7
2024-06-21,Air Fryer,Home & Kitchen,1305.13,14
2024-06-21,Shampoo,Beauty,440.56,35
2024-06-21,Moisturizer,Beauty,763.47,28
2024-06-21,Lipstick,Beauty,702.68,40
2024-06-21,Perfume,Beauty,837.27,14
2024-06-21,Face Serum,Beauty,854.27,20
2024-06-22,Laptop,Electronics,7100.95,8
2024-06-22,Smartphone,Electronics,14113.58,22
2024-06-22,Headphones,Electronics,4096.94,31
2024-06-22,Tablet,Electronics,3780.99,10
2024-06-22,Smart Watch,Electronics,5375.57,21
2024-06-22,T-Shirt,Clothing,1687.96,71
2024-06-22,Jeans,Clothing,1744.19,29
2024-06-22,Jacket,Clothing,1909.78,22
2024-06-22,Sneakers,Clothing,2924.94,36
2024-06-22,Dress,Clothing,1295.63,20
2024-06-22,Blender,Home & Kitchen,680.46,14
2024-06-22,Coffee Maker,Home & Kitchen,1291.16,16
2024-06-22,Cookware Set,Home & Kitchen,1100.83,9
2024-06-22,Vacuum Cleaner,Home & Kitchen,1674.75,9
2024-06-22,Air Fryer,Home & Kitchen,1940.34,22
2024-06-22,Shampoo,Beauty,454.44,37
2024-06-22,Moisturizer,Beauty,1229.37,43
2024-06-22,Lipstick,Beauty,727.62,41
2024-06-22,Perfume,Beauty,922.63,15
2024-06-22,Face Serum,Beauty,674.31,17
2024-06-23,Laptop,Electronics,4985.46,6
2024-06-23,Smartphone,Electronics,9780.09,16
2024-06-23,Headphones,Electronics,3392.51,28
2024-06-23,Tablet,Electronics,5553.65,15
2024-06-23,Smart Watch,Electronics,5804.37,23
2024-06-23,T-Shirt,Clothing,1666.67,75
2024-06-23,Jeans,Clothing,2316.02,39
2024-06-23,Jacket,Clothing,2347.8,27
2024-06-23,Sneakers,Clothing,2827.19,36
2024-06-23,Dress,Clothing,1994.37,29
2024-06-23,Blender,Home & Kitchen,1342.16,27
2024-06-23,Coffee Maker,Home & Kitchen,1115.07,14
2024-06-23,Cookware Set,Home & Kitchen,919.36,7
2024-06-23,Vacuum Cleaner,Home & Kitchen,1491.02,8
2024-06-23,Air Fryer,Home & Kitchen,1020.25,12
2024-06-23,Shampoo,Beauty,608.36,50
2024-06-23,Moisturizer,Beauty,1229.04,45
2024-06-23,Lipstick,Beauty,888.09,48
2024-06-23,Perfume,Beauty,734.26,12
2024-06-23,Face Serum,Beauty,876.85,20
2024-06-24,Laptop,Electronics,8356.81,9
2024-06-24,Smartphone,Electronics,6762.5,11
2024-06-24,Headphones,Electronics,3266.59,27
2024-06-24,Tablet,Electronics,2843.63,7
2024-06-24,Smart Watch,Electronics,4168.8,17
2024-06-24,T-Shirt,Clothing,1149.86,46
2024-06-24,Jeans,Clothing,1146.45,19
2024-06-24,Jacket,Clothing,1754.35,19
2024-06-24,Sneakers,Clothing,1633.47,22
2024-06-24,Dress,Clothing,1259.55,18
2024-06-24,Blender,Home & Kitchen,614.6,13
2024-06-24,Coffee Maker,Home & Kitchen,1379.87,17
2024-06-24,Cookware Set,Home & Kitchen,855.17,7
2024-06-24,Vacuum Cleaner,Home & Kitchen,1393.96,7
2024-06-24,Air Fryer,Home & Kitchen,1288.82,14
2024-06-24,Shampoo,Beauty,467.57,38
2024-06-24,Moisturizer,Beauty,1347.57,52
2024-06-24,Lipstick,Beauty,496.28,27
2024-06-24,Perfume,Beauty,946.47,14
2024-06-24,Face Serum,Beauty,817.2,19
2024-06-25,Laptop,Electronics,6790.9,8
2024-06-25,Smartphone,Electronics,10786.84,16
2024-06-25,Headphones,Electronics,3413.02,27
2024-06-25,Tablet,Electronics,3918.74,10
2024-06-25,Smart Watch,Electronics,4363.93,19
2024-06-25,T-Shirt,Clothing,1083.42,45
2024-06-25,Jeans,Clothing,2140.17,35
2024-06-25,Jacket,Clothing,1402.05,17
2024-06-25,Sneakers,Clothing,1172.31,15
2024-06-25,Dress,Clothing,1153.69,16
2024-06-25,Blender,Home & Kitchen,795.62,17
2024-06-25,Coffee Maker,Home & Kitchen,903.73,11
2024-06-25,Cookware Set,Home & Kitchen,1190.0,10
2024-06-25,Vacuum Cleaner,Home & Kitchen,1133.24,6
2024-06-25,Air Fryer,Home & Kitchen,1346.66,15
2024-06-25,Shampoo,Beauty,475.13,40
2024-06-25,Moisturizer,Beauty,1066.24,40
2024-06-25,Lipstick,Beauty,682.47,37
2024-06-25,Perfume,Beauty,732.87,12
2024-06-25,Face Serum,Beauty,708.43,17
2024-06-26,Laptop,Electronics,5334.85,6
2024-06-26,Smartphone,Electronics,10909.14,17
2024-06-26,Headphones,Electronics,3843.55,29
2024-06-26,Tablet,Electronics,3160.98,8
2024-06-26,Smart Watch,Electronics,3820.65,15
2024-06-26,T-Shirt,Clothing,877.07,38
2024-06-26,Jeans,Clothing,1782.68,32
2024-06-26,Jacket,Clothing,1323.02,15
2024-06-26,Sneakers,Clothing,1891.51,24
2024-06-26,Dress,Clothing,1119.18,16
2024-06-26,Blender,Home & Kitchen,817.91,16
2024-06-26,Coffee Maker,Home & Kitchen,1457.16,20
2024-06-26,Cookware Set,Home & Kitchen,854.57,7
2024-06-26,Vacuum Cleaner,Home & Kitchen,1323.07,7
2024-06-26,Air Fryer,Home & Kitchen,1091.44,13
2024-06-26,Shampoo,Beauty,461.37,41
2024-06-26,Moisturizer,Beauty,847.49,32
2024-06-26,Lipstick,Beauty,566.27,31
2024-06-26,Perfume,Beauty,605.01,10
2024-06-26,Face Serum,Beauty,598.16,15
2024-06-27,Laptop,Electronics,7864.33,9
2024-06-27,Smartphone,Electronics,8630.98,13
2024-06-27,Headphones,Electronics,2548.25,21
2024-06-27,Tablet,Electronics,3742.5,10
2024-06-27,Smart Watch,Electronics,4399.72,19
2024-06-27,T-Shirt,Clothing,1234.68,55
2024-06-27,Jeans,Clothing,1306.28,24
2024-06-27,Jacket,Clothing,1725.71,20
2024-06-27,Sneakers,Clothing,2094.02,27
2024-06-27,Dress,Clothing,1008.71,15
2024-06-27,Blender,Home & Kitchen,661.42,14
2024-06-27,Coffee Maker,Home & Kitchen,1094.41,15
2024-06-27,Cookware Set,Home & Kitchen,1419.35,11
2024-06-27,Vacuum Cleaner,Home & Kitchen,1244.55,6
2024-06-27,Air Fryer,Home & Kitchen,1933.72,21
2024-06-27,Shampoo,Beauty,400.69,34
2024-06-27,Moisturizer,Beauty,955.65,36
2024-06-27,Lipstick,Beauty,674.61,38
2024-06-27,Perfume,Beauty,865.2,14
2024-06-27,Face Serum,Beauty,699.92,17
2024-06-28,Laptop,Electronics,5839.25,7
2024-06-28,Smartphone,Electronics,10166.98,15
2024-06-28,Headphones,Electronics,2800.98,23
2024-06-28,Tablet,Electronics,6509.72,17
2024-06-28,Smart Watch,Electronics,5175.78,21
2024-06-28,T-Shirt,Clothing,1044.22,45
2024-06-28,Jeans,Clothing,1842.29,32
2024-06-28,Jacket,Clothing,1400.62,16
2024-06-28,Sneakers,Clothing,2128.43,26
2024-06-28,Dress,Clothing,1221.0,17
2024-06-28,Blender,Home & Kitchen,754.36,16
2024-06-28,Coffee Maker,Home & Kitchen,801.87,11
2024-06-28,Cookware Set,Home & Kitchen,840.06,7
2024-06-28,Vacuum Cleaner,Home & Kitchen,1516.47,8
2024-06-28,Air Fryer,Home & Kitchen,834.03,9
2024-06-28,Shampoo,Beauty,346.18,30
2024-06-28,Moisturizer,Beauty,1306.3,49
2024-06-28,Lipstick,Beauty,488.3,29
2024-06-28,Perfume,Beauty,666.75,10
2024-06-28,Face Serum,Beauty,985.92,23
2024-06-29,Laptop,Electronics,9478.26,11
2024-06-29,Smartphone,Electronics,12248.05,20
2024-06-29,Headphones,Electronics,5319.15,42
2024-06-29,Tablet,Electronics,5364.34,13
2024-06-29,Smart Watch,Electronics,5195.59,22
2024-06-29,T-Shirt,Clothing,1549.1,69
2024-06-29,Jeans,Clothing,2996.87,50
2024-06-29,Jacket,Clothing,1833.73,21
2024-06-29,Sneakers,Clothing,2130.35,27
2024-06-29,Dress,Clothing,1415.89,20
2024-06-29,Blender,Home & Kitchen,687.98,15
2024-06-29,Coffee Maker,Home & Kitchen,1000.77,13
2024-06-29,Cookware Set,Home & Kitchen,993.89,8
2024-06-29,Vacuum Cleaner,Home & Kitchen,941.19,5
2024-06-29,Air Fryer,Home & Kitchen,1251.97,14
2024-06-29,Shampoo,Beauty,480.51,39
2024-06-29,Moisturizer,Beauty,1373.85,48
2024-06-29,Lipstick,Beauty,809.81,47
2024-06-29,Perfume,Beauty,744.1,11
2024-06-29,Face Serum,Beauty,518.68,12
2024-06-30,Laptop,Electronics,7485.05,8
2024-06-30,Smartphone,Electronics,17111.77,28
2024-06-30,Headphones,Electronics,4456.54,35
2024-06-30,Tablet,Electronics,5718.92,14
2024-06-30,Smart Watch,Electronics,5383.05,22
2024-06-30,T-Shirt,Clothing,1732.01,78
2024-06-30,Jeans,Clothing,2021.08,34
2024-06-30,Jacket,Clothing,2699.83,31
2024-06-30,Sneakers,Clothing,2759.81,34
2024-06-30,Dress,Clothing,1853.63,27
2024-06-30,Blender,Home & Kitchen,960.98,19
2024-06-30,Coffee Maker,Home & Kitchen,774.61,10
2024-06-30,Cookware Set,Home & Kitchen,960.6,8
2024-06-30,Vacuum Cleaner,Home & Kitchen,1591.02,8
2024-06-30,Air Fryer,Home & Kitchen,1663.87,18
2024-06-30,Shampoo,Beauty,479.65,41
2024-06-30,Moisturizer,Beauty,1058.77,40
2024-06-30,Lipstick,Beauty,923.34,49
2024-06-30,Perfume,Beauty,860.52,13
2024-06-30,Face Serum,Beauty,665.17,16
2024-07-01,Laptop,Electronics,10301.39,11
2024-07-01,Smartphone,Electronics,15501.17,23
2024-07-01,Headphones,Electronics,3568.76,27
2024-07-01,Tablet,Electronics,5132.95,13
2024-07-01,Smart Watch,Electronics,6405.91,25
2024-07-01,T-Shirt,Clothing,1242.67,54
2024-07-01,Jeans,Clothing,1305.53,23
2024-07-01,Jacket,Clothing,1965.53,24
2024-07-01,Sneakers,Clothing,1256.24,17
2024-07-01,Dress,Clothing,1166.02,18
2024-07-01,Blender,Home & Kitchen,688.28,15
2024-07-01,Coffee Maker,Home & Kitchen,1134.19,15
2024-07-01,Cookware Set,Home & Kitchen,1164.77,9
2024-07-01,Vacuum Cleaner,Home & Kitchen,1461.13,7
2024-07-01,Air Fryer,Home & Kitchen,1763.75,19
2024-07-01,Shampoo,Beauty,423.44,34
2024-07-01,Moisturizer,Beauty,983.47,38
2024-07-01,Lipstick,Beauty,553.27,30
2024-07-01,Perfume,Beauty,735.51,12
2024-07-01,Face Serum,Beauty,1228.29,28
2024-07-02,Laptop,Electronics,6388.89,7
2024-07-02,Smartphone,Electronics,12809.97,19
2024-07-02,Headphones,Electronics,4196.38,34
2024-07-02,Tablet,Electronics,3030.49,8
2024-07-02,Smart Watch,Electronics,4770.0,19
2024-07-02,T-Shirt,Clothing,862.17,39
2024-07-02,Jeans,Clothing,1248.52,23
2024-07-02,Jacket,Clothing,1781.45,20
2024-07-02,Sneakers,Clothing,1693.49,23
2024-07-02,Dress,Clothing,1556.61,22
2024-07-02,Blender,Home & Kitchen,1014.08,22
2024-07-02,Coffee Maker,Home & Kitchen,961.06,13
2024-07-02,Cookware Set,Home & Kitchen,1381.57,11
2024-07-02,Vacuum Cleaner,Home & Kitchen,1287.05,7
2024-07-02,Air Fryer,Home & Kitchen,1521.63,18
2024-07-02,Shampoo,Beauty,362.56,32
2024-07-02,Moisturizer,Beauty,1049.93,40
2024-07-02,Lipstick,Beauty,735.34,40
2024-07-02,Perfume,Beauty,742.38,12
2024-07-02,Face Serum,Beauty,644.15,16
2024-07-03,Laptop,Electronics,7490.59,9
2024-07-03,Smartphone,Electronics,9941.75,16
2024-07-03,Headphones,Electronics,3162.89,26
2024-07-03,Tablet,Electronics,5156.38,14
2024-07-03,Smart Watch,Electronics,6340.0,25
2024-07-03,T-Shirt,Clothing,1237.99,50
2024-07-03,Jeans,Clothing,1466.34,25
2024-07-03,Jacket,Clothing,1611.94,18
2024-07-03,Sneakers,Clothing,1795.63,23
2024-07-03,Dress,Clothing,1012.09,15
2024-07-03,Blender,Home & Kitchen,1197.83,26
2024-07-03,Coffee Maker,Home & Kitchen,972.39,12
2024-07-03,Cookware Set,Home & Kitchen,1202.82,10
2024-07-03,Vacuum Cleaner,Home & Kitchen,1036.36,5
2024-07-03,Air Fryer,Home & Kitchen,1770.76,20
2024-07-03,Shampoo,Beauty,675.91,56
2024-07-03,Moisturizer,Beauty,957.17,34
2024-07-03,Lipstick,Beauty,504.57,28
2024-07-03,Perfume,Beauty,721.77,12
2024-07-03,Face Serum,Beauty,1035.95,25
2024-07-04,Laptop,Electronics,6410.87,7
2024-07-04,Smartphone,Electronics,11102.42,17
2024-07-04,Headphones,Electronics,3799.4,29
2024-07-04,Tablet,Electronics,4715.86,12
2024-07-04,Smart Watch,Electronics,5391.98,23
2024-07-04,T-Shirt,Clothing,1401.15,61
2024-07-04,Jeans,Clothing,2014.08,36
2024-07-04,Jacket,Clothing,1545.32,18
2024-07-04,Sneakers,Clothing,1246.8,17
2024-07-04,Dress,Clothing,1477.14,21
2024-07-04,Blender,Home & Kitchen,871.74,18
2024-07-04,Coffee Maker,Home & Kitchen,993.01,13
2024-07-04,Cookware Set,Home & Kitchen,1575.24,12
2024-07-04,Vacuum Cleaner,Home & Kitchen,1656.23,9
2024-07-04,Air Fryer,Home & Kitchen,1599.59,19
2024-07-04,Shampoo,Beauty,655.38,57
2024-07-04,Moisturizer,Beauty,719.23,25
2024-07-04,Lipstick,Beauty,631.94,37
2024-07-04,Perfume,Beauty,735.59,11
2024-07-04,Face Serum,Beauty,589.17,15
2024-07-05,Laptop,Electronics,7355.39,8
2024-07-05,Smartphone,Electronics,9647.01,16
2024-07-05,Headphones,Electronics,3643.22,28
2024-07-05,Tablet,Electronics,5206.2,13
2024-07-05,Smart Watch,Electronics,4393.51,18
2024-07-05,T-Shirt,Clothing,1381.94,56
2024-07-05,Jeans,Clothing,2034.03,36
2024-07-05,Jacket,Clothing,1095.92,12
2024-07-05,Sneakers,Clothing,2014.22,25
2024-07-05,Dress,Clothing,1105.37,16
2024-07-05,Blender,Home & Kitchen,1214.37,24
2024-07-05,Coffee Maker,Home & Kitchen,1035.67,13
2024-07-05,Cookware Set,Home & Kitchen,1170.33,9
2024-07-05,Vacuum Cleaner,Home & Kitchen,1184.28,6
2024-07-05,Air Fryer,Home & Kitchen,1498.91,17
2024-07-05,Shampoo,Beauty,452.02,39
2024-07-05,Moisturizer,Beauty,877.07,33
2024-07-05,Lipstick,Beauty,471.39,28
2024-07-05,Perfume,Beauty,785.05,13
2024-07-05,Face Serum,Beauty,559.4,14
2024-07-06,Laptop,Electronics,6378.8,7
2024-07-06,Smartphone,Electronics,17433.04,26
2024-07-06,Headphones,Electronics,3273.04,27
2024-07-06,Tablet,Electronics,6155.31,16
2024-07-06,Smart Watch,Electronics,6690.16,26
2024-07-06,T-Shirt,Clothing,1571.42,65
2024-07-06,Jeans,Clothing,3509.42,59
2024-07-06,Jacket,Clothing,2809.33,32
2024-07-06,Sneakers,Clothing,2481.83,33
2024-07-06,Dress,Clothing,1532.63,22
2024-07-06,Blender,Home & Kitchen,1050.86,22
2024-07-06,Coffee Maker,Home & Kitchen,1261.07,16
2024-07-06,Cookware Set,Home & Kitchen,1327.21,11
2024-07-06,Vacuum Cleaner,Home & Kitchen,1562.86,8
2024-07-06,Air Fryer,Home & Kitchen,1701.68,20
2024-07-06,Shampoo,Beauty,560.64,48
2024-07-06,Moisturizer,Beauty,1147.49,42
2024-07-06,Lipstick,Beauty,594.7,34
2024-07-06,Perfume,Beauty,892.96,14
2024-07-06,Face Serum,Beauty,701.48,16
2024-07-07,Laptop,Electronics,10670.82,12
2024-07-07,Smartphone,Electronics,12690.56,21
2024-07-07,Headphones,Electronics,4685.69,38
2024-07-07,Tablet,Electronics,6081.35,15
2024-07-07,Smart Watch,Electronics,7067.16,28
2024-07-07,T-Shirt,Clothing,1528.04,64
2024-07-07,Jeans,Clothing,2535.91,44
2024-07-07,Jacket,Clothing,2687.49,30
2024-07-07,Sneakers,Clothing,2610.94,34
2024-07-07,Dress,Clothing,1830.39,26
2024-07-07,Blender,Home & Kitchen,795.83,17
2024-07-07,Coffee Maker,Home & Kitchen,771.24,10
2024-07-07,Cookware Set,Home & Kitchen,1190.1,9
2024-07-07,Vacuum Cleaner,Home & Kitchen,945.3,5
2024-07-07,Air Fryer,Home & Kitchen,1195.36,13
2024-07-07,Shampoo,Beauty,566.22,51
2024-07-07,Moisturizer,Beauty,1258.5,45
2024-07-07,Lipstick,Beauty,629.61,37
2024-07-07,Perfume,Beauty,863.69,13
2024-07-07,Face Serum,Beauty,641.17,15
2024-07-08,Laptop,Electronics,7181.53,8
2024-07-08,Smartphone,Electronics,8219.61,13
2024-07-08,Headphones,Electronics,4011.08,30
2024-07-08,Tablet,Electronics,4673.26,12
2024-07-08,Smart Watch,Electronics,5031.73,21
2024-07-08,T-Shirt,Clothing,977.99,44
2024-07-08,Jeans,Clothing,1638.22,30
2024-07-08,Jacket,Clothing,1519.8,17
2024-07-08,Sneakers,Clothing,1313.15,17
2024-07-08,Dress,Clothing,1123.42,17
2024-07-08,Blender,Home & Kitchen,917.13,20
2024-07-08,Coffee Maker,Home & Kitchen,749.98,10
2024-07-08,Cookware Set,Home & Kitchen,831.12,7
2024-07-08,Vacuum Cleaner,Home & Kitchen,1677.6,9
2024-07-08,Air Fryer,Home & Kitchen,1577.2,19
2024-07-08,Shampoo,Beauty,420.4,38
2024-07-08,Moisturizer,Beauty,702.37,25
2024-07-08,Lipstick,Beauty,622.09,35
2024-07-08,Perfume,Beauty,1037.31,17
2024-07-08,Face Serum,Beauty,774.84,18
2024-07-09,Laptop,Electronics,7583.27,9
2024-07-09,Smartphone,Electronics,9934.45,16
2024-07-09,Headphones,Electronics,3154.23,26
2024-07-09,Tablet,Electronics,4713.11,12
2024-07-09,Smart Watch,Electronics,4888.66,20
2024-07-09,T-Shirt,Clothing,968.27,41
2024-07-09,Jeans,Clothing,1604.89,28
2024-07-09,Jacket,Clothing,1555.99,17
2024-07-09,Sneakers,Clothing,1050.02,14
2024-07-09,Dress,Clothing,1581.94,23
2024-07-09,Blender,Home & Kitchen,949.56,19
2024-07-09,Coffee Maker,Home & Kitchen,1090.73,15
2024-07-09,Cookware Set,Home & Kitchen,1288.2,10
2024-07-09,Vacuum Cleaner,Home & Kitchen,1217.16,6
2024-07-09,Air Fryer,Home & Kitchen,1614.65,18
2024-07-09,Shampoo,Beauty,335.42,29
2024-07-09,Moisturizer,Beauty,1086.66,41
2024-07-09,Lipstick,Beauty,712.74,39
2024-07-09,Perfume,Beauty,728.04,11
2024-07-09,Face Serum,Beauty,775.11,18
2024-07-10,Laptop,Electronics,4581.92,5
2024-07-10,Smartphone,Electronics,12207.14,18
2024-07-10,Headphones,Electronics,3035.56,23
2024-07-10,Tablet,Electronics,4551.29,12
2024-07-10,Smart Watch,Electronics,4641.04,19
2024-07-10,T-Shirt,Clothing,977.49,42
2024-07-10,Jeans,Clothing,1793.67,29
2024-07-10,Jacket,Clothing,1342.21,16
2024-07-10,Sneakers,Clothing,1577.23,20
2024-07-10,Dress,Clothing,1443.18,21
2024-07-10,Blender,Home & Kitchen,973.87,21
2024-07-10,Coffee Maker,Home & Kitchen,884.7,11
2024-07-10,Cookware Set,Home & Kitchen,1070.42,9
2024-07-10,Vacuum Cleaner,Home & Kitchen,1166.64,6
2024-07-10,Air Fryer,Home & Kitchen,1190.39,14
2024-07-10,Shampoo,Beauty,452.6,36
2024-07-10,Moisturizer,Beauty,1087.35,38
2024-07-10,Lipstick,Beauty,412.78,24
2024-07-10,Perfume,Beauty,659.82,10
2024-07-10,Face Serum,Beauty,583.51,15
2024-07-11,Laptop,Electronics,8959.1,10
2024-07-11,Smartphone,Electronics,10367.58,16
2024-07-11,Headphones,Electronics,3289.82,25
2024-07-11,Tablet,Electronics,3832.58,10
2024-07-11,Smart Watch,Electronics,4933.09,19
2024-07-11,T-Shirt,Clothing,1004.92,40
2024-07-11,Jeans,Clothing,1565.98,27
2024-07-11,Jacket,Clothing,1500.8,18
2024-07-11,Sneakers,Clothing,1171.48,16
2024-07-11,Dress,Clothing,1115.41,17
2024-07-11,Blender,Home & Kitchen,663.52,14
2024-07-11,Coffee Maker,Home & Kitchen,1301.12,17
2024-07-11,Cookware Set,Home & Kitchen,1121.34,9
2024-07-11,Vacuum Cleaner,Home & Kitchen,1394.05,7
2024-07-11,Air Fryer,Home & Kitchen,1461.98,16
2024-07-11,Shampoo,Beauty,468.52,38
2024-07-11,Moisturizer,Beauty,954.62,33
2024-07-11,Lipstick,Beauty,646.69,35
2024-07-11,Perfume,Beauty,706.71,11
2024-07-11,Face Serum,Beauty,582.62,14
2024-07-12,Laptop,Electronics,5292.54,6
2024-07-12,Smartphone,Electronics,12140.13,19
2024-07-12,Headphones,Electronics,2978.08,23
2024-07-12,Tablet,Electronics,4147.05,11
2024-07-12,Smart Watch,Electronics,5178.58,20
2024-07-12,T-Shirt,Clothing,915.74,38
2024-07-12,Jeans,Clothing,1654.41,28
2024-07-12,Jacket,Clothing,1515.4,17
2024-07-12,Sneakers,Clothing,1568.9,20
2024-07-12,Dress,Clothing,1290.77,18
2024-07-12,Blender,Home & Kitchen,791.68,17
2024-07-12,Coffee Maker,Home & Kitchen,809.68,11
2024-07-12,Cookware Set,Home & Kitchen,1065.62,8
2024-07-12,Vacuum Cleaner,Home & Kitchen,1408.95,7
2024-07-12,Air Fryer,Home & Kitchen,1479.86,17
2024-07-12,Shampoo,Beauty,443.11,37
2024-07-12,Moisturizer,Beauty,1108.51,43
2024-07-12,Lipstick,Beauty,580.62,35
2024-07-12,Perfume,Beauty,658.16,11
2024-07-12,Face Serum,Beauty,701.1,17
2024-07-13,Laptop,Electronics,6803.06,8
2024-07-13,Smartphone,Electronics,11983.77,18
2024-07-13,Headphones,Electronics,3469.81,28
2024-07-13,Tablet,Electronics,4929.66,13
2024-07-13,Smart Watch,Electronics,7799.21,32
2024-07-13,T-Shirt,Clothing,1650.4,67
2024-07-13,Jeans,Clothing,1835.84,32
2024-07-13,Jacket,Clothing,2137.88,23
2024-07-13,Sneakers,Clothing,2486.35,30
2024-07-13,Dress,Clothing,1580.4,24
2024-07-13,Blender,Home & Kitchen,553.12,12
2024-07-13,Coffee Maker,Home & Kitchen,1061.64,14
2024-07-13,Cookware Set,Home & Kitchen,1405.12,11
2024-07-13,Vacuum Cleaner,Home & Kitchen,1215.02,6
2024-07-13,Air Fryer,Home & Kitchen,1630.12,19
2024-07-13,Shampoo,Beauty,528.63,43
2024-07-13,Moisturizer,Beauty,1027.11,37
2024-07-13,Lipstick,Beauty,562.49,32
2024-07-13,Perfume,Beauty,940.18,14
2024-07-13,Face Serum,Beauty,731.92,17
2024-07-14,Laptop,Electronics,8958.64,10
2024-07-14,Smartphone,Electronics,10106.17,16
2024-07-14,Headphones,Electronics,3671.27,28
2024-07-14,Tablet,Electronics,5358.23,14
2024-07-14,Smart Watch,Electronics,6805.9,28
2024-07-14,T-Shirt,Clothing,1961.04,81
2024-07-14,Jeans,Clothing,2876.48,50
2024-07-14,Jacket,Clothing,3423.64,41
2024-07-14,Sneakers,Clothing,2614.0,32
2024-07-14,Dress,Clothing,1365.99,19
2024-07-14,Blender,Home & Kitchen,846.16,17
2024-07-14,Coffee Maker,Home & Kitchen,1274.87,16
2024-07-14,Cookware Set,Home & Kitchen,1071.49,9
2024-07-14,Vacuum Cleaner,Home & Kitchen,980.03,5
2024-07-14,Air Fryer,Home & Kitchen,1237.03,15
2024-07-14,Shampoo,Beauty,635.52,51
2024-07-14,Moisturizer,Beauty,1060.56,39
2024-07-14,Lipstick,Beauty,865.89,48
2024-07-14,Perfume,Beauty,1148.94,17
2024-07-14,Face Serum,Beauty,762.75,19
2024-07-15,Laptop,Electronics,9439.98,11
2024-07-15,Smartphone,Electronics,16302.36,24
2024-07-15,Headphones,Electronics,4006.17,32
2024-07-15,Tablet,Electronics,5159.48,13
2024-07-15,Smart Watch,Electronics,4881.48,20
2024-07-15,T-Shirt,Clothing,1061.38,45
2024-07-15,Jeans,Clothing,1552.73,26
2024-07-15,Jacket,Clothing,1664.79,19
2024-07-15,Sneakers,Clothing,1093.98,14
2024-07-15,Dress,Clothing,1437.49,20
2024-07-15,Blender,Home & Kitchen,1246.63,25
2024-07-15,Coffee Maker,Home & Kitchen,651.45,8
2024-07-15,Cookware Set,Home & Kitchen,1252.9,10
2024-07-15,Vacuum Cleaner,Home & Kitchen,1782.62,9
2024-07-15,Air Fryer,Home & Kitchen,1228.31,15
2024-07-15,Shampoo,Beauty,424.33,37
2024-07-15,Moisturizer,Beauty,963.38,35
2024-07-15,Lipstick,Beauty,550.44,30
2024-07-15,Perfume,Beauty,705.37,11
2024-07-15,Face Serum,Beauty,834.62,20
2024-07-16,Laptop,Electronics,5110.31,6
2024-07-16,Smartphone,Electronics,9162.95,14
2024-07-16,Headphones,Electronics,2775.61,22
2024-07-16,Tablet,Electronics,3170.2,8
2024-07-16,Smart Watch,Electronics,5663.29,22
2024-07-16,T-Shirt,Clothing,1098.14,47
2024-07-16,Jeans,Clothing,1800.36,31
2024-07-16,Jacket,Clothing,1074.49,12
2024-07-16,Sneakers,Clothing,1902.8,23
2024-07-16,Dress,Clothing,1320.01,19
2024-07-16,Blender,Home & Kitchen,867.11,19
2024-07-16,Coffee Maker,Home & Kitchen,873.95,12
2024-07-16,Cookware Set,Home & Kitchen,1124.44,9
2024-07-16,Vacuum Cleaner,Home & Kitchen,1392.99,7
2024-07-16,Air Fryer,Home & Kitchen,1434.82,16
2024-07-16,Shampoo,Beauty,375.68,34
2024-07-16,Moisturizer,Beauty,672.31,26
2024-07-16,Lipstick,Beauty,559.61,31
2024-07-16,Perfume,Beauty,945.32,15
2024-07-16,Face Serum,Beauty,461.21,11
2024-07-17,Laptop,Electronics,7445.31,8
2024-07-17,Smartphone,Electronics,14007.71,22
2024-07-17,Headphones,Electronics,3459.62,29
2024-07-17,Tablet,Electronics,5267.0,13
2024-07-17,Smart Watch,Electronics,5568.46,23
2024-07-17,T-Shirt,Clothing,799.15,33
2024-07-17,Jeans,Clothing,2085.4,34
2024-07-17,Jacket,Clothing,1890.4,22
2024-07-17,Sneakers,Clothing,1308.25,16
2024-07-17,Dress,Clothing,949.38,14
2024-07-17,Blender,Home & Kitchen,838.98,17
2024-07-17,Coffee Maker,Home & Kitchen,874.1,11
2024-07-17,Cookware Set,Home & Kitchen,1018.82,8
2024-07-17,Vacuum Cleaner,Home & Kitchen,1171.86,6
2024-07-17,Air Fryer,Home & Kitchen,1488.76,17
2024-07-17,Shampoo,Beauty,555.66,46
2024-07-17,Moisturizer,Beauty,965.73,33
2024-07-17,Lipstick,Beauty,729.56,40
2024-07-17,Perfume,Beauty,604.55,10
2024-07-17,Face Serum,Beauty,504.39,13
2024-07-18,Laptop,Electronics,7303.4,8
2024-07-18,Smartphone,Electronics,10851.28,16
2024-07-18,Headphones,Electronics,3479.97,26
2024-07-18,Tablet,Electronics,4409.07,12
2024-07-18,Smart Watch,Electronics,4736.49,20
2024-07-18,T-Shirt,Clothing,1015.67,42
2024-07-18,Jeans,Clothing,1902.21,32
2024-07-18,Jacket,Clothing,1719.96,19
2024-07-18,Sneakers,Clothing,1543.71,19
2024-07-18,Dress,Clothing,932.76,14
2024-07-18,Blender,Home & Kitchen,622.5,13
2024-07-18,Coffee Maker,Home & Kitchen,692.52,9
2024-07-18,Cookware Set,Home & Kitchen,1084.89,9
2024-07-18,Vacuum Cleaner,Home & Kitchen,1621.2,8
2024-07-18,Air Fryer,Home & Kitchen,1206.6,13
2024-07-18,Shampoo,Beauty,532.19,43
2024-07-18,Moisturizer,Beauty,1057.34,39
2024-07-18,Lipstick,Beauty,529.01,29
2024-07-18,Perfume,Beauty,720.86,11
2024-07-18,Face Serum,Beauty,701.1,16
2024-07-19,Laptop,Electronics,6529.15,7
2024-07-19,Smartphone,Electronics,11260.63,18
2024-07-19,Headphones,Electronics,3498.79,29
2024-07-19,Tablet,Electronics,4185.55,10
2024-07-19,Smart Watch,Electronics,3903.84,16
2024-07-19,T-Shirt,Clothing,1183.66,51
2024-07-19,Jeans,Clothing,1152.41,21
2024-07-19,Jacket,Clothing,1515.43,18
2024-07-19,Sneakers,Clothing,1377.51,17
2024-07-19,Dress,Clothing,824.13,12
2024-07-19,Blender,Home & Kitchen,772.81,16
2024-07-19,Coffee Maker,Home & Kitchen,927.6,12
2024-07-19,Cookware Set,Home & Kitchen,991.16,8
2024-07-19,Vacuum Cleaner,Home & Kitchen,930.36,5
2024-07-19,Air Fryer,Home & Kitchen,918.35,11
2024-07-19,Shampoo,Beauty,564.86,50
2024-07-19,Moisturizer,Beauty,1095.88,40
2024-07-19,Lipstick,Beauty,519.8,29
2024-07-19,Perfume,Beauty,747.86,12
2024-07-19,Face Serum,Beauty,664.96,16
2024-07-20,Laptop,Electronics,9273.51,11
2024-07-20,Smartphone,Electronics,12518.59,19
2024-07-20,Headphones,Electronics,4685.4,35
2024-07-20,Tablet,Electronics,4465.79,12
2024-07-20,Smart Watch,Electronics,6222.78,24
2024-07-20,T-Shirt,Clothing,1864.69,76
2024-07-20,Jeans,Clothing,2504.96,43
2024-07-20,Jacket,Clothing,3069.34,37
2024-07-20,Sneakers,Clothing,2685.7,35
2024-07-20,Dress,Clothing,1598.61,25
2024-07-20,Blender,Home & Kitchen,841.33,17
2024-07-20,Coffee Maker,Home & Kitchen,1011.1,13
2024-07-20,Cookware Set,Home & Kitchen,1493.07,12
2024-07-20,Vacuum Cleaner,Home & Kitchen,1405.92,7
2024-07-20,Air Fryer,Home & Kitchen,1146.55,14
2024-07-20,Shampoo,Beauty,465.65,41
2024-07-20,Moisturizer,Beauty,1129.58,40
2024-07-20,Lipstick,Beauty,753.2,43
2024-07-20,Perfume,Beauty,1102.33,17
2024-07-20,Face Serum,Beauty,603.57,14
2024-07-21,Laptop,Electronics,5554.43,6
2024-07-21,Smartphone,Electronics,12878.64,20
2024-07-21,Headphones,Electronics,3271.89,25
2024-07-21,Tablet,Electronics,5400.88,14
2024-07-21,Smart Watch,Electronics,6150.05,25
2024-07-21,T-Shirt,Clothing,1400.72,60
2024-07-21,Jeans,Clothing,2622.59,46
2024-07-21,Jacket,Clothing,2017.66,23
2024-07-21,Sneakers,Clothing,1967.45,27
2024-07-21,Dress,Clothing,1274.8,20
2024-07-21,Blender,Home & Kitchen,836.42,17
2024-07-21,Coffee Maker,Home & Kitchen,1067.24,13
2024-07-21,Cookware Set,Home & Kitchen,1223.29,10
2024-07-21,Vacuum Cleaner,Home & Kitchen,1484.7,8
2024-07-21,Air Fryer,Home & Kitchen,1664.58,18
2024-07-21,Shampoo,Beauty,563.79,46
2024-07-21,Moisturizer,Beauty,1656.46,57
2024-07-21,Lipstick,Beauty,651.15,39
2024-07-21,Perfume,Beauty,884.02,14
2024-07-21,Face Serum,Beauty,581.13,14
2024-07-22,Laptop,Electronics,7362.23,8
2024-07-22,Smartphone,Electronics,10621.76,16
2024-07-22,Headphones,Electronics,2731.62,23
2024-07-22,Tablet,Electronics,5463.54,14
2024-07-22,Smart Watch,Electronics,6952.92,27
2024-07-22,T-Shirt,Clothing,1076.2,47
2024-07-22,Jeans,Clothing,1045.6,19
2024-07-22,Jacket,Clothing,1368.01,15
2024-07-22,Sneakers,Clothing,1196.08,15
2024-07-22,Dress,Clothing,981.91,15
2024-07-22,Blender,Home & Kitchen,905.93,18
2024-07-22,Coffee Maker,Home & Kitchen,668.93,9
2024-07-22,Cookware Set,Home & Kitchen,1456.45,12
2024-07-22,Vacuum Cleaner,Home & Kitchen,999.16,5
2024-07-22,Air Fryer,Home & Kitchen,1454.63,16
2024-07-22,Shampoo,Beauty,582.81,48
2024-07-22,Moisturizer,Beauty,1041.23,38
2024-07-22,Lipstick,Beauty,494.1,29
2024-07-22,Perfume,Beauty,587.02,9
2024-07-22,Face Serum,Beauty,746.65,17
2024-07-23,Laptop,Electronics,7577.09,9
2024-07-23,Smartphone,Electronics,10930.68,17
2024-07-23,Headphones,Electronics,2831.89,21
2024-07-23,Tablet,Electronics,4075.64,11
2024-07-23,Smart Watch,Electronics,3780.24,16
2024-07-23,T-Shirt,Clothing,822.63,36
2024-07-23,Jeans,Clothing,1315.84,22
2024-07-23,Jacket,Clothing,1346.73,16
2024-07-23,Sneakers,Clothing,1619.04,20
2024-07-23,Dress,Clothing,650.92,9
2024-07-23,Blender,Home & Kitchen,859.58,17
2024-07-23,Coffee Maker,Home & Kitchen,944.37,12
2024-07-23,Cookware Set,Home & Kitchen,1009.85,8
2024-07-23,Vacuum Cleaner,Home & Kitchen,1434.06,7
2024-07-23,Air Fryer,Home & Kitchen,1329.18,15
2024-07-23,Shampoo,Beauty,563.34,46
2024-07-23,Moisturizer,Beauty,784.32,28
2024-07-23,Lipstick,Beauty,446.39,26
2024-07-23,Perfume,Beauty,781.46,12
2024-07-23,Face Serum,Beauty,788.07,18
2024-07-24,Laptop,Electronics,6989.89,8
2024-07-24,Smartphone,Electronics,12242.74,18
2024-07-24,Headphones,Electronics,2425.3,18
2024-07-24,Tablet,Electronics,5669.42,15
2024-07-24,Smart Watch,Electronics,5545.87,23
2024-07-24,T-Shirt,Clothing,714.78,32
2024-07-24,Jeans,Clothing,1429.63,25
2024-07-24,Jacket,Clothing,1443.93,16
2024-07-24,Sneakers,Clothing,1426.64,19
2024-07-24,Dress,Clothing,939.75,14
2024-07-24,Blender,Home & Kitchen,666.33,14
2024-07-24,Coffee Maker,Home & Kitchen,977.37,12
2024-07-24,Cookware Set,Home & Kitchen,1358.51,11
2024-07-24,Vacuum Cleaner,Home & Kitchen,1154.94,6
2024-07-24,Air Fryer,Home & Kitchen,1430.3,16
2024-07-24,Shampoo,Beauty,453.2,37
2024-07-24,Moisturizer,Beauty,1105.03,40
2024-07-24,Lipstick,Beauty,536.67,32
2024-07-24,Perfume,Beauty,602.83,10
2024-07-24,Face Serum,Beauty,608.89,15
2024-07-25,Laptop,Electronics,7790.7,9
2024-07-25,Smartphone,Electronics,10831.49,16
2024-07-25,Headphones,Electronics,2898.32,24
2024-07-25,Tablet,Electronics,4885.38,13
2024-07-25,Smart Watch,Electronics,5774.47,24
2024-07-25,T-Shirt,Clothing,706.08,29
2024-07-25,Jeans,Clothing,1178.7,21
2024-07-25,Jacket,Clothing,1646.95,19
2024-07-25,Sneakers,Clothing,1512.94,20
2024-07-25,Dress,Clothing,1334.26,19
2024-07-25,Blender,Home & Kitchen,642.91,13
2024-07-25,Coffee Maker,Home & Kitchen,915.41,12
2024-07-25,Cookware Set,Home & Kitchen,1206.31,10
2024-07-25,Vacuum Cleaner,Home & Kitchen,1118.08,6
2024-07-25,Air Fryer,Home & Kitchen,1485.63,17
2024-07-25,Shampoo,Beauty,482.88,43
2024-07-25,Moisturizer,Beauty,1026.97,36
2024-07-25,Lipstick,Beauty,562.5,32
2024-07-25,Perfume,Beauty,813.57,12
2024-07-25,Face Serum,Beauty,694.93,16
2024-07-26,Laptop,Electronics,7422.14,8
2024-07-26,Smartphone,Electronics,10835.08,17
2024-07-26,Headphones,Electronics,3081.88,25
2024-07-26,Tablet,Electronics,4260.01,11
2024-07-26,Smart Watch,Electronics,5241.68,21
2024-07-26,T-Shirt,Clothing,848.45,37
2024-07-26,Jeans,Clothing,1190.91,20
2024-07-26,Jacket,Clothing,1538.87,17
2024-07-26,Sneakers,Clothing,1964.95,25
2024-07-26,Dress,Clothing,1089.0,16
2024-07-26,Blender,Home & Kitchen,815.04,16
2024-07-26,Coffee Maker,Home & Kitchen,838.97,11
2024-07-26,Cookware Set,Home & Kitchen,1061.79,8
2024-07-26,Vacuum Cleaner,Home & Kitchen,756.05,4
2024-07-26,Air Fryer,Home & Kitchen,1652.52,18
2024-07-26,Shampoo,Beauty,390.51,34
2024-07-26,Moisturizer,Beauty,1058.27,37
2024-07-26,Lipstick,Beauty,538.68,31
2024-07-26,Perfume,Beauty,574.85,9
2024-07-26,Face Serum,Beauty,780.79,20
2024-07-27,Laptop,Electronics,6821.29,8
2024-07-27,Smartphone,Electronics,13573.05,22
2024-07-27,Headphones,Electronics,2859.16,22
2024-07-27,Tablet,Electronics,5130.29,13
2024-07-27,Smart Watch,Electronics,6943.63,28
2024-07-27,T-Shirt,Clothing,1481.84,60
2024-07-27,Jeans,Clothing,2665.39,44
2024-07-27,Jacket,Clothing,2046.02,23
2024-07-27,Sneakers,Clothing,2122.26,28
2024-07-27,Dress,Clothing,1843.88,26
2024-07-27,Blender,Home & Kitchen,1014.93,20
2024-07-27,Coffee Maker,Home & Kitchen,1213.29,16
2024-07-27,Cookware Set,Home & Kitchen,808.39,6
2024-07-27,Vacuum Cleaner,Home & Kitchen,1421.26,7
2024-07-27,Air Fryer,Home & Kitchen,1438.29,17
2024-07-27,Shampoo,Beauty,506.16,44
2024-07-27,Moisturizer,Beauty,1214.31,46
2024-07-27,Lipstick,Beauty,836.21,46
2024-07-27,Perfume,Beauty,693.98,11
2024-07-27,Face Serum,Beauty,737.38,19
2024-07-28,Laptop,Electronics,10939.48,12
2024-07-28,Smartphone,Electronics,13017.24,20
2024-07-28,Headphones,Electronics,4132.19,33
2024-07-28,Tablet,Electronics,3642.44,9
2024-07-28,Smart Watch,Electronics,5954.22,23
2024-07-28,T-Shirt,Clothing,1486.98,60
2024-07-28,Jeans,Clothing,1639.78,27
2024-07-28,Jacket,Clothing,2605.07,28
2024-07-28,Sneakers,Clothing,2529.25,32
2024-07-28,Dress,Clothing,1398.54,20
2024-07-28,Blender,Home & Kitchen,708.76,14
2024-07-28,Coffee Maker,Home & Kitchen,1376.29,18
2024-07-28,Cookware Set,Home & Kitchen,1301.03,10
2024-07-28,Vacuum Cleaner,Home & Kitchen,1535.68,8
2024-07-28,Air Fryer,Home & Kitchen,1156.56,14
2024-07-28,Shampoo,Beauty,487.18,41
2024-07-28,Moisturizer,Beauty,1548.67,53
2024-07-28,Lipstick,Beauty,723.44,39
2024-07-28,Perfume,Beauty,1059.38,16
2024-07-28,Face Serum,Beauty,793.59,20
2024-07-29,Laptop,Electronics,8226.91,9
2024-07-29,Smartphone,Electronics,6786.71,11
2024-07-29,Headphones,Electronics,2638.77,21
2024-07-29,Tablet,Electronics,4467.3,11
2024-07-29,Smart Watch,Electronics,4224.85,18
2024-07-29,T-Shirt,Clothing,1038.24,46
2024-07-29,Jeans,Clothing,1151.56,21
2024-07-29,Jacket,Clothing,1165.99,13
2024-07-29,Sneakers,Clothing,1600.86,21
2024-07-29,Dress,Clothing,1265.25,18
2024-07-29,Blender,Home & Kitchen,746.91,16
2024-07-29,Coffee Maker,Home & Kitchen,1239.61,15
2024-07-29,Cookware Set,Home & Kitchen,1617.24,12
2024-07-29,Vacuum Cleaner,Home & Kitchen,1300.67,7
2024-07-29,Air Fryer,Home & Kitchen,1271.66,14
2024-07-29,Shampoo,Beauty,406.23,34
2024-07-29,Moisturizer,Beauty,883.12,32
2024-07-29,Lipstick,Beauty,674.93,37
2024-07-29,Perfume,Beauty,582.43,9
2024-07-29,Face Serum,Beauty,536.18,13
2024-07-30,Laptop,Electronics,6260.41,7
2024-07-30,Smartphone,Electronics,9968.47,16
2024-07-30,Headphones,Electronics,2950.61,24
2024-07-30,Tablet,Electronics,4769.18,12
2024-07-30,Smart Watch,Electronics,4592.76,19
2024-07-30,T-Shirt,Clothing,740.15,33
2024-07-30,Jeans,Clothing,1525.02,25
2024-07-30,Jacket,Clothing,1572.45,17
2024-07-30,Sneakers,Clothing,1405.88,18
2024-07-30,Dress,Clothing,1067.27,16
2024-07-30,Blender,Home & Kitchen,499.91,11
2024-07-30,Coffee Maker,Home & Kitchen,893.0,11
2024-07-30,Cookware Set,Home & Kitchen,1315.53,11
2024-07-30,Vacuum Cleaner,Home & Kitchen,1614.31,8
2024-07-30,Air Fryer,Home & Kitchen,1383.06,15
2024-07-30,Shampoo,Beauty,476.48,38
2024-07-30,Moisturizer,Beauty,1065.06,40
2024-07-30,Lipstick,Beauty,472.67,28
2024-07-30,Perfume,Beauty,718.73,12
2024-07-30,Face Serum,Beauty,776.91,20
2024-07-31,Laptop,Electronics,6265.94,7
2024-07-31,Smartphone,Electronics,10059.71,16
2024-07-31,Headphones,Electronics,3637.66,27
2024-07-31,Tablet,Electronics,3734.48,9
2024-07-31,Smart Watch,Electronics,6141.96,24
2024-07-31,T-Shirt,Clothing,1386.23,59
2024-07-31,Jeans,Clothing,1583.7,29
2024-07-31,Jacket,Clothing,1926.18,22
2024-07-31,Sneakers,Clothing,1234.89,16
2024-07-31,Dress,Clothing,1092.95,16
2024-07-31,Blender,Home & Kitchen,567.4,12
2024-07-31,Coffee Maker,Home & Kitchen,878.77,11
2024-07-31,Cookware Set,Home & Kitchen,1060.77,8
2024-07-31,Vacuum Cleaner,Home & Kitchen,1099.47,6
2024-07-31,Air Fryer,Home & Kitchen,988.7,12
2024-07-31,Shampoo,Beauty,473.22,41
2024-07-31,Moisturizer,Beauty,921.93,32
2024-07-31,Lipstick,Beauty,608.32,36
2024-07-31,Perfume,Beauty,599.71,10
2024-07-31,Face Serum,Beauty,706.82,17
2024-08-01,Laptop,Electronics,6296.96,7
2024-08-01,Smartphone,Electronics,10080.54,16
2024-08-01,Headphones,Electronics,4541.02,34
2024-08-01,Tablet,Electronics,4574.01,11
2024-08-01,Smart Watch,Electronics,5781.39,24
2024-08-01,T-Shirt,Clothing,1327.61,57
2024-08-01,Jeans,Clothing,2693.28,44
2024-08-01,Jacket,Clothing,1229.8,14
2024-08-01,Sneakers,Clothing,2071.18,27
2024-08-01,Dress,Clothing,1040.1,16
2024-08-01,Blender,Home & Kitchen,776.39,16
2024-08-01,Coffee Maker,Home & Kitchen,801.64,10
2024-08-01,Cookware Set,Home & Kitchen,831.76,7
2024-08-01,Vacuum Cleaner,Home & Kitchen,1372.25,7
2024-08-01,Air Fryer,Home & Kitchen,1016.92,12
2024-08-01,Shampoo,Beauty,434.12,37
2024-08-01,Moisturizer,Beauty,657.42,23
2024-08-01,Lipstick,Beauty,486.58,26
2024-08-01,Perfume,Beauty,591.16,9
2024-08-01,Face Serum,Beauty,586.93,15
2024-08-02,Laptop,Electronics,6215.32,7
2024-08-02,Smartphone,Electronics,8123.76,13
2024-08-02,Headphones,Electronics,2973.04,22
2024-08-02,Tablet,Electronics,3742.34,10
2024-08-02,Smart Watch,Electronics,4061.58,17
2024-08-02,T-Shirt,Clothing,1201.3,50
2024-08-02,Jeans,Clothing,2027.62,34
2024-08-02,Jacket,Clothing,1401.0,17
2024-08-02,Sneakers,Clothing,1722.93,23
2024-08-02,Dress,Clothing,945.94,14
2024-08-02,Blender,Home & Kitchen,691.83,15
2024-08-02,Coffee Maker,Home & Kitchen,835.8,11
2024-08-02,Cookware Set,Home & Kitchen,1358.13,11
2024-08-02,Vacuum Cleaner,Home & Kitchen,964.12,5
2024-08-02,Air Fryer,Home & Kitchen,959.53,11
2024-08-02,Shampoo,Beauty,549.73,45
2024-08-02,Moisturizer,Beauty,773.43,29
2024-08-02,Lipstick,Beauty,547.52,29
2024-08-02,Perfume,Beauty,548.73,9
2024-08-02,Face Serum,Beauty,706.02,18
2024-08-03,Laptop,Electronics,9471.0,11
2024-08-03,Smartphone,Electronics,9681.77,16
2024-08-03,Headphones,Electronics,3914.4,29
2024-08-03,Tablet,Electronics,5470.43,14
2024-08-03,Smart Watch,Electronics,5893.45,25
2024-08-03,T-Shirt,Clothing,1170.59,49
2024-08-03,Jeans,Clothing,1956.87,32
2024-08-03,Jacket,Clothing,2510.63,30
2024-08-03,Sneakers,Clothing,1843.42,25
2024-08-03,Dress,Clothing,1705.88,26
2024-08-03,Blender,Home & Kitchen,717.65,15
2024-08-03,Coffee Maker,Home & Kitchen,687.92,9
2024-08-03,Cookware Set,Home & Kitchen,950.22,8
2024-08-03,Vacuum Cleaner,Home & Kitchen,1452.68,7
2024-08-03,Air Fryer,Home & Kitchen,1447.22,16
2024-08-03,Shampoo,Beauty,495.67,42
2024-08-03,Moisturizer,Beauty,1274.41,44
2024-08-03,Lipstick,Beauty,528.85,30
2024-08-03,Perfume,Beauty,790.51,13
2024-08-03,Face Serum,Beauty,690.22,17
2024-08-04,Laptop,Electronics,7901.29,9
2024-08-04,Smartphone,Electronics,18125.92,28
2024-08-04,Headphones,Electronics,3796.66,31
2024-08-04,Tablet,Electronics,5014.85,12
2024-08-04,Smart Watch,Electronics,5405.13,21
2024-08-04,T-Shirt,Clothing,1633.63,68
2024-08-04,Jeans,Clothing,1965.54,33
2024-08-04,Jacket,Clothing,2435.47,28
2024-08-04,Sneakers,Clothing,2534.05,31
2024-08-04,Dress,Clothing,1592.51,25
2024-08-04,Blender,Home & Kitchen,912.68,18
2024-08-04,Coffee Maker,Home & Kitchen,825.2,10
2024-08-04,Cookware Set,Home & Kitchen,1450.84,11
2024-08-04,Vacuum Cleaner,Home & Kitchen,1231.55,6
2024-08-04,Air Fryer,Home & Kitchen,1502.64,18
2024-08-04,Shampoo,Beauty,527.25,44
2024-08-04,Moisturizer,Beauty,1352.49,51
2024-08-04,Lipstick,Beauty,574.33,34
2024-08-04,Perfume,Beauty,845.81,13
2024-08-04,Face Serum,Beauty,972.98,23
2024-08-05,Laptop,Electronics,5839.19,7
2024-08-05,Smartphone,Electronics,11813.87,19
2024-08-05,Headphones,Electronics,3249.88,26
2024-08-05,Tablet,Electronics,3709.85,9
2024-08-05,Smart Watch,Electronics,4125.19,18
2024-08-05,T-Shirt,Clothing,1516.13,68
2024-08-05,Jeans,Clothing,2040.63,33
2024-08-05,Jacket,Clothing,1723.68,19
2024-08-05,Sneakers,Clothing,1317.08,18
2024-08-05,Dress,Clothing,744.77,11
2024-08-05,Blender,Home & Kitchen,610.95,13
2024-08-05,Coffee Maker,Home & Kitchen,801.03,11
2024-08-05,Cookware Set,Home & Kitchen,1118.82,9
2024-08-05,Vacuum Cleaner,Home & Kitchen,1465.05,8
2024-08-05,Air Fryer,Home & Kitchen,1010.0,12
2024-08-05,Shampoo,Beauty,319.57,28
2024-08-05,Moisturizer,Beauty,1009.08,36
2024-08-05,Lipstick,Beauty,465.68,28
2024-08-05,Perfume,Beauty,600.31,9
2024-08-05,Face Serum,Beauty,706.26,17
2024-08-06,Laptop,Electronics,5558.47,6
2024-08-06,Smartphone,Electronics,12857.52,19
2024-08-06,Headphones,Electronics,3202.36,25
2024-08-06,Tablet,Electronics,3980.22,10
2024-08-06,Smart Watch,Electronics,4365.97,18
2024-08-06,T-Shirt,Clothing,942.68,39
2024-08-06,Jeans,Clothing,1657.87,27
2024-08-06,Jacket,Clothing,2210.8,24
2024-08-06,Sneakers,Clothing,1467.67,18
2024-08-06,Dress,Clothing,790.58,12
2024-08-06,Blender,Home & Kitchen,782.39,16
2024-08-06,Coffee Maker,Home & Kitchen,1121.82,15
2024-08-06,Cookware Set,Home & Kitchen,1109.91,9
2024-08-06,Vacuum Cleaner,Home & Kitchen,1163.15,6
2024-08-06,Air Fryer,Home & Kitchen,1148.43,14
2024-08-06,Shampoo,Beauty,461.91,40
2024-08-06,Moisturizer,Beauty,953.42,35
2024-08-06,Lipstick,Beauty,453.23,24
2024-08-06,Perfume,Beauty,620.47,10
2024-08-06,Face Serum,Beauty,601.88,15
2024-08-07,Laptop,Electronics,8057.45,9
2024-08-07,Smartphone,Electronics,12597.75,21
2024-08-07,Headphones,Electronics,4315.22,32
2024-08-07,Tablet,Electronics,4322.89,11
2024-08-07,Smart Watch,Electronics,4746.15,20
2024-08-07,T-Shirt,Clothing,1334.86,59
2024-08-07,Jeans,Clothing,1521.61,28
2024-08-07,Jacket,Clothing,1928.63,21
2024-08-07,Sneakers,Clothing,1440.38,18
2024-08-07,Dress,Clothing,948.21,14
2024-08-07,Blender,Home & Kitchen,1179.74,23
2024-08-07,Coffee Maker,Home & Kitchen,1275.26,16
2024-08-07,Cookware Set,Home & Kitchen,1192.58,10
2024-08-07,Vacuum Cleaner,Home & Kitchen,1201.06,6
2024-08-07,Air Fryer,Home & Kitchen,1155.87,13
2024-08-07,Shampoo,Beauty,364.31,32
2024-08-07,Moisturizer,Beauty,764.59,27
2024-08-07,Lipstick,Beauty,587.02,33
2024-08-07,Perfume,Beauty,656.52,10
2024-08-07,Face Serum,Beauty,635.0,16
2024-08-08,Laptop,Electronics,9361.01,10
2024-08-08,Smartphone,Electronics,10062.44,16
2024-08-08,Headphones,Electronics,3059.44,25
2024-08-08,Tablet,Electronics,3074.08,8
2024-08-08,Smart Watch,Electronics,5211.2,21
2024-08-08,T-Shirt,Clothing,1194.12,49
2024-08-08,Jeans,Clothing,1272.89,23
2024-08-08,Jacket,Clothing,1505.94,17
2024-08-08,Sneakers,Clothing,2006.52,25
2024-08-08,Dress,Clothing,1135.01,17
2024-08-08,Blender,Home & Kitchen,700.17,15
2024-08-08,Coffee Maker,Home & Kitchen,984.88,13
2024-08-08,Cookware Set,Home & Kitchen,1581.67,12
2024-08-08,Vacuum Cleaner,Home & Kitchen,936.73,5
2024-08-08,Air Fryer,Home & Kitchen,1440.06,16
2024-08-08,Shampoo,Beauty,417.12,36
2024-08-08,Moisturizer,Beauty,787.14,27
2024-08-08,Lipstick,Beauty,535.08,32
2024-08-08,Perfume,Beauty,606.45,9
2024-08-08,Face Serum,Beauty,578.51,14
2024-08-09,Laptop,Electronics,7514.21,8
2024-08-09,Smartphone,Electronics,10898.19,17
2024-08-09,Headphones,Electronics,3173.47,26
2024-08-09,Tablet,Electronics,5926.07,16
2024-08-09,Smart Watch,Electronics,4163.77,18
2024-08-09,T-Shirt,Clothing,840.79,37
2024-08-09,Jeans,Clothing,1792.86,31
2024-08-09,Jacket,Clothing,1618.02,18
2024-08-09,Sneakers,Clothing,1439.76,19
2024-08-09,Dress,Clothing,902.51,14
2024-08-09,Blender,Home & Kitchen,1059.83,21
2024-08-09,Coffee Maker,Home & Kitchen,593.57,8
2024-08-09,Cookware Set,Home & Kitchen,1169.0,9
2024-08-09,Vacuum Cleaner,Home & Kitchen,1111.29,6
2024-08-09,Air Fryer,Home & Kitchen,1437.92,16
2024-08-09,Shampoo,Beauty,340.1,30
2024-08-09,Moisturizer,Beauty,987.2,36
2024-08-09,Lipstick,Beauty,668.92,36
2024-08-09,Perfume,Beauty,542.87,9
2024-08-09,Face Serum,Beauty,559.31,13
2024-08-10,Laptop,Electronics,8655.39,10
2024-08-10,Smartphone,Electronics,13634.26,22
2024-08-10,Headphones,Electronics,5568.03,42
2024-08-10,Tablet,Electronics,4575.5,12
2024-08-10,Smart Watch,Electronics,5436.5,21
2024-08-10,T-Shirt,Clothing,1291.5,57
2024-08-10,Jeans,Clothing,1587.56,29
2024-08-10,Jacket,Clothing,2706.23,33
2024-08-10,Sneakers,Clothing,2456.96,31
2024-08-10,Dress,Clothing,1337.38,20
2024-08-10,Blender,Home & Kitchen,950.94,21
2024-08-10,Coffee Maker,Home & Kitchen,1243.62,15
2024-08-10,Cookware Set,Home & Kitchen,1427.23,11
2024-08-10,Vacuum Cleaner,Home & Kitchen,1456.47,7
2024-08-10,Air Fryer,Home & Kitchen,1322.55,16
2024-08-10,Shampoo,Beauty,375.58,34
2024-08-10,Moisturizer,Beauty,1133.67,44
2024-08-10,Lipstick,Beauty,560.58,31
2024-08-10,Perfume,Beauty,903.43,14
2024-08-10,Face Serum,Beauty,724.49,18
2024-08-11,Laptop,Electronics,5808.62,7
2024-08-11,Smartphone,Electronics,14736.21,23
2024-08-11,Headphones,Electronics,4226.0,34
2024-08-11,Tablet,Electronics,5803.41,15
2024-08-11,Smart Watch,Electronics,6765.75,26
2024-08-11,T-Shirt,Clothing,1670.63,68
2024-08-11,Jeans,Clothing,2568.37,45
2024-08-11,Jacket,Clothing,2137.84,26
2024-08-11,Sneakers,Clothing,1808.55,24
2024-08-11,Dress,Clothing,1835.27,26
2024-08-11,Blender,Home & Kitchen,671.75,14
2024-08-11,Coffee Maker,Home & Kitchen,731.43,10
2024-08-11,Cookware Set,Home & Kitchen,1157.46,9
2024-08-11,Vacuum Cleaner,Home & Kitchen,1361.33,7
2024-08-11,Air Fryer,Home & Kitchen,1813.24,22
2024-08-11,Shampoo,Beauty,409.63,35
2024-08-11,Moisturizer,Beauty,1425.7,55
2024-08-11,Lipstick,Beauty,723.49,41
2024-08-11,Perfume,Beauty,797.12,12
2024-08-11,Face Serum,Beauty,579.72,15
2024-08-12,Laptop,Electronics,7067.84,8
2024-08-12,Smartphone,Electronics,10754.13,16
2024-08-12,Headphones,Electronics,3475.76,27
2024-08-12,Tablet,Electronics,3320.86,9
2024-08-12,Smart Watch,Electronics,5241.73,22
2024-08-12,T-Shirt,Clothing,1039.19,44
2024-08-12,Jeans,Clothing,1728.29,30
2024-08-12,Jacket,Clothing,1470.99,17
2024-08-12,Sneakers,Clothing,2014.12,26
2024-08-12,Dress,Clothing,940.83,13
2024-08-12,Blender,Home & Kitchen,809.25,17
2024-08-12,Coffee Maker,Home & Kitchen,711.95,9
2024-08-12,Cookware Set,Home & Kitchen,1306.44,10
2024-08-12,Vacuum Cleaner,Home & Kitchen,925.24,5
2024-08-12,Air Fryer,Home & Kitchen,1240.89,14
2024-08-12,Shampoo,Beauty,391.35,32
2024-08-12,Moisturizer,Beauty,1299.13,49
2024-08-12,Lipstick,Beauty,483.3,26
2024-08-12,Perfume,Beauty,733.76,11
2024-08-12,Face Serum,Beauty,881.26,20
2024-08-13,Laptop,Electronics,4203.36,5
2024-08-13,Smartphone,Electronics,10141.43,16
2024-08-13,Headphones,Electronics,3788.23,30
2024-08-13,Tablet,Electronics,3085.2,8
2024-08-13,Smart Watch,Electronics,5148.82,22
2024-08-13,T-Shirt,Clothing,996.93,44
2024-08-13,Jeans,Clothing,1094.06,19
2024-08-13,Jacket,Clothing,1843.28,21
2024-08-13,Sneakers,Clothing,1884.3,23
2024-08-13,Dress,Clothing,903.94,14
2024-08-13,Blender,Home & Kitchen,880.48,19
2024-08-13,Coffee Maker,Home & Kitchen,736.26,9
2024-08-13,Cookware Set,Home & Kitchen,980.36,8
2024-08-13,Vacuum Cleaner,Home & Kitchen,1432.91,7
2024-08-13,Air Fryer,Home & Kitchen,1287.5,14
2024-08-13,Shampoo,Beauty,464.34,37
2024-08-13,Moisturizer,Beauty,1328.53,49
2024-08-13,Lipstick,Beauty,472.08,25
2024-08-13,Perfume,Beauty,635.04,10
2024-08-13,Face Serum,Beauty,620.23,15
2024-08-14,Laptop,Electronics,8294.71,9
2024-08-14,Smartphone,Electronics,10119.57,16
2024-08-14,Headphones,Electronics,2182.85,17
2024-08-14,Tablet,Electronics,4552.85,11
2024-08-14,Smart Watch,Electronics,3165.52,13
2024-08-14,T-Shirt,Clothing,1281.38,54
2024-08-14,Jeans,Clothing,1664.71,28
2024-08-14,Jacket,Clothing,1662.57,19
2024-08-14,Sneakers,Clothing,1289.32,17
2024-08-14,Dress,Clothing,866.53,13
2024-08-14,Blender,Home & Kitchen,907.48,18
2024-08-14,Coffee Maker,Home & Kitchen,826.63,11
2024-08-14,Cookware Set,Home & Kitchen,963.67,8
2024-08-14,Vacuum Cleaner,Home & Kitchen,1619.67,8
2024-08-14,Air Fryer,Home & Kitchen,1334.07,15
2024-08-14,Shampoo,Beauty,336.63,30
2024-08-14,Moisturizer,Beauty,995.24,34
2024-08-14,Lipstick,Beauty,484.14,28
2024-08-14,Perfume,Beauty,646.06,10
2024-08-14,Face Serum,Beauty,481.23,12
2024-08-15,Laptop,Electronics,7964.7,9
2024-08-15,Smartphone,Electronics,9989.62,15
2024-08-15,Headphones,Electronics,2475.55,19
2024-08-15,Tablet,Electronics,3568.28,9
2024-08-15,Smart Watch,Electronics,4261.14,18
2024-08-15,T-Shirt,Clothing,903.14,39
2024-08-15,Jeans,Clothing,1230.23,21
2024-08-15,Jacket,Clothing,1164.72,14
2024-08-15,Sneakers,Clothing,1555.83,21
2024-08-15,Dress,Clothing,1139.43,16
2024-08-15,Blender,Home & Kitchen,832.61,17
2024-08-15,Coffee Maker,Home & Kitchen,1151.85,14
2024-08-15,Cookware Set,Home & Kitchen,1118.68,9
2024-08-15,Vacuum Cleaner,Home & Kitchen,1133.53,6
2024-08-15,Air Fryer,Home & Kitchen,2173.82,24
2024-08-15,Shampoo,Beauty,349.87,29
2024-08-15,Moisturizer,Beauty,694.61,25
2024-08-15,Lipstick,Beauty,557.66,33
2024-08-15,Perfume,Beauty,863.41,13
2024-08-15,Face Serum,Beauty,697.99,17
2024-08-16,Laptop,Electronics,6230.16,7
2024-08-16,Smartphone,Electronics,8565.64,14
2024-08-16,Headphones,Electronics,3217.8,26
2024-08-16,Tablet,Electronics,4103.74,10
2024-08-16,Smart Watch,Electronics,4590.88,18
2024-08-16,T-Shirt,Clothing,1317.6,57
2024-08-16,Jeans,Clothing,1114.93,20
2024-08-16,Jacket,Clothing,1773.61,19
2024-08-16,Sneakers,Clothing,1350.7,18
2024-08-16,Dress,Clothing,1053.34,16
2024-08-16,Blender,Home & Kitchen,653.01,14
2024-08-16,Coffee Maker,Home & Kitchen,839.01,11
2024-08-16,Cookware Set,Home & Kitchen,1757.36,14
2024-08-16,Vacuum Cleaner,Home & Kitchen,1390.2,7
2024-08-16,Air Fryer,Home & Kitchen,1391.72,16
2024-08-16,Shampoo,Beauty,394.25,34
2024-08-16,Moisturizer,Beauty,882.97,32
2024-08-16,Lipstick,Beauty,511.53,30
2024-08-16,Perfume,Beauty,666.38,10
2024-08-16,Face Serum,Beauty,639.32,16
2024-08-17,Laptop,Electronics,11295.98,13
2024-08-17,Smartphone,Electronics,11031.79,18
2024-08-17,Headphones,Electronics,4309.83,36
2024-08-17,Tablet,Electronics,6671.66,18
2024-08-17,Smart Watch,Electronics,6167.07,26
2024-08-17,T-Shirt,Clothing,1687.29,67
2024-08-17,Jeans,Clothing,2759.83,50
2024-08-17,Jacket,Clothing,1778.44,21
2024-08-17,Sneakers,Clothing,3135.92,43
2024-08-17,Dress,Clothing,2079.81,29
2024-08-17,Blender,Home & Kitchen,844.89,17
2024-08-17,Coffee Maker,Home & Kitchen,899.16,12
2024-08-17,Cookware Set,Home & Kitchen,1049.77,8
2024-08-17,Vacuum Cleaner,Home & Kitchen,1694.81,9
2024-08-17,Air Fryer,Home & Kitchen,1356.15,15
2024-08-17,Shampoo,Beauty,643.45,55
2024-08-17,Moisturizer,Beauty,827.47,29
2024-08-17,Lipstick,Beauty,523.85,29
2024-08-17,Perfume,Beauty,555.18,9
2024-08-17,Face Serum,Beauty,456.28,11
2024-08-18,Laptop,Electronics,5594.41,6
2024-08-18,Smartphone,Electronics,12657.95,21
2024-08-18,Headphones,Electronics,2971.99,23
2024-08-18,Tablet,Electronics,4476.04,11
2024-08-18,Smart Watch,Electronics,4206.76,18
2024-08-18,T-Shirt,Clothing,1563.24,63
2024-08-18,Jeans,Clothing,3263.05,56
2024-08-18,Jacket,Clothing,2682.73,29
2024-08-18,Sneakers,Clothing,2533.8,33
2024-08-18,Dress,Clothing,1720.19,24
2024-08-18,Blender,Home & Kitchen,754.78,16
2024-08-18,Coffee Maker,Home & Kitchen,845.61,11
2024-08-18,Cookware Set,Home & Kitchen,1276.84,10
2024-08-18,Vacuum Cleaner,Home & Kitchen,1730.7,9
2024-08-18,Air Fryer,Home & Kitchen,1154.98,14
2024-08-18,Shampoo,Beauty,520.06,47
2024-08-18,Moisturizer,Beauty,837.97,32
2024-08-18,Lipstick,Beauty,717.62,39
2024-08-18,Perfume,Beauty,918.15,14
2024-08-18,Face Serum,Beauty,690.02,16
2024-08-19,Laptop,Electronics,5858.62,7
2024-08-19,Smartphone,Electronics,11487.31,17
2024-08-19,Headphones,Electronics,3951.12,32
2024-08-19,Tablet,Electronics,4502.58,12
2024-08-19,Smart Watch,Electronics,6128.65,26
2024-08-19,T-Shirt,Clothing,974.26,44
2024-08-19,Jeans,Clothing,1474.14,27
2024-08-19,Jacket,Clothing,1215.28,14
2024-08-19,Sneakers,Clothing,1536.83,19
2024-08-19,Dress,Clothing,1070.34,15
2024-08-19,Blender,Home & Kitchen,821.34,16
2024-08-19,Coffee Maker,Home & Kitchen,977.01,13
2024-08-19,Cookware Set,Home & Kitchen,1042.9,8
2024-08-19,Vacuum Cleaner,Home & Kitchen,1183.31,6
2024-08-19,Air Fryer,Home & Kitchen,1880.56,21
2024-08-19,Shampoo,Beauty,244.77,22
2024-08-19,Moisturizer,Beauty,663.13,23
2024-08-19,Lipstick,Beauty,421.58,25
2024-08-19,Perfume,Beauty,369.99,6
2024-08-19,Face Serum,Beauty,428.94,10
2024-08-20,Laptop,Electronics,6022.42,7
2024-08-20,Smartphone,Electronics,9985.05,16
2024-08-20,Headphones,Electronics,2668.44,22
2024-08-20,Tablet,Electronics,4450.07,11
2024-08-20,Smart Watch,Electronics,5171.38,21
2024-08-20,T-Shirt,Clothing,1070.56,46
2024-08-20,Jeans,Clothing,1598.18,29
2024-08-20,Jacket,Clothing,1421.4,17
2024-08-20,Sneakers,Clothing,1508.77,19
2024-08-20,Dress,Clothing,762.52,11
2024-08-20,Blender,Home & Kitchen,926.36,19
2024-08-20,Coffee Maker,Home & Kitchen,979.66,12
2024-08-20,Cookware Set,Home & Kitchen,1083.58,9
2024-08-20,Vacuum Cleaner,Home & Kitchen,999.5,5
2024-08-20,Air Fryer,Home & Kitchen,1001.01,12
2024-08-20,Shampoo,Beauty,353.6,31
2024-08-20,Moisturizer,Beauty,783.87,27
2024-08-20,Lipstick,Beauty,543.87,30
2024-08-20,Perfume,Beauty,671.59,10
2024-08-20,Face Serum,Beauty,553.05,14
2024-08-21,Laptop,Electronics,8035.29,9
2024-08-21,Smartphone,Electronics,9587.1,16
2024-08-21,Headphones,Electronics,3672.17,29
2024-08-21,Tablet,Electronics,4163.41,11
2024-08-21,Smart Watch,Electronics,3955.45,16
2024-08-21,T-Shirt,Clothing,1011.14,44
2024-08-21,Jeans,Clothing,1053.06,18
2024-08-21,Jacket,Clothing,1552.72,18
2024-08-21,Sneakers,Clothing,1309.13,18
2024-08-21,Dress,Clothing,1022.99,16
2024-08-21,Blender,Home & Kitchen,702.61,14
2024-08-21,Coffee Maker,Home & Kitchen,716.36,9
2024-08-21,Cookware Set,Home & Kitchen,1486.05,12
2024-08-21,Vacuum Cleaner,Home & Kitchen,1111.99,6
2024-08-21,Air Fryer,Home & Kitchen,985.99,12
2024-08-21,Shampoo,Beauty,449.53,38
2024-08-21,Moisturizer,Beauty,837.29,31
2024-08-21,Lipstick,Beauty,448.36,25
2024-08-21,Perfume,Beauty,720.26,11
2024-08-21,Face Serum,Beauty,605.72,14
2024-08-22,Laptop,Electronics,7730.13,9
2024-08-22,Smartphone,Electronics,12695.93,20
2024-08-22,Headphones,Electronics,2806.87,22
2024-08-22,Tablet,Electronics,4758.19,12
2024-08-22,Smart Watch,Electronics,5914.66,24
2024-08-22,T-Shirt,Clothing,1418.95,60
2024-08-22,Jeans,Clothing,1458.45,25
2024-08-22,Jacket,Clothing,1794.94,21
2024-08-22,Sneakers,Clothing,1047.38,14
2024-08-22,Dress,Clothing,1122.1,16
2024-08-22,Blender,Home & Kitchen,639.26,13
2024-08-22,Coffee Maker,Home & Kitchen,909.65,11
2024-08-22,Cookware Set,Home & Kitchen,1631.33,13
2024-08-22,Vacuum Cleaner,Home & Kitchen,1553.72,8
2024-08-22,Air Fryer,Home & Kitchen,1023.69,11
2024-08-22,Shampoo,Beauty,304.34,27
2024-08-22,Moisturizer,Beauty,1103.78,40
2024-08-22,Lipstick,Beauty,657.83,35
2024-08-22,Perfume,Beauty,476.99,7
2024-08-22,Face Serum,Beauty,676.27,17
2024-08-23,Laptop,Electronics,7352.57,8
2024-08-23,Smartphone,Electronics,11045.39,18
2024-08-23,Headphones,Electronics,2728.11,22
2024-08-23,Tablet,Electronics,4132.53,10
2024-08-23,Smart Watch,Electronics,4688.79,19
2024-08-23,T-Shirt,Clothing,865.3,38
2024-08-23,Jeans,Clothing,1350.6,23
2024-08-23,Jacket,Clothing,1697.09,19
2024-08-23,Sneakers,Clothing,1715.87,23
2024-08-23,Dress,Clothing,903.02,13
2024-08-23,Blender,Home & Kitchen,709.14,15
2024-08-23,Coffee Maker,Home & Kitchen,883.27,12
2024-08-23,Cookware Set,Home & Kitchen,1104.81,9
2024-08-23,Vacuum Cleaner,Home & Kitchen,1443.42,7
2024-08-23,Air Fryer,Home & Kitchen,1084.61,12
2024-08-23,Shampoo,Beauty,604.6,51
2024-08-23,Moisturizer,Beauty,873.32,30
2024-08-23,Lipstick,Beauty,534.74,32
2024-08-23,Perfume,Beauty,495.43,8
2024-08-23,Face Serum,Beauty,582.79,14
2024-08-24,Laptop,Electronics,6765.51,8
2024-08-24,Smartphone,Electronics,11177.49,17
2024-08-24,Headphones,Electronics,3854.96,29
2024-08-24,Tablet,Electronics,6359.61,16
2024-08-24,Smart Watch,Electronics,5199.54,20
2024-08-24,T-Shirt,Clothing,1564.44,69
2024-08-24,Jeans,Clothing,2716.34,45
2024-08-24,Jacket,Clothing,2656.83,30
2024-08-24,Sneakers,Clothing,1791.33,23
2024-08-24,Dress,Clothing,1789.45,28
2024-08-24,Blender,Home & Kitchen,974.79,19
2024-08-24,Coffee Maker,Home & Kitchen,1002.38,13
2024-08-24,Cookware Set,Home & Kitchen,1871.23,14
2024-08-24,Vacuum Cleaner,Home & Kitchen,1150.33,6
2024-08-24,Air Fryer,Home & Kitchen,1385.98,16
2024-08-24,Shampoo,Beauty,655.25,55
2024-08-24,Moisturizer,Beauty,1234.93,47
2024-08-24,Lipstick,Beauty,572.16,32
2024-08-24,Perfume,Beauty,668.76,11
2024-08-24,Face Serum,Beauty,734.86,17
2024-08-25,Laptop,Electronics,7454.17,9
2024-08-25,Smartphone,Electronics,9102.18,15
2024-08-25,Headphones,Electronics,3393.64,26
2024-08-25,Tablet,Electronics,5599.59,14
2024-08-25,Smart Watch,Electronics,4976.54,21
2024-08-25,T-Shirt,Clothing,1483.09,66
2024-08-25,Jeans,Clothing,2955.91,53
2024-08-25,Jacket,Clothing,2347.18,26
2024-08-25,Sneakers,Clothing,2383.71,31
2024-08-25,Dress,Clothing,1540.79,24
2024-08-25,Blender,Home & Kitchen,770.22,16
2024-08-25,Coffee Maker,Home & Kitchen,1049.03,14
2024-08-25,Cookware Set,Home & Kitchen,1037.94,8
2024-08-25,Vacuum Cleaner,Home & Kitchen,1116.45,6
2024-08-25,Air Fryer,Home & Kitchen,1329.77,16
2024-08-25,Shampoo,Beauty,452.89,36
2024-08-25,Moisturizer,Beauty,1385.13,50
2024-08-25,Lipstick,Beauty,563.65,34
2024-08-25,Perfume,Beauty,725.07,11
2024-08-25,Face Serum,Beauty,542.57,14
2024-08-26,Laptop,Electronics,6372.16,7
2024-08-26,Smartphone,Electronics,10844.29,18
2024-08-26,Headphones,Electronics,2403.02,20
2024-08-26,Tablet,Electronics,3300.53,8
2024-08-26,Smart Watch,Electronics,4348.11,18
2024-08-26,T-Shirt,Clothing,1058.22,44
2024-08-26,Jeans,Clothing,1454.97,25
2024-08-26,Jacket,Clothing,1875.19,22
2024-08-26,Sneakers,Clothing,2429.36,30
2024-08-26,Dress,Clothing,1151.56,16
2024-08-26,Blender,Home & Kitchen,743.02,15
2024-08-26,Coffee Maker,Home & Kitchen,952.19,12
2024-08-26,Cookware Set,Home & Kitchen,1383.23,11
2024-08-26,Vacuum Cleaner,Home & Kitchen,1224.35,6
2024-08-26,Air Fryer,Home & Kitchen,1337.26,16
2024-08-26,Shampoo,Beauty,360.2,32
2024-08-26,Moisturizer,Beauty,1133.33,39
2024-08-26,Lipstick,Beauty,419.23,25
2024-08-26,Perfume,Beauty,725.12,12
2024-08-26,Face Serum,Beauty,598.46,15
2024-08-27,Laptop,Electronics,7115.49,8
2024-08-27,Smartphone,Electronics,8296.39,13
2024-08-27,Headphones,Electronics,2547.23,19
2024-08-27,Tablet,Electronics,4583.63,11
2024-08-27,Smart Watch,Electronics,5120.57,20
2024-08-27,T-Shirt,Clothing,950.2,42
2024-08-27,Jeans,Clothing,1883.72,31
2024-08-27,Jacket,Clothing,1250.57,14
2024-08-27,Sneakers,Clothing,1279.08,16
2024-08-27,Dress,Clothing,1022.36,16
2024-08-27,Blender,Home & Kitchen,588.84,13
2024-08-27,Coffee Maker,Home & Kitchen,625.89,8
2024-08-27,Cookware Set,Home & Kitchen,937.96,7
2024-08-27,Vacuum Cleaner,Home & Kitchen,1408.32,7
2024-08-27,Air Fryer,Home & Kitchen,1375.3,15
2024-08-27,Shampoo,Beauty,500.29,42
2024-08-27,Moisturizer,Beauty,942.66,34
2024-08-27,Lipstick,Beauty,439.25,24
2024-08-27,Perfume,Beauty,623.87,10
2024-08-27,Face Serum,Beauty,486.87,12
2024-08-28,Laptop,Electronics,6044.34,7
2024-08-28,Smartphone,Electronics,8733.47,14
2024-08-28,Headphones,Electronics,2433.72,19
2024-08-28,Tablet,Electronics,6314.39,17
2024-08-28,Smart Watch,Electronics,3715.01,16
2024-08-28,T-Shirt,Clothing,744.77,32
2024-08-28,Jeans,Clothing,1859.92,31
2024-08-28,Jacket,Clothing,1009.46,12
2024-08-28,Sneakers,Clothing,1503.3,20
2024-08-28,Dress,Clothing,1226.23,18
2024-08-28,Blender,Home & Kitchen,667.3,13
2024-08-28,Coffee Maker,Home & Kitchen,902.51,11
2024-08-28,Cookware Set,Home & Kitchen,969.45,8
2024-08-28,Vacuum Cleaner,Home & Kitchen,1173.22,6
2024-08-28,Air Fryer,Home & Kitchen,1620.17,18
2024-08-28,Shampoo,Beauty,379.05,31
2024-08-28,Moisturizer,Beauty,969.41,36
2024-08-28,Lipstick,Beauty,615.68,34
2024-08-28,Perfume,Beauty,603.52,9
2024-08-28,Face Serum,Beauty,485.72,12
2024-08-29,Laptop,Electronics,8413.49,9
2024-08-29,Smartphone,Electronics,9566.59,15
2024-08-29,Headphones,Electronics,2932.15,23
2024-08-29,Tablet,Electronics,4130.18,10
2024-08-29,Smart Watch,Electronics,5077.19,21
2024-08-29,T-Shirt,Clothing,749.78,30
2024-08-29,Jeans,Clothing,1232.8,22
2024-08-29,Jacket,Clothing,1483.55,17
2024-08-29,Sneakers,Clothing,1364.11,17
2024-08-29,Dress,Clothing,950.57,14
2024-08-29,Blender,Home & Kitchen,913.02,19
2024-08-29,Coffee Maker,Home & Kitchen,1036.07,13
2024-08-29,Cookware Set,Home & Kitchen,988.12,8
2024-08-29,Vacuum Cleaner,Home & Kitchen,1445.94,7
2024-08-29,Air Fryer,Home & Kitchen,1240.93,15
2024-08-29,Shampoo,Beauty,304.31,27
2024-08-29,Moisturizer,Beauty,575.49,20
2024-08-29,Lipstick,Beauty,537.6,32
2024-08-29,Perfume,Beauty,495.63,8
2024-08-29,Face Serum,Beauty,519.09,13
2024-08-30,Laptop,Electronics,4626.27,5
2024-08-30,Smartphone,Electronics,10217.22,17
2024-08-30,Headphones,Electronics,3503.66,27
2024-08-30,Tablet,Electronics,4472.72,11
2024-08-30,Smart Watch,Electronics,4129.0,18
2024-08-30,T-Shirt,Clothing,938.81,40
2024-08-30,Jeans,Clothing,1703.18,31
2024-08-30,Jacket,Clothing,1965.14,23
2024-08-30,Sneakers,Clothing,1454.87,18
2024-08-30,Dress,Clothing,970.1,15
2024-08-30,Blender,Home & Kitchen,645.95,13
2024-08-30,Coffee Maker,Home & Kitchen,911.97,11
2024-08-30,Cookware Set,Home & Kitchen,957.28,8
2024-08-30,Vacuum Cleaner,Home & Kitchen,1148.24,6
2024-08-30,Air Fryer,Home & Kitchen,1324.56,16
2024-08-30,Shampoo,Beauty,485.37,39
2024-08-30,Moisturizer,Beauty,733.4,26
2024-08-30,Lipstick,Beauty,548.07,30
2024-08-30,Perfume,Beauty,758.34,12
2024-08-30,Face Serum,Beauty,587.76,15
2024-08-31,Laptop,Electronics,6176.12,7
2024-08-31,Smartphone,Electronics,13633.71,22
2024-08-31,Headphones,Electronics,3688.99,30
2024-08-31,Tablet,Electronics,4880.81,13
2024-08-31,Smart Watch,Electronics,5324.82,21
2024-08-31,T-Shirt,Clothing,1630.82,71
2024-08-31,Jeans,Clothing,3939.25,68
2024-08-31,Jacket,Clothing,1696.58,19
2024-08-31,Sneakers,Clothing,2217.72,29
2024-08-31,Dress,Clothing,1442.08,22
2024-08-31,Blender,Home & Kitchen,538.47,11
2024-08-31,Coffee Maker,Home & Kitchen,1258.11,17
2024-08-31,Cookware Set,Home & Kitchen,1009.72,8
2024-08-31,Vacuum Cleaner,Home & Kitchen,1102.66,6
2024-08-31,Air Fryer,Home & Kitchen,1100.56,12
2024-08-31,Shampoo,Beauty,432.31,35
2024-08-31,Moisturizer,Beauty,1041.89,40
2024-08-31,Lipstick,Beauty,580.95,33
2024-08-31,Perfume,Beauty,563.66,9
2024-08-31,Face Serum,Beauty,739.31,17
2024-09-01,Laptop,Electronics,8119.46,9
2024-09-01,Smartphone,Electronics,15579.15,23
2024-09-01,Headphones,Electronics,3139.69,24
2024-09-01,Tablet,Electronics,4596.3,11
2024-09-01,Smart Watch,Electronics,6369.3,25
2024-09-01,T-Shirt,Clothing,1294.88,55
2024-09-01,Jeans,Clothing,1893.67,32
2024-09-01,Jacket,Clothing,2369.35,26
2024-09-01,Sneakers,Clothing,2539.23,34
2024-09-01,Dress,Clothing,1255.01,18
2024-09-01,Blender,Home & Kitchen,907.19,20
2024-09-01,Coffee Maker,Home & Kitchen,658.25,9
2024-09-01,Cookware Set,Home & Kitchen,1011.46,8
2024-09-01,Vacuum Cleaner,Home & Kitchen,1306.75,7
2024-09-01,Air Fryer,Home & Kitchen,1742.44,19
2024-09-01,Shampoo,Beauty,613.66,49
2024-09-01,Moisturizer,Beauty,1001.11,38
2024-09-01,Lipstick,Beauty,565.7,31
2024-09-01,Perfume,Beauty,677.28,10
2024-09-01,Face Serum,Beauty,989.7,23
2024-09-02,Laptop,Electronics,9129.61,10
2024-09-02,Smartphone,Electronics,11565.64,18
2024-09-02,Headphones,Electronics,3189.52,26
2024-09-02,Tablet,Electronics,4446.58,11
2024-09-02,Smart Watch,Electronics,3315.05,14
2024-09-02,T-Shirt,Clothing,646.91,29
2024-09-02,Jeans,Clothing,1552.05,28
2024-09-02,Jacket,Clothing,1394.99,15
2024-09-02,Sneakers,Clothing,1842.91,23
2024-09-02,Dress,Clothing,1131.14,17
2024-09-02,Blender,Home & Kitchen,654.82,13
2024-09-02,Coffee Maker,Home & Kitchen,950.23,13
2024-09-02,Cookware Set,Home & Kitchen,1262.05,10
2024-09-02,Vacuum Cleaner,Home & Kitchen,1297.43,7
2024-09-02,Air Fryer,Home & Kitchen,1297.61,14
2024-09-02,Shampoo,Beauty,482.71,39
2024-09-02,Moisturizer,Beauty,1060.73,38
2024-09-02,Lipstick,Beauty,600.67,34
2024-09-02,Perfume,Beauty,621.21,10
2024-09-02,Face Serum,Beauty,790.17,20
2024-09-03,Laptop,Electronics,8831.68,10
2024-09-03,Smartphone,Electronics,10493.98,17
2024-09-03,Headphones,Electronics,2928.58,22
2024-09-03,Tablet,Electronics,3866.55,10
2024-09-03,Smart Watch,Electronics,5627.39,22
2024-09-03,T-Shirt,Clothing,882.45,37
2024-09-03,Jeans,Clothing,1928.13,33
2024-09-03,Jacket,Clothing,1147.7,14
2024-09-03,Sneakers,Clothing,1589.2,21
2024-09-03,Dress,Clothing,1160.38,18
2024-09-03,Blender,Home & Kitchen,728.15,15
2024-09-03,Coffee Maker,Home & Kitchen,1128.19,14
2024-09-03,Cookware Set,Home & Kitchen,1157.59,9
2024-09-03,Vacuum Cleaner,Home & Kitchen,1288.74,7
2024-09-03,Air Fryer,Home & Kitchen,993.89,11
2024-09-03,Shampoo,Beauty,301.84,27
2024-09-03,Moisturizer,Beauty,724.11,25
2024-09-03,Lipstick,Beauty,621.74,36
2024-09-03,Perfume,Beauty,542.82,9
2024-09-03,Face Serum,Beauty,697.78,18
2024-09-04,Laptop,Electronics,4346.3,5
2024-09-04,Smartphone,Electronics,11320.72,18
2024-09-04,Headphones,Electronics,2168.37,17
2024-09-04,Tablet,Electronics,4159.18,10
2024-09-04,Smart Watch,Electronics,4386.15,19
2024-09-04,T-Shirt,Clothing,1060.3,43
2024-09-04,Jeans,Clothing,1725.24,31
2024-09-04,Jacket,Clothing,1512.26,17
2024-09-04,Sneakers,Clothing,1652.76,21
2024-09-04,Dress,Clothing,950.79,14
2024-09-04,Blender,Home & Kitchen,931.88,19
2024-09-04,Coffee Maker,Home & Kitchen,915.11,12
2024-09-04,Cookware Set,Home & Kitchen,1246.46,10
2024-09-04,Vacuum Cleaner,Home & Kitchen,1424.09,7
2024-09-04,Air Fryer,Home & Kitchen,1583.65,17
2024-09-04,Shampoo,Beauty,401.63,32
2024-09-04,Moisturizer,Beauty,930.82,35
2024-09-04,Lipstick,Beauty,902.22,53
2024-09-04,Perfume,Beauty,498.77,8
2024-09-04,Face Serum,Beauty,765.19,18
2024-09-05,Laptop,Electronics,9929.38,12
2024-09-05,Smartphone,Electronics,11642.54,18
2024-09-05,Headphones,Electronics,1966.57,16
2024-09-05,Tablet,Electronics,3726.92,9
2024-09-05,Smart Watch,Electronics,3633.4,14
2024-09-05,T-Shirt,Clothing,1204.11,49
2024-09-05,Jeans,Clothing,1681.61,29
2024-09-05,Jacket,Clothing,2143.78,25
2024-09-05,Sneakers,Clothing,2322.42,29
2024-09-05,Dress,Clothing,1123.67,16
2024-09-05,Blender,Home & Kitchen,866.63,17
2024-09-05,Coffee Maker,Home & Kitchen,821.02,11
2024-09-05,Cookware Set,Home & Kitchen,1212.82,10
2024-09-05,Vacuum Cleaner,Home & Kitchen,1145.96,6
2024-09-05,Air Fryer,Home & Kitchen,1369.28,15
2024-09-05,Shampoo,Beauty,335.61,30
2024-09-05,Moisturizer,Beauty,928.33,36
2024-09-05,Lipstick,Beauty,661.44,37
2024-09-05,Perfume,Beauty,510.41,8
2024-09-05,Face Serum,Beauty,581.69,14
2024-09-06,Laptop,Electronics,9172.66,10
2024-09-06,Smartphone,Electronics,14595.87,22
2024-09-06,Headphones,Electronics,2950.88,22
2024-09-06,Tablet,Electronics,4104.73,10
2024-09-06,Smart Watch,Electronics,2789.64,12
2024-09-06,T-Shirt,Clothing,1446.82,58
2024-09-06,Jeans,Clothing,2153.53,36
2024-09-06,Jacket,Clothing,1685.15,19
2024-09-06,Sneakers,Clothing,2697.33,34
2024-09-06,Dress,Clothing,1134.66,16
2024-09-06,Blender,Home & Kitchen,998.33,21
2024-09-06,Coffee Maker,Home & Kitchen,836.21,11
2024-09-06,Cookware Set,Home & Kitchen,1103.62,9
2024-09-06,Vacuum Cleaner,Home & Kitchen,1322.6,7
2024-09-06,Air Fryer,Home & Kitchen,1175.69,13
2024-09-06,Shampoo,Beauty,515.82,41
2024-09-06,Moisturizer,Beauty,912.69,35
2024-09-06,Lipstick,Beauty,429.77,23
2024-09-06,Perfume,Beauty,755.97,12
2024-09-06,Face Serum,Beauty,557.4,13
2024-09-07,Laptop,Electronics,7438.92,8
2024-09-07,Smartphone,Electronics,12465.48,19
2024-09-07,Headphones,Electronics,3919.3,32
2024-09-07,Tablet,Electronics,5268.64,14
2024-09-07,Smart Watch,Electronics,7798.18,31
2024-09-07,T-Shirt,Clothing,1730.17,75
2024-09-07,Jeans,Clothing,1852.51,34
2024-09-07,Jacket,Clothing,2030.8,23
2024-09-07,Sneakers,Clothing,1889.87,25
2024-09-07,Dress,Clothing,1216.83,19
2024-09-07,Blender,Home & Kitchen,782.81,17
2024-09-07,Coffee Maker,Home & Kitchen,1206.47,16
2024-09-07,Cookware Set,Home & Kitchen,1230.72,10
2024-09-07,Vacuum Cleaner,Home & Kitchen,1576.87,8
2024-09-07,Air Fryer,Home & Kitchen,1651.37,19
2024-09-07,Shampoo,Beauty,587.99,51
2024-09-07,Moisturizer,Beauty,985.4,35
2024-09-07,Lipstick,Beauty,764.69,44
2024-09-07,Perfume,Beauty,838.02,14
2024-09-07,Face Serum,Beauty,669.98,16
2024-09-08,Laptop,Electronics,7428.65,8
2024-09-08,Smartphone,Electronics,11358.66,19
2024-09-08,Headphones,Electronics,4635.23,39
2024-09-08,Tablet,Electronics,7111.79,17
2024-09-08,Smart Watch,Electronics,5059.14,22
2024-09-08,T-Shirt,Clothing,2169.96,87
2024-09-08,Jeans,Clothing,3044.42,51
2024-09-08,Jacket,Clothing,2801.78,31
2024-09-08,Sneakers,Clothing,3492.96,43
2024-09-08,Dress,Clothing,1776.81,27
2024-09-08,Blender,Home & Kitchen,899.92,19
2024-09-08,Coffee Maker,Home & Kitchen,659.97,9
2024-09-08,Cookware Set,Home & Kitchen,1614.07,12
2024-09-08,Vacuum Cleaner,Home & Kitchen,1140.97,6
2024-09-08,Air Fryer,Home & Kitchen,1211.41,14
2024-09-08,Shampoo,Beauty,499.21,42
2024-09-08,Moisturizer,Beauty,869.44,33
2024-09-08,Lipstick,Beauty,702.58,39
2024-09-08,Perfume,Beauty,736.7,12
2024-09-08,Face Serum,Beauty,761.82,18
2024-09-09,Laptop,Electronics,6377.55,7
2024-09-09,Smartphone,Electronics,10194.9,17
2024-09-09,Headphones,Electronics,3180.05,24
2024-09-09,Tablet,Electronics,4314.34,11
2024-09-09,Smart Watch,Electronics,3876.42,15
2024-09-09,T-Shirt,Clothing,979.26,42
2024-09-09,Jeans,Clothing,1354.41,23
2024-09-09,Jacket,Clothing,1425.97,16
2024-09-09,Sneakers,Clothing,1294.54,17
2024-09-09,Dress,Clothing,1036.54,15
2024-09-09,Blender,Home & Kitchen,771.67,15
2024-09-09,Coffee Maker,Home & Kitchen,872.16,11
2024-09-09,Cookware Set,Home & Kitchen,1209.71,10
2024-09-09,Vacuum Cleaner,Home & Kitchen,1457.76,7
2024-09-09,Air Fryer,Home & Kitchen,950.73,11
2024-09-09,Shampoo,Beauty,350.29,31
2024-09-09,Moisturizer,Beauty,870.5,32
2024-09-09,Lipstick,Beauty,423.39,25
2024-09-09,Perfume,Beauty,610.77,9
2024-09-09,Face Serum,Beauty,499.55,12
2024-09-10,Laptop,Electronics,5916.91,7
2024-09-10,Smartphone,Electronics,8503.25,13
2024-09-10,Headphones,Electronics,2692.25,22
2024-09-10,Tablet,Electronics,4536.0,11
2024-09-10,Smart Watch,Electronics,4629.33,20
2024-09-10,T-Shirt,Clothing,1019.66,42
2024-09-10,Jeans,Clothing,2122.93,38
2024-09-10,Jacket,Clothing,1667.44,18
2024-09-10,Sneakers,Clothing,1777.91,22
2024-09-10,Dress,Clothing,1325.97,19
2024-09-10,Blender,Home & Kitchen,706.32,14
2024-09-10,Coffee Maker,Home & Kitchen,907.18,12
2024-09-10,Cookware Set,Home & Kitchen,1190.02,9
2024-09-10,Vacuum Cleaner,Home & Kitchen,1404.53,7
2024-09-10,Air Fryer,Home & Kitchen,1324.02,16
2024-09-10,Shampoo,Beauty,318.42,27
2024-09-10,Moisturizer,Beauty,1166.85,44
2024-09-10,Lipstick,Beauty,472.23,28
2024-09-10,Perfume,Beauty,522.49,8
2024-09-10,Face Serum,Beauty,353.57,9
2024-09-11,Laptop,Electronics,7557.56,9
2024-09-11,Smartphone,Electronics,11407.66,17
2024-09-11,Headphones,Electronics,2604.9,21
2024-09-11,Tablet,Electronics,2751.5,7
2024-09-11,Smart Watch,Electronics,4127.03,18
2024-09-11,T-Shirt,Clothing,757.59,33
2024-09-11,Jeans,Clothing,1747.65,32
2024-09-11,Jacket,Clothing,1468.69,16
2024-09-11,Sneakers,Clothing,1244.63,17
2024-09-11,Dress,Clothing,1119.43,16
2024-09-11,Blender,Home & Kitchen,810.32,17
2024-09-11,Coffee Maker,Home & Kitchen,988.68,12
2024-09-11,Cookware Set,Home & Kitchen,861.9,7
2024-09-11,Vacuum Cleaner,Home & Kitchen,1306.66,7
2024-09-11,Air Fryer,Home & Kitchen,1115.78,13
2024-09-11,Shampoo,Beauty,255.5,22
2024-09-11,Moisturizer,Beauty,578.73,20
2024-09-11,Lipstick,Beauty,467.45,27
2024-09-11,Perfume,Beauty,583.67,9
2024-09-11,Face Serum,Beauty,548.46,13
2024-09-12,Laptop,Electronics,5916.35,7
2024-09-12,Smartphone,Electronics,12298.2,20
2024-09-12,Headphones,Electronics,2799.98,22
2024-09-12,Tablet,Electronics,3900.3,10
2024-09-12,Smart Watch,Electronics,4053.21,16
2024-09-12,T-Shirt,Clothing,1008.05,42
2024-09-12,Jeans,Clothing,1643.13,29
2024-09-12,Jacket,Clothing,1579.45,18
2024-09-12,Sneakers,Clothing,1846.12,25
2024-09-12,Dress,Clothing,733.85,11
2024-09-12,Blender,Home & Kitchen,908.36,18
2024-09-12,Coffee Maker,Home & Kitchen,924.84,12
2024-09-12,Cookware Set,Home & Kitchen,789.16,6
2024-09-12,Vacuum Cleaner,Home & Kitchen,1576.51,8
2024-09-12,Air Fryer,Home & Kitchen,930.75,11
2024-09-12,Shampoo,Beauty,405.85,35
2024-09-12,Moisturizer,Beauty,588.37,22
2024-09-12,Lipstick,Beauty,405.84,24
2024-09-12,Perfume,Beauty,672.86,10
2024-09-12,Face Serum,Beauty,646.89,15
2024-09-13,Laptop,Electronics,5869.53,7
2024-09-13,Smartphone,Electronics,11701.8,19
2024-09-13,Headphones,Electronics,2973.06,24
2024-09-13,Tablet,Electronics,4942.88,12
2024-09-13,Smart Watch,Electronics,4309.04,17
2024-09-13,T-Shirt,Clothing,859.07,35
2024-09-13,Jeans,Clothing,1260.38,22
2024-09-13,Jacket,Clothing,1417.4,16
2024-09-13,Sneakers,Clothing,1307.48,17
2024-09-13,Dress,Clothing,878.52,13
2024-09-13,Blender,Home & Kitchen,563.19,12
2024-09-13,Coffee Maker,Home & Kitchen,740.23,10
2024-09-13,Cookware Set,Home & Kitchen,741.11,6
2024-09-13,Vacuum Cleaner,Home & Kitchen,1119.45,6
2024-09-13,Air Fryer,Home & Kitchen,825.96,10
2024-09-13,Shampoo,Beauty,356.99,29
2024-09-13,Moisturizer,Beauty,970.38,34
2024-09-13,Lipstick,Beauty,402.3,24
2024-09-13,Perfume,Beauty,573.64,9
2024-09-13,Face Serum,Beauty,588.03,14
2024-09-14,Laptop,Electronics,6864.22,8
2024-09-14,Smartphone,Electronics,8214.64,13
2024-09-14,Headphones,Electronics,4730.84,35
2024-09-14,Tablet,Electronics,5567.67,14
2024-09-14,Smart Watch,Electronics,4366.6,19
2024-09-14,T-Shirt,Clothing,2012.36,86
2024-09-14,Jeans,Clothing,2579.25,46
2024-09-14,Jacket,Clothing,2387.83,28
2024-09-14,Sneakers,Clothing,1943.44,24
2024-09-14,Dress,Clothing,1731.93,25
2024-09-14,Blender,Home & Kitchen,923.53,20
2024-09-14,Coffee Maker,Home & Kitchen,874.89,12
2024-09-14,Cookware Set,Home & Kitchen,1190.97,9
2024-09-14,Vacuum Cleaner,Home & Kitchen,1379.43,7
2024-09-14,Air Fryer,Home & Kitchen,1641.86,18
2024-09-14,Shampoo,Beauty,439.07,39
2024-09-14,Moisturizer,Beauty,1154.35,40
2024-09-14,Lipstick,Beauty,612.73,34
2024-09-14,Perfume,Beauty,854.17,14
2024-09-14,Face Serum,Beauty,689.36,16
2024-09-15,Laptop,Electronics,7983.41,9
2024-09-15,Smartphone,Electronics,14952.03,22
2024-09-15,Headphones,Electronics,3100.74,25
2024-09-15,Tablet,Electronics,6251.5,17
2024-09-15,Smart Watch,Electronics,4729.18,19
2024-09-15,T-Shirt,Clothing,1242.2,55
2024-09-15,Jeans,Clothing,2535.26,44
2024-09-15,Jacket,Clothing,1941.31,23
2024-09-15,Sneakers,Clothing,4056.41,49
2024-09-15,Dress,Clothing,2092.27,30
2024-09-15,Blender,Home & Kitchen,1131.29,25
2024-09-15,Coffee Maker,Home & Kitchen,778.06,10
2024-09-15,Cookware Set,Home & Kitchen,1021.87,8
2024-09-15,Vacuum Cleaner,Home & Kitchen,1219.9,6
2024-09-15,Air Fryer,Home & Kitchen,829.88,10
2024-09-15,Shampoo,Beauty,413.59,33
2024-09-15,Moisturizer,Beauty,1233.68,44
2024-09-15,Lipstick,Beauty,625.41,36
2024-09-15,Perfume,Beauty,667.45,10
2024-09-15,Face Serum,Beauty,741.38,17
2024-09-16,Laptop,Electronics,4699.13,5
2024-09-16,Smartphone,Electronics,7847.76,12
2024-09-16,Headphones,Electronics,2772.72,22
2024-09-16,Tablet,Electronics,3750.87,10
2024-09-16,Smart Watch,Electronics,4147.91,18
2024-09-16,T-Shirt,Clothing,855.81,37
2024-09-16,Jeans,Clothing,1268.23,23
2024-09-16,Jacket,Clothing,1762.07,19
2024-09-16,Sneakers,Clothing,1774.66,22
2024-09-16,Dress,Clothing,698.33,10
2024-09-16,Blender,Home & Kitchen,539.04,11
2024-09-16,Coffee Maker,Home & Kitchen,1212.14,16
2024-09-16,Cookware Set,Home & Kitchen,1130.77,9
2024-09-16,Vacuum Cleaner,Home & Kitchen,1213.25,6
2024-09-16,Air Fryer,Home & Kitchen,1102.46,12
2024-09-16,Shampoo,Beauty,366.06,30
2024-09-16,Moisturizer,Beauty,816.95,28
2024-09-16,Lipstick,Beauty,569.19,34
2024-09-16,Perfume,Beauty,711.92,11
2024-09-16,Face Serum,Beauty,603.29,14
2024-09-17,Laptop,Electronics,6445.71,7
2024-09-17,Smartphone,Electronics,15582.04,23
2024-09-17,Headphones,Electronics,3096.64,24
2024-09-17,Tablet,Electronics,3938.65,10
2024-09-17,Smart Watch,Electronics,4613.84,20
2024-09-17,T-Shirt,Clothing,1275.7,54
2024-09-17,Jeans,Clothing,1525.05,26
2024-09-17,Jacket,Clothing,1152.64,14
2024-09-17,Sneakers,Clothing,1609.94,20
2024-09-17,Dress,Clothing,907.13,13
2024-09-17,Blender,Home & Kitchen,614.61,12
2024-09-17,Coffee Maker,Home & Kitchen,713.69,9
2024-09-17,Cookware Set,Home & Kitchen,1189.17,10
2024-09-17,Vacuum Cleaner,Home & Kitchen,1165.43,6
2024-09-17,Air Fryer,Home & Kitchen,1096.82,13
2024-09-17,Shampoo,Beauty,367.73,33
2024-09-17,Moisturizer,Beauty,813.22,28
2024-09-17,Lipstick,Beauty,584.62,35
2024-09-17,Perfume,Beauty,849.16,13
2024-09-17,Face Serum,Beauty,504.94,12
2024-09-18,Laptop,Electronics,6368.48,7
2024-09-18,Smartphone,Electronics,10257.51,16
2024-09-18,Headphones,Electronics,2268.48,18
2024-09-18,Tablet,Electronics,2850.46,7
2024-09-18,Smart Watch,Electronics,5431.07,21
2024-09-18,T-Shirt,Clothing,903.88,39
2024-09-18,Jeans,Clothing,1344.07,24
2024-09-18,Jacket,Clothing,1517.14,18
2024-09-18,Sneakers,Clothing,1245.65,17
2024-09-18,Dress,Clothing,1008.08,14
2024-09-18,Blender,Home & Kitchen,603.88,12
2024-09-18,Coffee Maker,Home & Kitchen,588.71,8
2024-09-18,Cookware Set,Home & Kitchen,996.24,8
2024-09-18,Vacuum Cleaner,Home & Kitchen,1043.73,5
2024-09-18,Air Fryer,Home & Kitchen,960.9,11
2024-09-18,Shampoo,Beauty,357.73,32
2024-09-18,Moisturizer,Beauty,959.15,35
2024-09-18,Lipstick,Beauty,562.16,32
2024-09-18,Perfume,Beauty,652.14,10
2024-09-18,Face Serum,Beauty,513.81,12
2024-09-19,Laptop,Electronics,6582.82,7
2024-09-19,Smartphone,Electronics,7792.7,13
2024-09-19,Headphones,Electronics,2324.38,19
2024-09-19,Tablet,Electronics,3530.33,9
2024-09-19,Smart Watch,Electronics,3648.03,14
2024-09-19,T-Shirt,Clothing,1000.64,44
2024-09-19,Jeans,Clothing,1863.09,32
2024-09-19,Jacket,Clothing,1242.24,15
2024-09-19,Sneakers,Clothing,1321.95,17
2024-09-19,Dress,Clothing,782.12,11
2024-09-19,Blender,Home & Kitchen,859.68,17
2024-09-19,Coffee Maker,Home & Kitchen,557.24,7
2024-09-19,Cookware Set,Home & Kitchen,1014.22,8
2024-09-19,Vacuum Cleaner,Home & Kitchen,985.34,5
2024-09-19,Air Fryer,Home & Kitchen,1157.76,13
2024-09-19,Shampoo,Beauty,381.12,32
2024-09-19,Moisturizer,Beauty,900.32,31
2024-09-19,Lipstick,Beauty,602.92,33
2024-09-19,Perfume,Beauty,378.35,6
2024-09-19,Face Serum,Beauty,655.57,15
2024-09-20,Laptop,Electronics,6565.59,7
2024-09-20,Smartphone,Electronics,12135.1,18
2024-09-20,Headphones,Electronics,2892.24,22
2024-09-20,Tablet,Electronics,3239.62,8
2024-09-20,Smart Watch,Electronics,4198.35,17
2024-09-20,T-Shirt,Clothing,1111.02,46
2024-09-20,Jeans,Clothing,1798.6,30
2024-09-20,Jacket,Clothing,1375.46,16
2024-09-20,Sneakers,Clothing,1430.78,19
2024-09-20,Dress,Clothing,1001.96,15
2024-09-20,Blender,Home & Kitchen,849.25,18
2024-09-20,Coffee Maker,Home & Kitchen,750.86,10
2024-09-20,Cookware Set,Home & Kitchen,1174.51,9
2024-09-20,Vacuum Cleaner,Home & Kitchen,1663.09,8
2024-09-20,Air Fryer,Home & Kitchen,1795.22,21
2024-09-20,Shampoo,Beauty,443.88,37
2024-09-20,Moisturizer,Beauty,768.72,29
2024-09-20,Lipstick,Beauty,382.79,22
2024-09-20,Perfume,Beauty,586.89,9
2024-09-20,Face Serum,Beauty,693.35,17
2024-09-21,Laptop,Electronics,7120.4,8
2024-09-21,Smartphone,Electronics,12612.94,21
2024-09-21,Headphones,Electronics,3792.45,31
2024-09-21,Tablet,Electronics,4827.83,12
2024-09-21,Smart Watch,Electronics,5612.8,24
2024-09-21,T-Shirt,Clothing,1307.8,52
2024-09-21,Jeans,Clothing,2275.64,38
2024-09-21,Jacket,Clothing,2501.94,27
2024-09-21,Sneakers,Clothing,2271.21,30
2024-09-21,Dress,Clothing,1320.43,19
2024-09-21,Blender,Home & Kitchen,952.3,19
2024-09-21,Coffee Maker,Home & Kitchen,932.21,12
2024-09-21,Cookware Set,Home & Kitchen,1107.15,9
2024-09-21,Vacuum Cleaner,Home & Kitchen,1497.98,8
2024-09-21,Air Fryer,Home & Kitchen,1420.59,17
2024-09-21,Shampoo,Beauty,284.5,24
2024-09-21,Moisturizer,Beauty,959.34,37
2024-09-21,Lipstick,Beauty,549.39,33
2024-09-21,Perfume,Beauty,613.08,10
2024-09-21,Face Serum,Beauty,425.93,11
2024-09-22,Laptop,Electronics,6251.61,7
2024-09-22,Smartphone,Electronics,7851.28,12
2024-09-22,Headphones,Electronics,4685.49,38
2024-09-22,Tablet,Electronics,4428.75,12
2024-09-22,Smart Watch,Electronics,5994.91,23
2024-09-22,T-Shirt,Clothing,1302.42,53
2024-09-22,Jeans,Clothing,1701.15,28
2024-09-22,Jacket,Clothing,2116.32,23
2024-09-22,Sneakers,Clothing,1993.96,27
2024-09-22,Dress,Clothing,1720.66,24
2024-09-22,Blender,Home & Kitchen,714.6,15
2024-09-22,Coffee Maker,Home & Kitchen,1394.05,18
2024-09-22,Cookware Set,Home & Kitchen,1366.93,11
2024-09-22,Vacuum Cleaner,Home & Kitchen,1720.71,9
2024-09-22,Air Fryer,Home & Kitchen,1306.64,14
2024-09-22,Shampoo,Beauty,429.32,38
2024-09-22,Moisturizer,Beauty,1311.18,46
2024-09-22,Lipstick,Beauty,535.84,30
2024-09-22,Perfume,Beauty,665.33,11
2024-09-22,Face Serum,Beauty,585.05,14
2024-09-23,Laptop,Electronics,6810.61,8
2024-09-23,Smartphone,Electronics,6627.05,11
2024-09-23,Headphones,Electronics,2615.08,20
2024-09-23,Tablet,Electronics,3870.22,10
2024-09-23,Smart Watch,Electronics,4309.93,18
2024-09-23,T-Shirt,Clothing,1164.61,47
2024-09-23,Jeans,Clothing,1267.33,21
2024-09-23,Jacket,Clothing,1428.73,17
2024-09-23,Sneakers,Clothing,1195.6,15
2024-09-23,Dress,Clothing,985.47,14
2024-09-23,Blender,Home & Kitchen,733.85,15
2024-09-23,Coffee Maker,Home & Kitchen,750.81,10
2024-09-23,Cookware Set,Home & Kitchen,1315.82,11
2024-09-23,Vacuum Cleaner,Home & Kitchen,1185.66,6
2024-09-23,Air Fryer,Home & Kitchen,1350.67,15
2024-09-23,Shampoo,Beauty,357.03,32
2024-09-23,Moisturizer,Beauty,799.1,30
2024-09-23,Lipstick,Beauty,520.84,30
2024-09-23,Perfume,Beauty,577.64,9
2024-09-23,Face Serum,Beauty,523.47,13
2024-09-24,Laptop,Electronics,5982.81,7
2024-09-24,Smartphone,Electronics,8037.67,13
2024-09-24,Headphones,Electronics,2659.3,20
2024-09-24,Tablet,Electronics,3766.26,10
2024-09-24,Smart Watch,Electronics,4256.0,17
2024-09-24,T-Shirt,Clothing,1315.39,53
2024-09-24,Jeans,Clothing,1110.3,20
2024-09-24,Jacket,Clothing,1831.6,22
2024-09-24,Sneakers,Clothing,1313.53,16
2024-09-24,Dress,Clothing,1070.07,15
2024-09-24,Blender,Home & Kitchen,736.7,16
2024-09-24,Coffee Maker,Home & Kitchen,703.75,9
2024-09-24,Cookware Set,Home & Kitchen,889.42,7
2024-09-24,Vacuum Cleaner,Home & Kitchen,1115.98,6
2024-09-24,Air Fryer,Home & Kitchen,1381.0,15
2024-09-24,Shampoo,Beauty,444.66,36
2024-09-24,Moisturizer,Beauty,621.04,24
2024-09-24,Lipstick,Beauty,477.53,26
2024-09-24,Perfume,Beauty,379.58,6
2024-09-24,Face Serum,Beauty,484.29,11
2024-09-25,Laptop,Electronics,7942.12,9
2024-09-25,Smartphone,Electronics,9546.02,15
2024-09-25,Headphones,Electronics,2461.94,19
2024-09-25,Tablet,Electronics,5025.68,12
2024-09-25,Smart Watch,Electronics,5476.39,21
2024-09-25,T-Shirt,Clothing,821.62,36
2024-09-25,Jeans,Clothing,1547.65,26
2024-09-25,Jacket,Clothing,1014.68,12
2024-09-25,Sneakers,Clothing,1240.96,17
2024-09-25,Dress,Clothing,1059.76,15
2024-09-25,Blender,Home & Kitchen,784.87,16
2024-09-25,Coffee Maker,Home & Kitchen,815.41,10
2024-09-25,Cookware Set,Home & Kitchen,1058.39,8
2024-09-25,Vacuum Cleaner,Home & Kitchen,1440.53,7
2024-09-25,Air Fryer,Home & Kitchen,1137.56,13
2024-09-25,Shampoo,Beauty,391.8,33
2024-09-25,Moisturizer,Beauty,755.12,27
2024-09-25,Lipstick,Beauty,481.24,27
2024-09-25,Perfume,Beauty,389.02,6
2024-09-25,Face Serum,Beauty,487.36,12
2024-09-26,Laptop,Electronics,6112.79,7
2024-09-26,Smartphone,Electronics,9299.84,14
2024-09-26,Headphones,Electronics,2337.62,19
2024-09-26,Tablet,Electronics,3257.83,8
2024-09-26,Smart Watch,Electronics,4129.57,17
2024-09-26,T-Shirt,Clothing,978.86,40
2024-09-26,Jeans,Clothing,1626.73,27
2024-09-26,Jacket,Clothing,1282.86,14
2024-09-26,Sneakers,Clothing,1629.06,21
2024-09-26,Dress,Clothing,838.18,12
2024-09-26,Blender,Home & Kitchen,580.57,12
2024-09-26,Coffee Maker,Home & Kitchen,1075.59,13
2024-09-26,Cookware Set,Home & Kitchen,943.73,7
2024-09-26,Vacuum Cleaner,Home & Kitchen,1174.92,6
2024-09-26,Air Fryer,Home & Kitchen,1076.51,12
2024-09-26,Shampoo,Beauty,438.84,38
2024-09-26,Moisturizer,Beauty,854.02,33
2024-09-26,Lipstick,Beauty,368.9,21
2024-09-26,Perfume,Beauty,693.51,11
2024-09-26,Face Serum,Beauty,649.08,15
2024-09-27,Laptop,Electronics,5649.64,6
2024-09-27,Smartphone,Electronics,7518.45,12
2024-09-27,Headphones,Electronics,2933.64,22
2024-09-27,Tablet,Electronics,3786.0,10
2024-09-27,Smart Watch,Electronics,3034.18,12
2024-09-27,T-Shirt,Clothing,1024.37,42
2024-09-27,Jeans,Clothing,1649.4,30
2024-09-27,Jacket,Clothing,1356.16,16
2024-09-27,Sneakers,Clothing,1572.73,19
2024-09-27,Dress,Clothing,892.69,14
2024-09-27,Blender,Home & Kitchen,655.95,13
2024-09-27,Coffee Maker,Home & Kitchen,960.66,13
2024-09-27,Cookware Set,Home & Kitchen,1047.95,8
2024-09-27,Vacuum Cleaner,Home & Kitchen,1134.7,6
2024-09-27,Air Fryer,Home & Kitchen,887.57,10
2024-09-27,Shampoo,Beauty,366.69,30
2024-09-27,Moisturizer,Beauty,949.58,33
2024-09-27,Lipstick,Beauty,451.76,25
2024-09-27,Perfume,Beauty,483.48,8
2024-09-27,Face Serum,Beauty,539.35,13
2024-09-28,Laptop,Electronics,8336.78,9
2024-09-28,Smartphone,Electronics,11952.72,18
2024-09-28,Headphones,Electronics,4442.31,37
2024-09-28,Tablet,Electronics,5794.97,14
2024-09-28,Smart Watch,Electronics,4403.9,18
2024-09-28,T-Shirt,Clothing,1658.36,75
2024-09-28,Jeans,Clothing,1541.23,28
2024-09-28,Jacket,Clothing,2092.33,23
2024-09-28,Sneakers,Clothing,1807.94,22
2024-09-28,Dress,Clothing,1631.77,24
2024-09-28,Blender,Home & Kitchen,699.12,15
2024-09-28,Coffee Maker,Home & Kitchen,693.16,9
2024-09-28,Cookware Set,Home & Kitchen,1327.54,10
2024-09-28,Vacuum Cleaner,Home & Kitchen,1036.81,5
2024-09-28,Air Fryer,Home & Kitchen,1491.81,16
2024-09-28,Shampoo,Beauty,410.98,37
2024-09-28,Moisturizer,Beauty,907.8,34
2024-09-28,Lipstick,Beauty,632.24,37
2024-09-28,Perfume,Beauty,561.95,9
2024-09-28,Face Serum,Beauty,441.28,11
2024-09-29,Laptop,Electronics,6444.19,7
2024-09-29,Smartphone,Electronics,14483.32,24
2024-09-29,Headphones,Electronics,2860.76,22
2024-09-29,Tablet,Electronics,4193.51,11
2024-09-29,Smart Watch,Electronics,6985.53,27
2024-09-29,T-Shirt,Clothing,1282.01,58
2024-09-29,Jeans,Clothing,2663.1,43
2024-09-29,Jacket,Clothing,2941.36,33
2024-09-29,Sneakers,Clothing,2265.7,31
2024-09-29,Dress,Clothing,1525.75,22
2024-09-29,Blender,Home & Kitchen,900.63,18
2024-09-29,Coffee Maker,Home & Kitchen,587.27,8
2024-09-29,Cookware Set,Home & Kitchen,1051.87,8
2024-09-29,Vacuum Cleaner,Home & Kitchen,1668.27,8
2024-09-29,Air Fryer,Home & Kitchen,1034.01,12
2024-09-29,Shampoo,Beauty,277.89,23
2024-09-29,Moisturizer,Beauty,1014.7,35
2024-09-29,Lipstick,Beauty,601.46,35
2024-09-29,Perfume,Beauty,576.37,9
2024-09-29,Face Serum,Beauty,707.13,17
2024-09-30,Laptop,Electronics,5827.09,7
2024-09-30,Smartphone,Electronics,15938.56,24
2024-09-30,Headphones,Electronics,2924.96,24
2024-09-30,Tablet,Electronics,4069.33,10
2024-09-30,Smart Watch,Electronics,2966.56,12
2024-09-30,T-Shirt,Clothing,841.59,36
2024-09-30,Jeans,Clothing,1282.18,21
2024-09-30,Jacket,Clothing,1752.3,21
2024-09-30,Sneakers,Clothing,1202.07,15
2024-09-30,Dress,Clothing,975.42,14
2024-09-30,Blender,Home & Kitchen,793.45,16
2024-09-30,Coffee Maker,Home & Kitchen,677.74,9
2024-09-30,Cookware Set,Home & Kitchen,910.09,7
2024-09-30,Vacuum Cleaner,Home & Kitchen,1180.26,6
2024-09-30,Air Fryer,Home & Kitchen,945.21,11
2024-09-30,Shampoo,Beauty,378.39,31
2024-09-30,Moisturizer,Beauty,913.94,34
2024-09-30,Lipstick,Beauty,414.44,24
2024-09-30,Perfume,Beauty,466.28,7
2024-09-30,Face Serum,Beauty,743.41,17
2024-10-01,Laptop,Electronics,7747.15,9
2024-10-01,Smartphone,Electronics,9311.44,14
2024-10-01,Headphones,Electronics,2497.95,21
2024-10-01,Tablet,Electronics,3686.96,10
2024-10-01,Smart Watch,Electronics,3755.14,15
2024-10-01,T-Shirt,Clothing,802.0,33
2024-10-01,Jeans,Clothing,863.64,15
2024-10-01,Jacket,Clothing,1017.09,11
2024-10-01,Sneakers,Clothing,1227.13,15
2024-10-01,Dress,Clothing,756.95,11
2024-10-01,Blender,Home & Kitchen,550.45,12
2024-10-01,Coffee Maker,Home & Kitchen,820.94,10
2024-10-01,Cookware Set,Home & Kitchen,1109.18,9
2024-10-01,Vacuum Cleaner,Home & Kitchen,928.62,5
2024-10-01,Air Fryer,Home & Kitchen,818.98,9
2024-10-01,Shampoo,Beauty,375.34,32
2024-10-01,Moisturizer,Beauty,807.0,28
2024-10-01,Lipstick,Beauty,530.58,31
2024-10-01,Perfume,Beauty,448.92,7
2024-10-01,Face Serum,Beauty,431.2,10
2024-10-02,Laptop,Electronics,5178.59,6
2024-10-02,Smartphone,Electronics,7975.79,12
2024-10-02,Headphones,Electronics,2023.99,15
2024-10-02,Tablet,Electronics,4974.89,12
2024-10-02,Smart Watch,Electronics,3179.19,13
2024-10-02,T-Shirt,Clothing,696.36,31
2024-10-02,Jeans,Clothing,1737.74,30
2024-10-02,Jacket,Clothing,886.07,10
2024-10-02,Sneakers,Clothing,1195.75,16
2024-10-02,Dress,Clothing,792.21,11
2024-10-02,Blender,Home & Kitchen,775.22,16
2024-10-02,Coffee Maker,Home & Kitchen,872.91,11
2024-10-02,Cookware Set,Home & Kitchen,961.06,8
2024-10-02,Vacuum Cleaner,Home & Kitchen,1329.19,7
2024-10-02,Air Fryer,Home & Kitchen,1327.62,15
2024-10-02,Shampoo,Beauty,329.37,27
2024-10-02,Moisturizer,Beauty,708.71,26
2024-10-02,Lipstick,Beauty,525.12,29
2024-10-02,Perfume,Beauty,546.15,9
2024-10-02,Face Serum,Beauty,509.62,13
2024-10-03,Laptop,Electronics,6148.77,7
2024-10-03,Smartphone,Electronics,8764.21,13
2024-10-03,Headphones,Electronics,2884.28,23
2024-10-03,Tablet,Electronics,3279.82,8
2024-10-03,Smart Watch,Electronics,5988.19,24
2024-10-03,T-Shirt,Clothing,1082.22,47
2024-10-03,Jeans,Clothing,1904.48,32
2024-10-03,Jacket,Clothing,1197.88,14
2024-10-03,Sneakers,Clothing,1114.97,15
2024-10-03,Dress,Clothing,1012.22,15
2024-10-03,Blender,Home & Kitchen,749.99,15
2024-10-03,Coffee Maker,Home & Kitchen,909.39,12
2024-10-03,Cookware Set,Home & Kitchen,1166.74,9
2024-10-03,Vacuum Cleaner,Home & Kitchen,922.53,5
2024-10-03,Air Fryer,Home & Kitchen,1194.02,14
2024-10-03,Shampoo,Beauty,423.66,34
2024-10-03,Moisturizer,Beauty,822.43,29
2024-10-03,Lipstick,Beauty,390.95,21
2024-10-03,Perfume,Beauty,681.85,11
2024-10-03,Face Serum,Beauty,722.7,18
2024-10-04,Laptop,Electronics,5957.83,7
2024-10-04,Smartphone,Electronics,7879.6,13
2024-10-04,Headphones,Electronics,2152.09,16
2024-10-04,Tablet,Electronics,4171.53,10
2024-10-04,Smart Watch,Electronics,3820.9,15
2024-10-04,T-Shirt,Clothing,645.52,26
2024-10-04,Jeans,Clothing,1396.73,25
2024-10-04,Jacket,Clothing,1315.36,15
2024-10-04,Sneakers,Clothing,1074.05,14
2024-10-04,Dress,Clothing,1125.62,16
2024-10-04,Blender,Home & Kitchen,718.22,15
2024-10-04,Coffee Maker,Home & Kitchen,779.85,10
2024-10-04,Cookware Set,Home & Kitchen,1042.44,8
2024-10-04,Vacuum Cleaner,Home & Kitchen,1368.68,7
2024-10-04,Air Fryer,Home & Kitchen,1185.52,14
2024-10-04,Shampoo,Beauty,235.56,21
2024-10-04,Moisturizer,Beauty,842.41,30
2024-10-04,Lipstick,Beauty,562.46,30
2024-10-04,Perfume,Beauty,384.94,6
2024-10-04,Face Serum,Beauty,642.14,15
2024-10-05,Laptop,Electronics,8326.49,9
2024-10-05,Smartphone,Electronics,8919.02,14
2024-10-05,Headphones,Electronics,2995.03,24
2024-10-05,Tablet,Electronics,3523.0,9
2024-10-05,Smart Watch,Electronics,4525.13,18
2024-10-05,T-Shirt,Clothing,1104.81,50
2024-10-05,Jeans,Clothing,1975.18,36
2024-10-05,Jacket,Clothing,2109.62,24
2024-10-05,Sneakers,Clothing,1880.16,25
2024-10-05,Dress,Clothing,1169.73,17
2024-10-05,Blender,Home & Kitchen,893.19,18
2024-10-05,Coffee Maker,Home & Kitchen,841.68,11
2024-10-05,Cookware Set,Home & Kitchen,1116.44,9
2024-10-05,Vacuum Cleaner,Home & Kitchen,1341.81,7
2024-10-05,Air Fryer,Home & Kitchen,1340.54,16
2024-10-05,Shampoo,Beauty,456.53,37
2024-10-05,Moisturizer,Beauty,1043.65,38
2024-10-05,Lipstick,Beauty,467.14,28
2024-10-05,Perfume,Beauty,583.42,9
2024-10-05,Face Serum,Beauty,846.13,21
2024-10-06,Laptop,Electronics,6391.11,7
2024-10-06,Smartphone,Electronics,12796.8,20
2024-10-06,Headphones,Electronics,3159.14,24
2024-10-06,Tablet,Electronics,5381.2,13
2024-10-06,Smart Watch,Electronics,3414.34,14
2024-10-06,T-Shirt,Clothing,971.33,41
2024-10-06,Jeans,Clothing,2224.58,39
2024-10-06,Jacket,Clothing,1288.11,15
2024-10-06,Sneakers,Clothing,1654.47,22
2024-10-06,Dress,Clothing,1708.94,24
2024-10-06,Blender,Home & Kitchen,814.96,18
2024-10-06,Coffee Maker,Home & Kitchen,812.36,10
2024-10-06,Cookware Set,Home & Kitchen,863.96,7
2024-10-06,Vacuum Cleaner,Home & Kitchen,1552.2,8
2024-10-06,Air Fryer,Home & Kitchen,1015.56,12
2024-10-06,Shampoo,Beauty,435.75,37
2024-10-06,Moisturizer,Beauty,1253.38,43
2024-10-06,Lipstick,Beauty,556.47,33
2024-10-06,Perfume,Beauty,809.98,13
2024-10-06,Face Serum,Beauty,546.03,14
2024-10-07,Laptop,Electronics,5577.78,6
2024-10-07,Smartphone,Electronics,10599.89,16
2024-10-07,Headphones,Electronics,3454.31,26
2024-10-07,Tablet,Electronics,3987.33,10
2024-10-07,Smart Watch,Electronics,3211.4,14
2024-10-07,T-Shirt,Clothing,1220.42,52
2024-10-07,Jeans,Clothing,1037.09,17
2024-10-07,Jacket,Clothing,1175.33,14
2024-10-07,Sneakers,Clothing,1495.8,20
2024-10-07,Dress,Clothing,834.18,12
2024-10-07,Blender,Home & Kitchen,848.1,17
2024-10-07,Coffee Maker,Home & Kitchen,607.12,8
2024-10-07,Cookware Set,Home & Kitchen,1109.65,9
2024-10-07,Vacuum Cleaner,Home & Kitchen,976.43,5
2024-10-07,Air Fryer,Home & Kitchen,1118.46,13
2024-10-07,Shampoo,Beauty,280.21,24
2024-10-07,Moisturizer,Beauty,900.0,34
2024-10-07,Lipstick,Beauty,501.29,29
2024-10-07,Perfume,Beauty,571.45,9
2024-10-07,Face Serum,Beauty,658.11,15
2024-10-08,Laptop,Electronics,6394.56,7
2024-10-08,Smartphone,Electronics,6808.35,11
2024-10-08,Headphones,Electronics,3052.68,25
2024-10-08,Tablet,Electronics,4091.61,10
2024-10-08,Smart Watch,Electronics,3209.18,14
2024-10-08,T-Shirt,Clothing,799.62,34
2024-10-08,Jeans,Clothing,1090.09,19
2024-10-08,Jacket,Clothing,1579.41,19
2024-10-08,Sneakers,Clothing,1078.28,13
2024-10-08,Dress,Clothing,655.39,10
2024-10-08,Blender,Home & Kitchen,701.14,14
2024-10-08,Coffee Maker,Home & Kitchen,785.41,10
2024-10-08,Cookware Set,Home & Kitchen,1075.2,8
2024-10-08,Vacuum Cleaner,Home & Kitchen,935.83,5
2024-10-08,Air Fryer,Home & Kitchen,1137.84,13
2024-10-08,Shampoo,Beauty,410.3,33
2024-10-08,Moisturizer,Beauty,757.99,26
2024-10-08,Lipstick,Beauty,443.98,25
2024-10-08,Perfume,Beauty,792.31,12
2024-10-08,Face Serum,Beauty,337.83,8
2024-10-09,Laptop,Electronics,7330.96,8
2024-10-09,Smartphone,Electronics,9852.79,16
2024-10-09,Headphones,Electronics,2003.43,16
2024-10-09,Tablet,Electronics,5229.04,13
2024-10-09,Smart Watch,Electronics,3751.04,16
2024-10-09,T-Shirt,Clothing,936.91,41
2024-10-09,Jeans,Clothing,1215.55,22
2024-10-09,Jacket,Clothing,832.38,10
2024-10-09,Sneakers,Clothing,1227.23,15
2024-10-09,Dress,Clothing,1001.05,14
2024-10-09,Blender,Home & Kitchen,831.95,18
2024-10-09,Coffee Maker,Home & Kitchen,839.41,11
2024-10-09,Cookware Set,Home & Kitchen,738.46,6
2024-10-09,Vacuum Cleaner,Home & Kitchen,1370.99,7
2024-10-09,Air Fryer,Home & Kitchen,923.98,11
2024-10-09,Shampoo,Beauty,347.71,31
2024-10-09,Moisturizer,Beauty,851.77,32
2024-10-09,Lipstick,Beauty,542.85,30
2024-10-09,Perfume,Beauty,597.44,9
2024-10-09,Face Serum,Beauty,432.87,11
2024-10-10,Laptop,Electronics,5259.43,6
2024-10-10,Smartphone,Electronics,7384.23,12
2024-10-10,Headphones,Electronics,3177.21,24
2024-10-10,Tablet,Electronics,4157.7,10
2024-10-10,Smart Watch,Electronics,3242.88,14
2024-10-10,T-Shirt,Clothing,907.3,40
2024-10-10,Jeans,Clothing,1387.94,25
2024-10-10,Jacket,Clothing,1430.22,17
2024-10-10,Sneakers,Clothing,1382.83,17
2024-10-10,Dress,Clothing,828.04,13
2024-10-10,Blender,Home & Kitchen,717.56,14
2024-10-10,Coffee Maker,Home & Kitchen,768.78,10
2024-10-10,Cookware Set,Home & Kitchen,1280.37,10
2024-10-10,Vacuum Cleaner,Home & Kitchen,991.89,5
2024-10-10,Air Fryer,Home & Kitchen,1018.9,11
2024-10-10,Shampoo,Beauty,399.46,33
2024-10-10,Moisturizer,Beauty,564.13,21
2024-10-10,Lipstick,Beauty,408.0,23
2024-10-10,Perfume,Beauty,670.11,11
2024-10-10,Face Serum,Beauty,668.99,17
2024-10-11,Laptop,Electronics,7116.87,8
2024-10-11,Smartphone,Electronics,8624.62,14
2024-10-11,Headphones,Electronics,2140.93,18
2024-10-11,Tablet,Electronics,2757.26,7
2024-10-11,Smart Watch,Electronics,4002.22,16
2024-10-11,T-Shirt,Clothing,630.53,27
2024-10-11,Jeans,Clothing,1791.62,29
2024-10-11,Jacket,Clothing,1666.16,19
2024-10-11,Sneakers,Clothing,1113.17,15
2024-10-11,Dress,Clothing,742.7,11
2024-10-11,Blender,Home & Kitchen,865.82,17
2024-10-11,Coffee Maker,Home & Kitchen,655.97,8
2024-10-11,Cookware Set,Home & Kitchen,999.91,8
2024-10-11,Vacuum Cleaner,Home & Kitchen,1115.33,6
2024-10-11,Air Fryer,Home & Kitchen,822.13,10
2024-10-11,Shampoo,Beauty,303.45,25
2024-10-11,Moisturizer,Beauty,683.67,26
2024-10-11,Lipstick,Beauty,552.37,32
2024-10-11,Perfume,Beauty,675.72,11
2024-10-11,Face Serum,Beauty,560.87,14
2024-10-12,Laptop,Electronics,6859.49,8
2024-10-12,Smartphone,Electronics,13806.38,21
2024-10-12,Headphones,Electronics,3764.3,30
2024-10-12,Tablet,Electronics,6263.57,17
2024-10-12,Smart Watch,Electronics,3455.49,15
2024-10-12,T-Shirt,Clothing,1246.27,52
2024-10-12,Jeans,Clothing,1698.63,29
2024-10-12,Jacket,Clothing,1444.08,16
2024-10-12,Sneakers,Clothing,1918.13,24
2024-10-12,Dress,Clothing,1737.64,27
2024-10-12,Blender,Home & Kitchen,586.67,13
2024-10-12,Coffee Maker,Home & Kitchen,1445.09,18
2024-10-12,Cookware Set,Home & Kitchen,1225.72,10
2024-10-12,Vacuum Cleaner,Home & Kitchen,1503.02,8
2024-10-12,Air Fryer,Home & Kitchen,1538.84,18
2024-10-12,Shampoo,Beauty,424.0,38
2024-10-12,Moisturizer,Beauty,876.56,32
2024-10-12,Lipstick,Beauty,424.0,24
2024-10-12,Perfume,Beauty,510.38,8
2024-10-12,Face Serum,Beauty,694.39,16
2024-10-13,Laptop,Electronics,7495.98,8
2024-10-13,Smartphone,Electronics,8794.11,14
2024-10-13,Headphones,Electronics,3433.4,27
2024-10-13,Tablet,Electronics,4729.02,12
2024-10-13,Smart Watch,Electronics,5952.73,23
2024-10-13,T-Shirt,Clothing,1083.73,45
2024-10-13,Jeans,Clothing,1954.79,32
2024-10-13,Jacket,Clothing,1513.44,18
2024-10-13,Sneakers,Clothing,1390.93,19
2024-10-13,Dress,Clothing,1456.0,22
2024-10-13,Blender,Home & Kitchen,961.95,19
2024-10-13,Coffee Maker,Home & Kitchen,611.71,8
2024-10-13,Cookware Set,Home & Kitchen,1113.6,9
2024-10-13,Vacuum Cleaner,Home & Kitchen,1634.85,8
2024-10-13,Air Fryer,Home & Kitchen,1398.53,16
2024-10-13,Shampoo,Beauty,351.0,30
2024-10-13,Moisturizer,Beauty,1189.44,44
2024-10-13,Lipstick,Beauty,691.13,39
2024-10-13,Perfume,Beauty,673.01,11
2024-10-13,Face Serum,Beauty,541.16,14
2024-10-14,Laptop,Electronics,5597.41,6
2024-10-14,Smartphone,Electronics,8730.19,14
2024-10-14,Headphones,Electronics,3628.59,28
2024-10-14,Tablet,Electronics,3342.26,8
2024-10-14,Smart Watch,Electronics,5217.46,22
2024-10-14,T-Shirt,Clothing,973.36,39
2024-10-14,Jeans,Clothing,1279.08,21
2024-10-14,Jacket,Clothing,1581.85,17
2024-10-14,Sneakers,Clothing,1318.97,16
2024-10-14,Dress,Clothing,852.51,12
2024-10-14,Blender,Home & Kitchen,871.7,18
2024-10-14,Coffee Maker,Home & Kitchen,470.3,6
2024-10-14,Cookware Set,Home & Kitchen,1051.91,8
2024-10-14,Vacuum Cleaner,Home & Kitchen,1164.98,6
2024-10-14,Air Fryer,Home & Kitchen,1104.25,12
2024-10-14,Shampoo,Beauty,340.73,29
2024-10-14,Moisturizer,Beauty,1172.34,41
2024-10-14,Lipstick,Beauty,304.59,17
2024-10-14,Perfume,Beauty,459.31,7
2024-10-14,Face Serum,Beauty,442.62,11
2024-10-15,Laptop,Electronics,6556.12,7
2024-10-15,Smartphone,Electronics,8763.84,13
2024-10-15,Headphones,Electronics,2672.65,22
2024-10-15,Tablet,Electronics,2586.22,7
2024-10-15,Smart Watch,Electronics,7007.59,27
2024-10-15,T-Shirt,Clothing,801.89,35
2024-10-15,Jeans,Clothing,1702.72,29
2024-10-15,Jacket,Clothing,1116.82,13
2024-10-15,Sneakers,Clothing,1174.89,15
2024-10-15,Dress,Clothing,860.93,12
2024-10-15,Blender,Home & Kitchen,709.12,14
2024-10-15,Coffee Maker,Home & Kitchen,913.94,12
2024-10-15,Cookware Set,Home & Kitchen,1030.52,8
2024-10-15,Vacuum Cleaner,Home & Kitchen,1106.77,6
2024-10-15,Air Fryer,Home & Kitchen,1435.25,16
2024-10-15,Shampoo,Beauty,379.96,34
2024-10-15,Moisturizer,Beauty,505.95,19
2024-10-15,Lipstick,Beauty,453.92,25
2024-10-15,Perfume,Beauty,469.61,7
2024-10-15,Face Serum,Beauty,479.77,11
2024-10-16,Laptop,Electronics,4981.65,6
2024-10-16,Smartphone,Electronics,7371.78,12
2024-10-16,Headphones,Electronics,3062.81,24
2024-10-16,Tablet,Electronics,4479.26,11
2024-10-16,Smart Watch,Electronics,3680.33,15
2024-10-16,T-Shirt,Clothing,931.85,37
2024-10-16,Jeans,Clothing,1399.24,23
2024-10-16,Jacket,Clothing,1227.79,14
2024-10-16,Sneakers,Clothing,1192.9,15
2024-10-16,Dress,Clothing,648.94,9
2024-10-16,Blender,Home & Kitchen,826.09,17
2024-10-16,Coffee Maker,Home & Kitchen,794.08,10
2024-10-16,Cookware Set,Home & Kitchen,1051.09,8
2024-10-16,Vacuum Cleaner,Home & Kitchen,1171.42,6
2024-10-16,Air Fryer,Home & Kitchen,1103.92,12
2024-10-16,Shampoo,Beauty,308.44,27
2024-10-16,Moisturizer,Beauty,796.55,28
2024-10-16,Lipstick,Beauty,516.23,30
2024-10-16,Perfume,Beauty,481.28,8
2024-10-16,Face Serum,Beauty,357.27,9
2024-10-17,Laptop,Electronics,6566.77,7
2024-10-17,Smartphone,Electronics,8696.08,13
2024-10-17,Headphones,Electronics,2359.86,18
2024-10-17,Tablet,Electronics,4500.05,11
2024-10-17,Smart Watch,Electronics,4618.53,19
2024-10-17,T-Shirt,Clothing,818.93,34
2024-10-17,Jeans,Clothing,1191.93,20
2024-10-17,Jacket,Clothing,1068.21,12
2024-10-17,Sneakers,Clothing,966.34,12
2024-10-17,Dress,Clothing,533.79,8
2024-10-17,Blender,Home & Kitchen,712.09,14
2024-10-17,Coffee Maker,Home & Kitchen,733.89,9
2024-10-17,Cookware Set,Home & Kitchen,1351.3,10
2024-10-17,Vacuum Cleaner,Home & Kitchen,1010.27,5
2024-10-17,Air Fryer,Home & Kitchen,1453.09,16
2024-10-17,Shampoo,Beauty,299.73,27
2024-10-17,Moisturizer,Beauty,797.88,30
2024-10-17,Lipstick,Beauty,508.45,28
2024-10-17,Perfume,Beauty,598.55,9
2024-10-17,Face Serum,Beauty,445.64,11
2024-10-18,Laptop,Electronics,5484.6,6
2024-10-18,Smartphone,Electronics,9429.82,14
2024-10-18,Headphones,Electronics,2313.31,18
2024-10-18,Tablet,Electronics,4486.07,11
2024-10-18,Smart Watch,Electronics,6132.88,25
2024-10-18,T-Shirt,Clothing,814.36,35
2024-10-18,Jeans,Clothing,1245.78,22
2024-10-18,Jacket,Clothing,1373.42,16
2024-10-18,Sneakers,Clothing,1393.96,18
2024-10-18,Dress,Clothing,863.8,12
2024-10-18,Blender,Home & Kitchen,923.3,20
2024-10-18,Coffee Maker,Home & Kitchen,700.03,9
2024-10-18,Cookware Set,Home & Kitchen,1197.95,9
2024-10-18,Vacuum Cleaner,Home & Kitchen,832.85,4
2024-10-18,Air Fryer,Home & Kitchen,1015.77,12
2024-10-18,Shampoo,Beauty,386.77,32
2024-10-18,Moisturizer,Beauty,704.21,27
2024-10-18,Lipstick,Beauty,605.37,35
2024-10-18,Perfume,Beauty,628.31,10
2024-10-18,Face Serum,Beauty,504.86,13
2024-10-19,Laptop,Electronics,7799.09,9
2024-10-19,Smartphone,Electronics,8873.69,14
2024-10-19,Headphones,Electronics,2489.34,19
2024-10-19,Tablet,Electronics,4147.23,10
2024-10-19,Smart Watch,Electronics,6276.01,27
2024-10-19,T-Shirt,Clothing,1087.83,48
2024-10-19,Jeans,Clothing,2230.04,38
2024-10-19,Jacket,Clothing,1668.29,20
2024-10-19,Sneakers,Clothing,1794.48,23
2024-10-19,Dress,Clothing,1215.91,17
2024-10-19,Blender,Home & Kitchen,673.73,14
2024-10-19,Coffee Maker,Home & Kitchen,1034.65,13
2024-10-19,Cookware Set,Home & Kitchen,1625.38,12
2024-10-19,Vacuum Cleaner,Home & Kitchen,1197.97,6
2024-10-19,Air Fryer,Home & Kitchen,1214.26,13
2024-10-19,Shampoo,Beauty,387.65,35
2024-10-19,Moisturizer,Beauty,848.71,32
2024-10-19,Lipstick,Beauty,461.18,26
2024-10-19,Perfume,Beauty,679.3,11
2024-10-19,Face Serum,Beauty,593.6,15
2024-10-20,Laptop,Electronics,6151.1,7
2024-10-20,Smartphone,Electronics,9116.86,14
2024-10-20,Headphones,Electronics,3936.68,30
2024-10-20,Tablet,Electronics,3487.95,9
2024-10-20,Smart Watch,Electronics,3348.33,13
2024-10-20,T-Shirt,Clothing,1299.46,57
2024-10-20,Jeans,Clothing,1279.83,23
2024-10-20,Jacket,Clothing,1739.33,21
2024-10-20,Sneakers,Clothing,1789.97,24
2024-10-20,Dress,Clothing,1000.25,14
2024-10-20,Blender,Home & Kitchen,557.91,12
2024-10-20,Coffee Maker,Home & Kitchen,889.87,11
2024-10-20,Cookware Set,Home & Kitchen,907.03,7
2024-10-20,Vacuum Cleaner,Home & Kitchen,1604.25,8
2024-10-20,Air Fryer,Home & Kitchen,1081.38,13
2024-10-20,Shampoo,Beauty,556.98,45
2024-10-20,Moisturizer,Beauty,1105.43,42
2024-10-20,Lipstick,Beauty,543.65,30
2024-10-20,Perfume,Beauty,627.07,10
2024-10-20,Face Serum,Beauty,793.14,18
2024-10-21,Laptop,Electronics,4620.07,5
2024-10-21,Smartphone,Electronics,8727.8,13
2024-10-21,Headphones,Electronics,3639.53,27
2024-10-21,Tablet,Electronics,4273.85,11
2024-10-21,Smart Watch,Electronics,3830.75,16
2024-10-21,T-Shirt,Clothing,810.13,35
2024-10-21,Jeans,Clothing,1042.94,19
2024-10-21,Jacket,Clothing,998.04,12
2024-10-21,Sneakers,Clothing,1338.64,17
2024-10-21,Dress,Clothing,786.41,11
2024-10-21,Blender,Home & Kitchen,801.7,16
2024-10-21,Coffee Maker,Home & Kitchen,592.31,8
2024-10-21,Cookware Set,Home & Kitchen,1091.3,9
2024-10-21,Vacuum Cleaner,Home & Kitchen,1037.38,5
2024-10-21,Air Fryer,Home & Kitchen,1088.22,12
2024-10-21,Shampoo,Beauty,299.17,26
2024-10-21,Moisturizer,Beauty,899.66,32
2024-10-21,Lipstick,Beauty,362.5,21
2024-10-21,Perfume,Beauty,563.67,9
2024-10-21,Face Serum,Beauty,505.08,12
2024-10-22,Laptop,Electronics,5465.53,6
2024-10-22,Smartphone,Electronics,7273.66,12
2024-10-22,Headphones,Electronics,2347.59,19
2024-10-22,Tablet,Electronics,4443.57,12
2024-10-22,Smart Watch,Electronics,3811.06,15
2024-10-22,T-Shirt,Clothing,992.5,41
2024-10-22,Jeans,Clothing,1618.6,28
2024-10-22,Jacket,Clothing,1211.14,13
2024-10-22,Sneakers,Clothing,896.41,12
2024-10-22,Dress,Clothing,953.5,14
2024-10-22,Blender,Home & Kitchen,831.18,17
2024-10-22,Coffee Maker,Home & Kitchen,1053.58,13
2024-10-22,Cookware Set,Home & Kitchen,1068.58,8
2024-10-22,Vacuum Cleaner,Home & Kitchen,1249.07,6
2024-10-22,Air Fryer,Home & Kitchen,1043.32,12
2024-10-22,Shampoo,Beauty,313.83,27
2024-10-22,Moisturizer,Beauty,820.57,30
2024-10-22,Lipstick,Beauty,533.51,31
2024-10-22,Perfume,Beauty,657.21,10
2024-10-22,Face Serum,Beauty,553.7,13
2024-10-23,Laptop,Electronics,7282.55,8
2024-10-23,Smartphone,Electronics,7326.54,11
2024-10-23,Headphones,Electronics,3827.46,32
2024-10-23,Tablet,Electronics,3274.04,8
2024-10-23,Smart Watch,Electronics,3947.63,16
2024-10-23,T-Shirt,Clothing,793.74,35
2024-10-23,Jeans,Clothing,1327.37,22
2024-10-23,Jacket,Clothing,1335.05,16
2024-10-23,Sneakers,Clothing,1052.88,13
2024-10-23,Dress,Clothing,873.77,13
2024-10-23,Blender,Home & Kitchen,803.98,16
2024-10-23,Coffee Maker,Home & Kitchen,984.7,12
2024-10-23,Cookware Set,Home & Kitchen,840.26,7
2024-10-23,Vacuum Cleaner,Home & Kitchen,1241.38,6
2024-10-23,Air Fryer,Home & Kitchen,1156.69,13
2024-10-23,Shampoo,Beauty,399.34,33
2024-10-23,Moisturizer,Beauty,892.9,32
2024-10-23,Lipstick,Beauty,466.67,25
2024-10-23,Perfume,Beauty,498.48,8
2024-10-23,Face Serum,Beauty,522.27,13
2024-10-24,Laptop,Electronics,5124.36,6
2024-10-24,Smartphone,Electronics,9199.22,15
2024-10-24,Headphones,Electronics,2655.11,22
2024-10-24,Tablet,Electronics,3105.1,8
2024-10-24,Smart Watch,Electronics,4545.8,18
2024-10-24,T-Shirt,Clothing,1284.84,53
2024-10-24,Jeans,Clothing,1037.32,18
2024-10-24,Jacket,Clothing,959.49,11
2024-10-24,Sneakers,Clothing,727.76,9
2024-10-24,Dress,Clothing,869.49,13
2024-10-24,Blender,Home & Kitchen,716.5,14
2024-10-24,Coffee Maker,Home & Kitchen,877.39,12
2024-10-24,Cookware Set,Home & Kitchen,1083.27,8
2024-10-24,Vacuum Cleaner,Home & Kitchen,956.83,5
2024-10-24,Air Fryer,Home & Kitchen,1089.08,12
2024-10-24,Shampoo,Beauty,365.46,33
2024-10-24,Moisturizer,Beauty,873.73,32
2024-10-24,Lipstick,Beauty,379.87,21
2024-10-24,Perfume,Beauty,580.73,9
2024-10-24,Face Serum,Beauty,503.91,13
2024-10-25,Laptop,Electronics,5942.09,7
2024-10-25,Smartphone,Electronics,9087.22,15
2024-10-25,Headphones,Electronics,2155.93,17
2024-10-25,Tablet,Electronics,2808.87,7
2024-10-25,Smart Watch,Electronics,3309.83,13
2024-10-25,T-Shirt,Clothing,892.02,39
2024-10-25,Jeans,Clothing,1474.3,24
2024-10-25,Jacket,Clothing,806.65,9
2024-10-25,Sneakers,Clothing,1193.37,15
2024-10-25,Dress,Clothing,701.06,11
2024-10-25,Blender,Home & Kitchen,547.09,12
2024-10-25,Coffee Maker,Home & Kitchen,979.68,12
2024-10-25,Cookware Set,Home & Kitchen,1252.68,10
2024-10-25,Vacuum Cleaner,Home & Kitchen,1163.92,6
2024-10-25,Air Fryer,Home & Kitchen,1006.43,11
2024-10-25,Shampoo,Beauty,326.45,28
2024-10-25,Moisturizer,Beauty,703.47,24
2024-10-25,Lipstick,Beauty,416.68,24
2024-10-25,Perfume,Beauty,423.36,7
2024-10-25,Face Serum,Beauty,699.54,16
2024-10-26,Laptop,Electronics,5131.11,6
2024-10-26,Smartphone,Electronics,11721.34,19
2024-10-26,Headphones,Electronics,2741.81,21
2024-10-26,Tablet,Electronics,4938.77,12
2024-10-26,Smart Watch,Electronics,4776.6,19
2024-10-26,T-Shirt,Clothing,1413.07,59
2024-10-26,Jeans,Clothing,1545.96,26
2024-10-26,Jacket,Clothing,1588.7,18
2024-10-26,Sneakers,Clothing,1719.76,22
2024-10-26,Dress,Clothing,1263.78,18
2024-10-26,Blender,Home & Kitchen,754.87,16
2024-10-26,Coffee Maker,Home & Kitchen,655.64,9
2024-10-26,Cookware Set,Home & Kitchen,861.55,7
2024-10-26,Vacuum Cleaner,Home & Kitchen,1222.33,6
2024-10-26,Air Fryer,Home & Kitchen,1184.47,13
2024-10-26,Shampoo,Beauty,388.85,32
2024-10-26,Moisturizer,Beauty,650.43,25
2024-10-26,Lipstick,Beauty,545.74,30
2024-10-26,Perfume,Beauty,651.09,10
2024-10-26,Face Serum,Beauty,580.76,15
2024-10-27,Laptop,Electronics,7397.83,8
2024-10-27,Smartphone,Electronics,10858.74,17
2024-10-27,Headphones,Electronics,2675.39,22
2024-10-27,Tablet,Electronics,5670.23,14
2024-10-27,Smart Watch,Electronics,4186.76,18
2024-10-27,T-Shirt,Clothing,1358.46,55
2024-10-27,Jeans,Clothing,2533.12,41
2024-10-27,Jacket,Clothing,1604.66,19
2024-10-27,Sneakers,Clothing,2162.42,28
2024-10-27,Dress,Clothing,1044.4,16
2024-10-27,Blender,Home & Kitchen,924.67,18
2024-10-27,Coffee Maker,Home & Kitchen,1099.93,14
2024-10-27,Cookware Set,Home & Kitchen,930.01,7
2024-10-27,Vacuum Cleaner,Home & Kitchen,1387.0,7
2024-10-27,Air Fryer,Home & Kitchen,1474.08,18
2024-10-27,Shampoo,Beauty,452.16,36
2024-10-27,Moisturizer,Beauty,1164.45,41
2024-10-27,Lipstick,Beauty,639.66,38
2024-10-27,Perfume,Beauty,721.87,11
2024-10-27,Face Serum,Beauty,550.54,13
2024-10-28,Laptop,Electronics,6383.81,7
2024-10-28,Smartphone,Electronics,9229.08,15
2024-10-28,Headphones,Electronics,1884.98,15
2024-10-28,Tablet,Electronics,3691.84,9
2024-10-28,Smart Watch,Electronics,4225.66,17
2024-10-28,T-Shirt,Clothing,848.32,36
2024-10-28,Jeans,Clothing,957.87,17
2024-10-28,Jacket,Clothing,1070.79,13
2024-10-28,Sneakers,Clothing,1271.13,16
2024-10-28,Dress,Clothing,756.71,11
2024-10-28,Blender,Home & Kitchen,503.08,10
2024-10-28,Coffee Maker,Home & Kitchen,915.06,12
2024-10-28,Cookware Set,Home & Kitchen,1418.95,11
2024-10-28,Vacuum Cleaner,Home & Kitchen,1159.73,6
2024-10-28,Air Fryer,Home & Kitchen,1091.03,13
2024-10-28,Shampoo,Beauty,341.04,29
2024-10-28,Moisturizer,Beauty,656.65,23
2024-10-28,Lipstick,Beauty,344.4,19
2024-10-28,Perfume,Beauty,327.62,5
2024-10-28,Face Serum,Beauty,632.1,15
2024-10-29,Laptop,Electronics,8094.29,9
2024-10-29,Smartphone,Electronics,9291.71,15
2024-10-29,Headphones,Electronics,2386.65,19
2024-10-29,Tablet,Electronics,3391.46,9
2024-10-29,Smart Watch,Electronics,4576.12,18
2024-10-29,T-Shirt,Clothing,949.52,40
2024-10-29,Jeans,Clothing,1151.64,20
2024-10-29,Jacket,Clothing,1097.97,12
2024-10-29,Sneakers,Clothing,1065.3,13
2024-10-29,Dress,Clothing,771.13,11
2024-10-29,Blender,Home & Kitchen,814.88,16
2024-10-29,Coffee Maker,Home & Kitchen,763.99,10
2024-10-29,Cookware Set,Home & Kitchen,988.75,8
2024-10-29,Vacuum Cleaner,Home & Kitchen,919.88,5
2024-10-29,Air Fryer,Home & Kitchen,1051.51,12
2024-10-29,Shampoo,Beauty,414.26,34
2024-10-29,Moisturizer,Beauty,968.75,37
2024-10-29,Lipstick,Beauty,525.53,29
2024-10-29,Perfume,Beauty,625.42,10
2024-10-29,Face Serum,Beauty,386.85,9
2024-10-30,Laptop,Electronics,7239.83,8
2024-10-30,Smartphone,Electronics,10138.44,15
2024-10-30,Headphones,Electronics,2784.04,21
2024-10-30,Tablet,Electronics,4146.25,10
2024-10-30,Smart Watch,Electronics,5182.43,22
2024-10-30,T-Shirt,Clothing,720.06,30
2024-10-30,Jeans,Clothing,1277.71,22
2024-10-30,Jacket,Clothing,1214.18,13
2024-10-30,Sneakers,Clothing,962.2,13
2024-10-30,Dress,Clothing,600.59,9
2024-10-30,Blender,Home & Kitchen,564.87,12
2024-10-30,Coffee Maker,Home & Kitchen,717.71,9
2024-10-30,Cookware Set,Home & Kitchen,1043.47,8
2024-10-30,Vacuum Cleaner,Home & Kitchen,1338.88,7
2024-10-30,Air Fryer,Home & Kitchen,1001.78,11
2024-10-30,Shampoo,Beauty,320.23,26
2024-10-30,Moisturizer,Beauty,994.24,38
2024-10-30,Lipstick,Beauty,399.3,24
2024-10-30,Perfume,Beauty,458.52,7
2024-10-30,Face Serum,Beauty,470.26,11
2024-10-31,Laptop,Electronics,6552.85,7
2024-10-31,Smartphone,Electronics,8144.12,13
2024-10-31,Headphones,Electronics,2383.66,18
2024-10-31,Tablet,Electronics,3459.67,9
2024-10-31,Smart Watch,Electronics,4792.84,19
2024-10-31,T-Shirt,Clothing,847.46,34
2024-10-31,Jeans,Clothing,1604.4,26
2024-10-31,Jacket,Clothing,1085.95,12
2024-10-31,Sneakers,Clothing,1369.13,18
2024-10-31,Dress,Clothing,932.43,14
2024-10-31,Blender,Home & Kitchen,611.68,13
2024-10-31,Coffee Maker,Home & Kitchen,901.38,11
2024-10-31,Cookware Set,Home & Kitchen,951.67,8
2024-10-31,Vacuum Cleaner,Home & Kitchen,804.72,4
2024-10-31,Air Fryer,Home & Kitchen,838.24,9
2024-10-31,Shampoo,Beauty,271.19,23
2024-10-31,Moisturizer,Beauty,812.22,29
2024-10-31,Lipstick,Beauty,356.11,19
2024-10-31,Perfume,Beauty,366.77,6
2024-10-31,Face Serum,Beauty,517.53,12
2024-11-01,Laptop,Electronics,5126.48,6
2024-11-01,Smartphone,Electronics,9696.36,15
2024-11-01,Headphones,Electronics,3588.69,27
2024-11-01,Tablet,Electronics,4942.42,12
2024-11-01,Smart Watch,Electronics,5011.18,21
2024-11-01,T-Shirt,Clothing,1121.99,46
2024-11-01,Jeans,Clothing,1743.01,31
2024-11-01,Jacket,Clothing,1794.47,20
2024-11-01,Sneakers,Clothing,1973.27,26
2024-11-01,Dress,Clothing,698.87,10
2024-11-01,Blender,Home & Kitchen,702.04,15
2024-11-01,Coffee Maker,Home & Kitchen,802.7,10
2024-11-01,Cookware Set,Home & Kitchen,1733.44,13
2024-11-01,Vacuum Cleaner,Home & Kitchen,1433.61,7
2024-11-01,Air Fryer,Home & Kitchen,1325.63,15
2024-11-01,Shampoo,Beauty,339.11,27
2024-11-01,Moisturizer,Beauty,683.87,26
2024-11-01,Lipstick,Beauty,408.85,23
2024-11-01,Perfume,Beauty,482.11,8
2024-11-01,Face Serum,Beauty,451.05,11
2024-11-02,Laptop,Electronics,12205.28,14
2024-11-02,Smartphone,Electronics,20609.08,32
2024-11-02,Headphones,Electronics,6076.01,47
2024-11-02,Tablet,Electronics,4496.28,11
2024-11-02,Smart Watch,Electronics,5498.75,23
2024-11-02,T-Shirt,Clothing,1066.42,43
2024-11-02,Jeans,Clothing,1557.16,28
2024-11-02,Jacket,Clothing,3214.25,37
2024-11-02,Sneakers,Clothing,2374.13,32
2024-11-02,Dress,Clothing,1808.27,26
2024-11-02,Blender,Home & Kitchen,822.49,18
2024-11-02,Coffee Maker,Home & Kitchen,1009.76,13
2024-11-02,Cookware Set,Home & Kitchen,1439.43,12
2024-11-02,Vacuum Cleaner,Home & Kitchen,1313.75,7
2024-11-02,Air Fryer,Home & Kitchen,1463.23,17
2024-11-02,Shampoo,Beauty,429.42,38
2024-11-02,Moisturizer,Beauty,1007.63,37
2024-11-02,Lipstick,Beauty,541.99,30
2024-11-02,Perfume,Beauty,606.79,9
2024-11-02,Face Serum,Beauty,563.16,13
2024-11-03,Laptop,Electronics,11608.36,13
2024-11-03,Smartphone,Electronics,13985.58,22
2024-11-03,Headphones,Electronics,3660.04,28
2024-11-03,Tablet,Electronics,6409.25,17
2024-11-03,Smart Watch,Electronics,6714.47,26
2024-11-03,T-Shirt,Clothing,1118.58,47
2024-11-03,Jeans,Clothing,1955.38,35
2024-11-03,Jacket,Clothing,2270.88,25
2024-11-03,Sneakers,Clothing,1668.73,22
2024-11-03,Dress,Clothing,1544.92,24
2024-11-03,Blender,Home & Kitchen,953.96,20
2024-11-03,Coffee Maker,Home & Kitchen,1160.29,15
2024-11-03,Cookware Set,Home & Kitchen,1257.28,10
2024-11-03,Vacuum Cleaner,Home & Kitchen,1413.22,7
2024-11-03,Air Fryer,Home & Kitchen,1027.16,12
2024-11-03,Shampoo,Beauty,303.35,25
2024-11-03,Moisturizer,Beauty,891.33,32
2024-11-03,Lipstick,Beauty,524.75,29
2024-11-03,Perfume,Beauty,454.77,7
2024-11-03,Face Serum,Beauty,587.62,15
2024-11-04,Laptop,Electronics,7671.13,9
2024-11-04,Smartphone,Electronics,9883.39,16
2024-11-04,Headphones,Electronics,2833.52,23
2024-11-04,Tablet,Electronics,6691.29,17
2024-11-04,Smart Watch,Electronics,4290.84,17
2024-11-04,T-Shirt,Clothing,1396.84,63
2024-11-04,Jeans,Clothing,1358.69,24
2024-11-04,Jacket,Clothing,2097.1,25
2024-11-04,Sneakers,Clothing,1194.7,16
2024-11-04,Dress,Clothing,1183.95,17
2024-11-04,Blender,Home & Kitchen,1145.69,24
2024-11-04,Coffee Maker,Home & Kitchen,1355.53,17
2024-11-04,Cookware Set,Home & Kitchen,1455.6,11
2024-11-04,Vacuum Cleaner,Home & Kitchen,1670.4,8
2024-11-04,Air Fryer,Home & Kitchen,1176.06,13
2024-11-04,Shampoo,Beauty,430.18,37
2024-11-04,Moisturizer,Beauty,1111.05,38
2024-11-04,Lipstick,Beauty,485.31,28
2024-11-04,Perfume,Beauty,554.71,9
2024-11-04,Face Serum,Beauty,898.44,22
2024-11-05,Laptop,Electronics,5806.82,7
2024-11-05,Smartphone,Electronics,12678.33,21
2024-11-05,Headphones,Electronics,4143.71,34
2024-11-05,Tablet,Electronics,3771.92,10
2024-11-05,Smart Watch,Electronics,4018.08,17
2024-11-05,T-Shirt,Clothing,910.27,40
2024-11-05,Jeans,Clothing,1480.07,25
2024-11-05,Jacket,Clothing,1349.14,15
2024-11-05,Sneakers,Clothing,1419.36,19
2024-11-05,Dress,Clothing,954.94,14
2024-11-05,Blender,Home & Kitchen,918.7,19
2024-11-05,Coffee Maker,Home & Kitchen,804.66,11
2024-11-05,Cookware Set,Home & Kitchen,1256.47,10
2024-11-05,Vacuum Cleaner,Home & Kitchen,1361.58,7
2024-11-05,Air Fryer,Home & Kitchen,1329.72,15
2024-11-05,Shampoo,Beauty,379.43,34
2024-11-05,Moisturizer,Beauty,1140.71,40
2024-11-05,Lipstick,Beauty,398.12,22
2024-11-05,Perfume,Beauty,446.09,7
2024-11-05,Face Serum,Beauty,631.46,15
2024-11-06,Laptop,Electronics,8277.44,10
2024-11-06,Smartphone,Electronics,13851.99,23
2024-11-06,Headphones,Electronics,3924.82,33
2024-11-06,Tablet,Electronics,4994.69,12
2024-11-06,Smart Watch,Electronics,7092.44,30
2024-11-06,T-Shirt,Clothing,1491.63,60
2024-11-06,Jeans,Clothing,1357.71,24
2024-11-06,Jacket,Clothing,2035.97,23
2024-11-06,Sneakers,Clothing,2313.8,28
2024-11-06,Dress,Clothing,1564.19,23
2024-11-06,Blender,Home & Kitchen,1029.56,21
2024-11-06,Coffee Maker,Home & Kitchen,942.67,12
2024-11-06,Cookware Set,Home & Kitchen,1155.89,9
2024-11-06,Vacuum Cleaner,Home & Kitchen,1452.63,7
2024-11-06,Air Fryer,Home & Kitchen,1123.65,13
2024-11-06,Shampoo,Beauty,405.38,34
2024-11-06,Moisturizer,Beauty,779.14,30
2024-11-06,Lipstick,Beauty,383.69,21
2024-11-06,Perfume,Beauty,539.35,8
2024-11-06,Face Serum,Beauty,732.33,17
2024-11-07,Laptop,Electronics,8840.54,10
2024-11-07,Smartphone,Electronics,11491.46,17
2024-11-07,Headphones,Electronics,4969.51,41
2024-11-07,Tablet,Electronics,5482.1,14
2024-11-07,Smart Watch,Electronics,4660.89,19
2024-11-07,T-Shirt,Clothing,1028.23,42
2024-11-07,Jeans,Clothing,1216.56,22
2024-11-07,Jacket,Clothing,2054.08,24
2024-11-07,Sneakers,Clothing,2039.99,25
2024-11-07,Dress,Clothing,961.62,14
2024-11-07,Blender,Home & Kitchen,658.2,13
2024-11-07,Coffee Maker,Home & Kitchen,1239.92,15
2024-11-07,Cookware Set,Home & Kitchen,1313.06,11
2024-11-07,Vacuum Cleaner,Home & Kitchen,1828.63,9
2024-11-07,Air Fryer,Home & Kitchen,914.09,11
2024-11-07,Shampoo,Beauty,430.39,36
2024-11-07,Moisturizer,Beauty,850.98,30
2024-11-07,Lipstick,Beauty,779.98,42
2024-11-07,Perfume,Beauty,471.55,7
2024-11-07,Face Serum,Beauty,629.53,16
2024-11-08,Laptop,Electronics,9681.91,11
2024-11-08,Smartphone,Electronics,9192.87,15
2024-11-08,Headphones,Electronics,3466.2,28
2024-11-08,Tablet,Electronics,6279.61,15
2024-11-08,Smart Watch,Electronics,4633.73,20
2024-11-08,T-Shirt,Clothing,937.12,40
2024-11-08,Jeans,Clothing,2164.18,35
2024-11-08,Jacket,Clothing,2149.06,26
2024-11-08,Sneakers,Clothing,1999.45,25
2024-11-08,Dress,Clothing,820.47,12
2024-11-08,Blender,Home & Kitchen,499.38,11
2024-11-08,Coffee Maker,Home & Kitchen,902.23,11
2024-11-08,Cookware Set,Home & Kitchen,1346.63,11
2024-11-08,Vacuum Cleaner,Home & Kitchen,1736.74,9
2024-11-08,Air Fryer,Home & Kitchen,1380.96,15
2024-11-08,Shampoo,Beauty,302.65,26
2024-11-08,Moisturizer,Beauty,767.16,29
2024-11-08,Lipstick,Beauty,353.21,20
2024-11-08,Perfume,Beauty,311.53,5
2024-11-08,Face Serum,Beauty,550.34,14
2024-11-09,Laptop,Electronics,11023.1,12
2024-11-09,Smartphone,Electronics,11989.29,19
2024-11-09,Headphones,Electronics,5307.38,42
2024-11-09,Tablet,Electronics,6200.84,16
2024-11-09,Smart Watch,Electronics,5667.69,24
2024-11-09,T-Shirt,Clothing,1756.13,74
2024-11-09,Jeans,Clothing,3879.84,66
2024-11-09,Jacket,Clothing,1674.34,20
2024-11-09,Sneakers,Clothing,3681.5,50
2024-11-09,Dress,Clothing,1697.22,25
2024-11-09,Blender,Home & Kitchen,1053.37,23
2024-11-09,Coffee Maker,Home & Kitchen,1286.85,16
2024-11-09,Cookware Set,Home & Kitchen,1131.49,9
2024-11-09,Vacuum Cleaner,Home & Kitchen,1424.54,7
2024-11-09,Air Fryer,Home & Kitchen,1987.52,23
2024-11-09,Shampoo,Beauty,601.58,50
2024-11-09,Moisturizer,Beauty,979.39,35
2024-11-09,Lipstick,Beauty,792.11,47
2024-11-09,Perfume,Beauty,475.97,7
2024-11-09,Face Serum,Beauty,584.02,15
2024-11-10,Laptop,Electronics,11462.11,13
2024-11-10,Smartphone,Electronics,12813.09,21
2024-11-10,Headphones,Electronics,5367.44,41
2024-11-10,Tablet,Electronics,5847.13,15
2024-11-10,Smart Watch,Electronics,10724.25,46
2024-11-10,T-Shirt,Clothing,1682.08,75
2024-11-10,Jeans,Clothing,3737.98,61
2024-11-10,Jacket,Clothing,2382.27,29
2024-11-10,Sneakers,Clothing,2498.02,33
2024-11-10,Dress,Clothing,1754.53,25
2024-11-10,Blender,Home & Kitchen,1381.56,30
2024-11-10,Coffee Maker,Home & Kitchen,1052.73,13
2024-11-10,Cookware Set,Home & Kitchen,2258.29,18
2024-11-10,Vacuum Cleaner,Home & Kitchen,1982.79,10
2024-11-10,Air Fryer,Home & Kitchen,2329.52,26
2024-11-10,Shampoo,Beauty,351.9,30
2024-11-10,Moisturizer,Beauty,1089.67,42
2024-11-10,Lipstick,Beauty,774.18,42
2024-11-10,Perfume,Beauty,946.12,14
2024-11-10,Face Serum,Beauty,771.95,18
2024-11-11,Laptop,Electronics,6778.81,8
2024-11-11,Smartphone,Electronics,10443.14,16
2024-11-11,Headphones,Electronics,3096.86,24
2024-11-11,Tablet,Electronics,4862.9,13
2024-11-11,Smart Watch,Electronics,5465.3,22
2024-11-11,T-Shirt,Clothing,962.03,39
2024-11-11,Jeans,Clothing,1442.9,25
2024-11-11,Jacket,Clothing,1375.09,16
2024-11-11,Sneakers,Clothing,1043.77,13
2024-11-11,Dress,Clothing,997.01,14
2024-11-11,Blender,Home & Kitchen,767.7,15
2024-11-11,Coffee Maker,Home & Kitchen,728.17,10
2024-11-11,Cookware Set,Home & Kitchen,840.52,7
2024-11-11,Vacuum Cleaner,Home & Kitchen,1145.18,6
2024-11-11,Air Fryer,Home & Kitchen,1426.35,16
2024-11-11,Shampoo,Beauty,345.36,31
2024-11-11,Moisturizer,Beauty,828.59,31
2024-11-11,Lipstick,Beauty,485.62,27
2024-11-11,Perfume,Beauty,477.59,7
2024-11-11,Face Serum,Beauty,397.61,10
2024-11-12,Laptop,Electronics,6282.92,7
2024-11-12,Smartphone,Electronics,10580.84,17
2024-11-12,Headphones,Electronics,3518.81,27
2024-11-12,Tablet,Electronics,5432.43,14
2024-11-12,Smart Watch,Electronics,6679.84,28
2024-11-12,T-Shirt,Clothing,879.03,38
2024-11-12,Jeans,Clothing,1527.39,27
2024-11-12,Jacket,Clothing,1605.53,18
2024-11-12,Sneakers,Clothing,1383.48,19
2024-11-12,Dress,Clothing,788.06,12
2024-11-12,Blender,Home & Kitchen,702.52,15
2024-11-12,Coffee Maker,Home & Kitchen,1094.84,14
2024-11-12,Cookware Set,Home & Kitchen,1190.52,9
2024-11-12,Vacuum Cleaner,Home & Kitchen,1332.48,7
2024-11-12,Air Fryer,Home & Kitchen,903.06,10
2024-11-12,Shampoo,Beauty,432.16,36
2024-11-12,Moisturizer,Beauty,839.82,32
2024-11-12,Lipstick,Beauty,345.09,19
2024-11-12,Perfume,Beauty,573.16,9
2024-11-12,Face Serum,Beauty,557.54,14
2024-11-13,Laptop,Electronics,10837.02,12
2024-11-13,Smartphone,Electronics,19736.99,29
2024-11-13,Headphones,Electronics,2832.05,23
2024-11-13,Tablet,Electronics,5375.4,13
2024-11-13,Smart Watch,Electronics,4939.76,19
2024-11-13,T-Shirt,Clothing,900.54,37
2024-11-13,Jeans,Clothing,1992.73,35
2024-11-13,Jacket,Clothing,1643.2,20
2024-11-13,Sneakers,Clothing,1130.45,15
2024-11-13,Dress,Clothing,701.63,11
2024-11-13,Blender,Home & Kitchen,882.94,19
2024-11-13,Coffee Maker,Home & Kitchen,891.55,12
2024-11-13,Cookware Set,Home & Kitchen,962.17,8
2024-11-13,Vacuum Cleaner,Home & Kitchen,1475.81,8
2024-11-13,Air Fryer,Home & Kitchen,1391.95,16
2024-11-13,Shampoo,Beauty,344.85,29
2024-11-13,Moisturizer,Beauty,779.74,29
2024-11-13,Lipstick,Beauty,388.16,21
2024-11-13,Perfume,Beauty,598.92,9
2024-11-13,Face Serum,Beauty,723.96,18
2024-11-14,Laptop,Electronics,6092.77,7
2024-11-14,Smartphone,Electronics,14274.35,21
2024-11-14,Headphones,Electronics,2958.45,22
2024-11-14,Tablet,Electronics,5221.15,14
2024-11-14,Smart Watch,Electronics,5213.77,20
2024-11-14,T-Shirt,Clothing,589.82,24
2024-11-14,Jeans,Clothing,1823.99,30
2024-11-14,Jacket,Clothing,1167.65,13
2024-11-14,Sneakers,Clothing,936.02,12
2024-11-14,Dress,Clothing,1027.2,15
2024-11-14,Blender,Home & Kitchen,1013.99,20
2024-11-14,Coffee Maker,Home & Kitchen,940.95,12
2024-11-14,Cookware Set,Home & Kitchen,1245.31,10
2024-11-14,Vacuum Cleaner,Home & Kitchen,1128.84,6
2024-11-14,Air Fryer,Home & Kitchen,1522.88,17
2024-11-14,Shampoo,Beauty,438.33,38
2024-11-14,Moisturizer,Beauty,703.24,26
2024-11-14,Lipstick,Beauty,506.6,28
2024-11-14,Perfume,Beauty,455.46,7
2024-11-14,Face Serum,Beauty,693.15,17
2024-11-15,Laptop,Electronics,6189.98,7
2024-11-15,Smartphone,Electronics,11611.47,19
2024-11-15,Headphones,Electronics,3584.46,27
2024-11-15,Tablet,Electronics,4222.92,11
2024-11-15,Smart Watch,Electronics,4366.92,19
2024-11-15,T-Shirt,Clothing,1012.18,41
2024-11-15,Jeans,Clothing,1921.57,34
2024-11-15,Jacket,Clothing,1548.02,17
2024-11-15,Sneakers,Clothing,1147.12,14
2024-11-15,Dress,Clothing,724.06,11
2024-11-15,Blender,Home & Kitchen,828.98,18
2024-11-15,Coffee Maker,Home & Kitchen,1105.69,14
2024-11-15,Cookware Set,Home & Kitchen,973.43,8
2024-11-15,Vacuum Cleaner,Home & Kitchen,1439.7,7
2024-11-15,Air Fryer,Home & Kitchen,1655.41,18
2024-11-15,Shampoo,Beauty,360.1,30
2024-11-15,Moisturizer,Beauty,753.97,28
2024-11-15,Lipstick,Beauty,437.6,24
2024-11-15,Perfume,Beauty,493.98,8
2024-11-15,Face Serum,Beauty,615.7,14
2024-11-16,Laptop,Electronics,11115.99,12
2024-11-16,Smartphone,Electronics,15476.5,25
2024-11-16,Headphones,Electronics,3763.68,28
2024-11-16,Tablet,Electronics,3317.74,9
2024-11-16,Smart Watch,Electronics,5848.4,23
2024-11-16,T-Shirt,Clothing,1662.73,75
2024-11-16,Jeans,Clothing,3323.56,55
2024-11-16,Jacket,Clothing,1952.24,21
2024-11-16,Sneakers,Clothing,2676.93,33
2024-11-16,Dress,Clothing,1420.48,20
2024-11-16,Blender,Home & Kitchen,1137.27,24
2024-11-16,Coffee Maker,Home & Kitchen,1230.37,15
2024-11-16,Cookware Set,Home & Kitchen,1287.08,10
2024-11-16,Vacuum Cleaner,Home & Kitchen,1653.41,8
2024-11-16,Air Fryer,Home & Kitchen,1734.06,20
2024-11-16,Shampoo,Beauty,790.6,64
2024-11-16,Moisturizer,Beauty,645.29,24
2024-11-16,Lipstick,Beauty,492.01,29
2024-11-16,Perfume,Beauty,529.71,8
2024-11-16,Face Serum,Beauty,588.62,15
2024-11-17,Laptop,Electronics,10010.36,11
2024-11-17,Smartphone,Electronics,14407.89,23
2024-11-17,Headphones,Electronics,3210.67,25
2024-11-17,Tablet,Electronics,6704.43,18
2024-11-17,Smart Watch,Electronics,7484.05,29
2024-11-17,T-Shirt,Clothing,1411.56,58
2024-11-17,Jeans,Clothing,2591.77,46
2024-11-17,Jacket,Clothing,1401.94,17
2024-11-17,Sneakers,Clothing,1872.06,24
2024-11-17,Dress,Clothing,1442.39,22
2024-11-17,Blender,Home & Kitchen,803.78,17
2024-11-17,Coffee Maker,Home & Kitchen,1318.56,16
2024-11-17,Cookware Set,Home & Kitchen,1348.11,11
2024-11-17,Vacuum Cleaner,Home & Kitchen,1875.47,10
2024-11-17,Air Fryer,Home & Kitchen,994.43,12
2024-11-17,Shampoo,Beauty,355.09,31
2024-11-17,Moisturizer,Beauty,686.69,26
2024-11-17,Lipstick,Beauty,550.67,31
2024-11-17,Perfume,Beauty,447.01,7
2024-11-17,Face Serum,Beauty,625.07,15
2024-11-18,Laptop,Electronics,5579.25,6
2024-11-18,Smartphone,Electronics,9119.01,15
2024-11-18,Headphones,Electronics,4041.17,31
2024-11-18,Tablet,Electronics,4794.84,12
2024-11-18,Smart Watch,Electronics,3914.96,16
2024-11-18,T-Shirt,Clothing,1192.94,50
2024-11-18,Jeans,Clothing,1790.25,31
2024-11-18,Jacket,Clothing,1662.54,19
2024-11-18,Sneakers,Clothing,1281.5,17
2024-11-18,Dress,Clothing,1082.85,16
2024-11-18,Blender,Home & Kitchen,955.02,21
2024-11-18,Coffee Maker,Home & Kitchen,800.58,11
2024-11-18,Cookware Set,Home & Kitchen,1124.06,9
2024-11-18,Vacuum Cleaner,Home & Kitchen,1460.37,7
2024-11-18,Air Fryer,Home & Kitchen,931.62,10
2024-11-18,Shampoo,Beauty,368.14,33
2024-11-18,Moisturizer,Beauty,778.39,29
2024-11-18,Lipstick,Beauty,519.15,28
2024-11-18,Perfume,Beauty,519.3,8
2024-11-18,Face Serum,Beauty,510.49,12
2024-11-19,Laptop,Electronics,8445.95,10
2024-11-19,Smartphone,Electronics,10487.8,16
2024-11-19,Headphones,Electronics,2658.41,22
2024-11-19,Tablet,Electronics,4495.49,11
2024-11-19,Smart Watch,Electronics,6013.32,23
2024-11-19,T-Shirt,Clothing,975.75,39
2024-11-19,Jeans,Clothing,1558.14,26
2024-11-19,Jacket,Clothing,1372.45,15
2024-11-19,Sneakers,Clothing,1468.56,18
2024-11-19,Dress,Clothing,1022.11,16
2024-11-19,Blender,Home & Kitchen,723.95,15
2024-11-19,Coffee Maker,Home & Kitchen,1076.69,14
2024-11-19,Cookware Set,Home & Kitchen,973.62,8
2024-11-19,Vacuum Cleaner,Home & Kitchen,1323.98,7
2024-11-19,Air Fryer,Home & Kitchen,1322.24,15
2024-11-19,Shampoo,Beauty,413.2,36
2024-11-19,Moisturizer,Beauty,782.02,27
2024-11-19,Lipstick,Beauty,523.95,30
2024-11-19,Perfume,Beauty,583.9,9
2024-11-19,Face Serum,Beauty,454.61,11
2024-11-20,Laptop,Electronics,9939.38,11
2024-11-20,Smartphone,Electronics,10758.26,16
2024-11-20,Headphones,Electronics,3110.24,25
2024-11-20,Tablet,Electronics,5013.54,13
2024-11-20,Smart Watch,Electronics,4448.06,19
2024-11-20,T-Shirt,Clothing,762.7,32
2024-11-20,Jeans,Clothing,1317.81,24
2024-11-20,Jacket,Clothing,1296.96,15
2024-11-20,Sneakers,Clothing,1224.76,16
2024-11-20,Dress,Clothing,980.84,14
2024-11-20,Blender,Home & Kitchen,832.56,17
2024-11-20,Coffee Maker,Home & Kitchen,971.67,13
2024-11-20,Cookware Set,Home & Kitchen,849.36,7
2024-11-20,Vacuum Cleaner,Home & Kitchen,1168.68,6
2024-11-20,Air Fryer,Home & Kitchen,1561.66,17
2024-11-20,Shampoo,Beauty,268.7,24
2024-11-20,Moisturizer,Beauty,785.57,29
2024-11-20,Lipstick,Beauty,414.06,24
2024-11-20,Perfume,Beauty,449.42,7
2024-11-20,Face Serum,Beauty,638.58,15
2024-11-21,Laptop,Electronics,7330.81,8
2024-11-21,Smartphone,Electronics,9631.78,16
2024-11-21,Headphones,Electronics,2388.11,20
2024-11-21,Tablet,Electronics,5286.14,13
2024-11-21,Smart Watch,Electronics,4638.41,18
2024-11-21,T-Shirt,Clothing,1139.47,51
2024-11-21,Jeans,Clothing,1403.85,25
2024-11-21,Jacket,Clothing,2287.28,26
2024-11-21,Sneakers,Clothing,1338.28,18
2024-11-21,Dress,Clothing,780.38,12
2024-11-21,Blender,Home & Kitchen,799.07,17
2024-11-21,Coffee Maker,Home & Kitchen,771.1,10
2024-11-21,Cookware Set,Home & Kitchen,749.24,6
2024-11-21,Vacuum Cleaner,Home & Kitchen,1533.74,8
2024-11-21,Air Fryer,Home & Kitchen,1353.11,16
2024-11-21,Shampoo,Beauty,298.7,24
2024-11-21,Moisturizer,Beauty,631.27,23
2024-11-21,Lipstick,Beauty,360.25,21
2024-11-21,Perfume,Beauty,534.14,8
2024-11-21,Face Serum,Beauty,683.23,17
2024-11-22,Laptop,Electronics,10894.75,13
2024-11-22,Smartphone,Electronics,12121.1,20
2024-11-22,Headphones,Electronics,4164.09,34
2024-11-22,Tablet,Electronics,7297.17,19
2024-11-22,Smart Watch,Electronics,6504.65,28
2024-11-22,T-Shirt,Clothing,1138.22,50
2024-11-22,Jeans,Clothing,2163.08,38
2024-11-22,Jacket,Clothing,1762.77,21
2024-11-22,Sneakers,Clothing,2470.66,30
2024-11-22,Dress,Clothing,1605.6,23
2024-11-22,Blender,Home & Kitchen,1415.4,29
2024-11-22,Coffee Maker,Home & Kitchen,1635.99,21
2024-11-22,Cookware Set,Home & Kitchen,1456.0,12
2024-11-22,Vacuum Cleaner,Home & Kitchen,2399.69,12
2024-11-22,Air Fryer,Home & Kitchen,1837.91,21
2024-11-22,Shampoo,Beauty,373.99,31
2024-11-22,Moisturizer,Beauty,1408.18,49
2024-11-22,Lipstick,Beauty,871.36,49
2024-11-22,Perfume,Beauty,721.22,12
2024-11-22,Face Serum,Beauty,948.96,22
2024-11-23,Laptop,Electronics,12526.73,15
2024-11-23,Smartphone,Electronics,17935.88,29
2024-11-23,Headphones,Electronics,6237.66,48
2024-11-23,Tablet,Electronics,8853.6,22
2024-11-23,Smart Watch,Electronics,10418.17,40
2024-11-23,T-Shirt,Clothing,2122.13,91
2024-11-23,Jeans,Clothing,3961.24,69
2024-11-23,Jacket,Clothing,3650.64,41
2024-11-23,Sneakers,Clothing,2821.89,37
2024-11-23,Dress,Clothing,2205.42,31
2024-11-23,Blender,Home & Kitchen,1454.84,32
2024-11-23,Coffee Maker,Home & Kitchen,1505.78,19
2024-11-23,Cookware Set,Home & Kitchen,1651.92,13
2024-11-23,Vacuum Cleaner,Home & Kitchen,2055.09,11
2024-11-23,Air Fryer,Home & Kitchen,1693.72,19
2024-11-23,Shampoo,Beauty,705.56,63
2024-11-23,Moisturizer,Beauty,1446.25,50
2024-11-23,Lipstick,Beauty,676.42,40
2024-11-23,Perfume,Beauty,744.19,11
2024-11-23,Face Serum,Beauty,1145.33,29
2024-11-24,Laptop,Electronics,10401.78,12
2024-11-24,Smartphone,Electronics,23002.56,35
2024-11-24,Headphones,Electronics,6130.97,46
2024-11-24,Tablet,Electronics,8246.38,21
2024-11-24,Smart Watch,Electronics,9504.22,38
2024-11-24,T-Shirt,Clothing,1931.4,87
2024-11-24,Jeans,Clothing,3687.39,60
2024-11-24,Jacket,Clothing,3209.51,39
2024-11-24,Sneakers,Clothing,3988.71,50
2024-11-24,Dress,Clothing,2386.94,37
2024-11-24,Blender,Home & Kitchen,1119.45,23
2024-11-24,Coffee Maker,Home & Kitchen,1262.93,17
2024-11-24,Cookware Set,Home & Kitchen,2305.9,18
2024-11-24,Vacuum Cleaner,Home & Kitchen,1888.69,10
2024-11-24,Air Fryer,Home & Kitchen,2393.6,26
2024-11-24,Shampoo,Beauty,768.43,62
2024-11-24,Moisturizer,Beauty,1466.66,50
2024-11-24,Lipstick,Beauty,666.13,37
2024-11-24,Perfume,Beauty,732.03,12
2024-11-24,Face Serum,Beauty,816.29,20
2024-11-25,Laptop,Electronics,10050.47,12
2024-11-25,Smartphone,Electronics,14930.86,22
2024-11-25,Headphones,Electronics,4525.21,35
2024-11-25,Tablet,Electronics,7916.74,20
2024-11-25,Smart Watch,Electronics,9334.67,38
2024-11-25,T-Shirt,Clothing,1365.98,58
2024-11-25,Jeans,Clothing,1349.42,24
2024-11-25,Jacket,Clothing,2403.74,27
2024-11-25,Sneakers,Clothing,1694.23,22
2024-11-25,Dress,Clothing,1147.46,17
2024-11-25,Blender,Home & Kitchen,1179.7,25
2024-11-25,Coffee Maker,Home & Kitchen,1808.72,22
2024-11-25,Cookware Set,Home & Kitchen,2089.75,16
2024-11-25,Vacuum Cleaner,Home & Kitchen,2068.5,11
2024-11-25,Air Fryer,Home & Kitchen,1819.84,22
2024-11-25,Shampoo,Beauty,404.48,35
2024-11-25,Moisturizer,Beauty,1397.5,51
2024-11-25,Lipstick,Beauty,541.74,31
2024-11-25,Perfume,Beauty,836.43,13
2024-11-25,Face Serum,Beauty,745.82,19
2024-11-26,Laptop,Electronics,9105.78,10
2024-11-26,Smartphone,Electronics,13053.25,20
2024-11-26,Headphones,Electronics,5590.85,44
2024-11-26,Tablet,Electronics,7181.22,18
2024-11-26,Smart Watch,Electronics,9710.18,38
2024-11-26,T-Shirt,Clothing,1516.74,65
2024-11-26,Jeans,Clothing,2388.89,40
2024-11-26,Jacket,Clothing,1420.5,17
2024-11-26,Sneakers,Clothing,2283.3,30
2024-11-26,Dress,Clothing,1560.25,22
2024-11-26,Blender,Home & Kitchen,1261.06,27
2024-11-26,Coffee Maker,Home & Kitchen,1456.96,18
2024-11-26,Cookware Set,Home & Kitchen,1611.74,13
2024-11-26,Vacuum Cleaner,Home & Kitchen,1839.46,10
2024-11-26,Air Fryer,Home & Kitchen,1813.97,20
2024-11-26,Shampoo,Beauty,571.67,48
2024-11-26,Moisturizer,Beauty,1883.31,68
2024-11-26,Lipstick,Beauty,525.85,30
2024-11-26,Perfume,Beauty,602.16,10
2024-11-26,Face Serum,Beauty,866.44,20
2024-11-27,Laptop,Electronics,11236.24,12
2024-11-27,Smartphone,Electronics,14647.01,24
2024-11-27,Headphones,Electronics,3724.95,30
2024-11-27,Tablet,Electronics,6236.86,15
2024-11-27,Smart Watch,Electronics,6055.55,26
2024-11-27,T-Shirt,Clothing,1075.64,46
2024-11-27,Jeans,Clothing,2523.71,46
2024-11-27,Jacket,Clothing,2154.56,25
2024-11-27,Sneakers,Clothing,3452.79,45
2024-11-27,Dress,Clothing,1464.17,23
2024-11-27,Blender,Home & Kitchen,1035.07,21
2024-11-27,Coffee Maker,Home & Kitchen,1549.95,19
2024-11-27,Cookware Set,Home & Kitchen,1818.95,15
2024-11-27,Vacuum Cleaner,Home & Kitchen,1874.42,9
2024-11-27,Air Fryer,Home & Kitchen,2030.87,24
2024-11-27,Shampoo,Beauty,522.59,46
2024-11-27,Moisturizer,Beauty,1031.45,36
2024-11-27,Lipstick,Beauty,756.19,42
2024-11-27,Perfume,Beauty,812.71,13
2024-11-27,Face Serum,Beauty,709.69,18
2024-11-28,Laptop,Electronics,12260.24,13
2024-11-28,Smartphone,Electronics,14077.97,22
2024-11-28,Headphones,Electronics,6152.59,51
2024-11-28,Tablet,Electronics,6267.72,17
2024-11-28,Smart Watch,Electronics,7036.08,29
2024-11-28,T-Shirt,Clothing,1656.7,66
2024-11-28,Jeans,Clothing,3564.02,59
2024-11-28,Jacket,Clothing,2307.33,28
2024-11-28,Sneakers,Clothing,2044.83,27
2024-11-28,Dress,Clothing,1536.59,23
2024-11-28,Blender,Home & Kitchen,1281.49,27
2024-11-28,Coffee Maker,Home & Kitchen,1448.57,18
2024-11-28,Cookware Set,Home & Kitchen,1352.57,11
2024-11-28,Vacuum Cleaner,Home & Kitchen,2371.74,12
2024-11-28,Air Fryer,Home & Kitchen,1134.72,13
2024-11-28,Shampoo,Beauty,443.45,39
2024-11-28,Moisturizer,Beauty,990.28,37
2024-11-28,Lipstick,Beauty,659.46,35
2024-11-28,Perfume,Beauty,935.72,14
2024-11-28,Face Serum,Beauty,680.96,17
2024-11-29,Laptop,Electronics,12253.3,13
2024-11-29,Smartphone,Electronics,24631.08,38
2024-11-29,Headphones,Electronics,4465.21,37
2024-11-29,Tablet,Electronics,7168.86,18
2024-11-29,Smart Watch,Electronics,7802.93,31
2024-11-29,T-Shirt,Clothing,1290.65,57
2024-11-29,Jeans,Clothing,2080.29,38
2024-11-29,Jacket,Clothing,2282.68,25
2024-11-29,Sneakers,Clothing,1948.46,26
2024-11-29,Dress,Clothing,1146.62,16
2024-11-29,Blender,Home & Kitchen,923.74,20
2024-11-29,Coffee Maker,Home & Kitchen,1351.71,18
2024-11-29,Cookware Set,Home & Kitchen,2429.18,18
2024-11-29,Vacuum Cleaner,Home & Kitchen,2023.97,10
2024-11-29,Air Fryer,Home & Kitchen,2027.95,23
2024-11-29,Shampoo,Beauty,579.09,52
2024-11-29,Moisturizer,Beauty,1310.81,45
2024-11-29,Lipstick,Beauty,669.12,37
2024-11-29,Perfume,Beauty,790.97,12
2024-11-29,Face Serum,Beauty,658.57,16
2024-11-30,Laptop,Electronics,16711.6,18
2024-11-30,Smartphone,Electronics,17710.23,26
2024-11-30,Headphones,Electronics,6915.3,58
2024-11-30,Tablet,Electronics,4904.78,13
2024-11-30,Smart Watch,Electronics,10352.23,43
2024-11-30,T-Shirt,Clothing,2466.9,104
2024-11-30,Jeans,Clothing,3395.37,55
2024-11-30,Jacket,Clothing,2707.54,33
2024-11-30,Sneakers,Clothing,3679.63,47
2024-11-30,Dress,Clothing,1849.49,26
2024-11-30,Blender,Home & Kitchen,1267.08,26
2024-11-30,Coffee Maker,Home & Kitchen,1545.18,20
2024-11-30,Cookware Set,Home & Kitchen,2157.37,18
2024-11-30,Vacuum Cleaner,Home & Kitchen,2762.26,15
2024-11-30,Air Fryer,Home & Kitchen,1774.24,20
2024-11-30,Shampoo,Beauty,637.9,53
2024-11-30,Moisturizer,Beauty,1410.86,49
2024-11-30,Lipstick,Beauty,875.11,48
2024-11-30,Perfume,Beauty,927.13,14
2024-11-30,Face Serum,Beauty,937.75,24
2024-12-01,Laptop,Electronics,12463.31,14
2024-12-01,Smartphone,Electronics,15647.68,25
2024-12-01,Headphones,Electronics,5808.59,47
2024-12-01,Tablet,Electronics,7325.6,18
2024-12-01,Smart Watch,Electronics,8064.37,34
2024-12-01,T-Shirt,Clothing,1766.7,71
2024-12-01,Jeans,Clothing,2852.23,49
2024-12-01,Jacket,Clothing,3355.65,40
2024-12-01,Sneakers,Clothing,2864.01,35
2024-12-01,Dress,Clothing,2654.31,39
2024-12-01,Blender,Home & Kitchen,1189.46,24
2024-12-01,Coffee Maker,Home & Kitchen,1327.09,17
2024-12-01,Cookware Set,Home & Kitchen,1444.53,11
2024-12-01,Vacuum Cleaner,Home & Kitchen,2225.92,11
2024-12-01,Air Fryer,Home & Kitchen,1353.26,16
2024-12-01,Shampoo,Beauty,555.37,48
2024-12-01,Moisturizer,Beauty,1193.33,44
2024-12-01,Lipstick,Beauty,615.34,35
2024-12-01,Perfume,Beauty,1058.55,16
2024-12-01,Face Serum,Beauty,851.65,21
2024-12-02,Laptop,Electronics,9134.17,11
2024-12-02,Smartphone,Electronics,27510.52,41
2024-12-02,Headphones,Electronics,3888.01,31
2024-12-02,Tablet,Electronics,6740.77,18
2024-12-02,Smart Watch,Electronics,6932.79,28
2024-12-02,T-Shirt,Clothing,1713.37,69
2024-12-02,Jeans,Clothing,1669.88,30
2024-12-02,Jacket,Clothing,1720.11,19
2024-12-02,Sneakers,Clothing,2133.4,27
2024-12-02,Dress,Clothing,1661.68,25
2024-12-02,Blender,Home & Kitchen,933.13,20
2024-12-02,Coffee Maker,Home & Kitchen,845.31,11
2024-12-02,Cookware Set,Home & Kitchen,1329.71,10
2024-12-02,Vacuum Cleaner,Home & Kitchen,2220.5,11
2024-12-02,Air Fryer,Home & Kitchen,1684.85,19
2024-12-02,Shampoo,Beauty,705.76,60
2024-12-02,Moisturizer,Beauty,924.5,35
2024-12-02,Lipstick,Beauty,736.52,42
2024-12-02,Perfume,Beauty,829.02,13
2024-12-02,Face Serum,Beauty,585.62,14
2024-12-03,Laptop,Electronics,8416.36,9
2024-12-03,Smartphone,Electronics,14011.99,22
2024-12-03,Headphones,Electronics,4676.1,38
2024-12-03,Tablet,Electronics,6602.97,17
2024-12-03,Smart Watch,Electronics,6424.68,27
2024-12-03,T-Shirt,Clothing,1295.26,52
2024-12-03,Jeans,Clothing,1445.7,24
2024-12-03,Jacket,Clothing,1582.12,18
2024-12-03,Sneakers,Clothing,1490.16,19
2024-12-03,Dress,Clothing,1281.21,20
2024-12-03,Blender,Home & Kitchen,828.52,18
2024-12-03,Coffee Maker,Home & Kitchen,1473.14,19
2024-12-03,Cookware Set,Home & Kitchen,1470.9,12
2024-12-03,Vacuum Cleaner,Home & Kitchen,1578.71,8
2024-12-03,Air Fryer,Home & Kitchen,1926.16,23
2024-12-03,Shampoo,Beauty,884.17,71
2024-12-03,Moisturizer,Beauty,901.77,34
2024-12-03,Lipstick,Beauty,553.81,31
2024-12-03,Perfume,Beauty,680.73,10
2024-12-03,Face Serum,Beauty,915.71,22
2024-12-04,Laptop,Electronics,12600.61,15
2024-12-04,Smartphone,Electronics,11449.33,18
2024-12-04,Headphones,Electronics,7422.9,59
2024-12-04,Tablet,Electronics,7041.48,17
2024-12-04,Smart Watch,Electronics,6331.71,25
2024-12-04,T-Shirt,Clothing,1353.68,59
2024-12-04,Jeans,Clothing,2356.26,40
2024-12-04,Jacket,Clothing,1530.16,18
2024-12-04,Sneakers,Clothing,2254.26,30
2024-12-04,Dress,Clothing,1250.63,19
2024-12-04,Blender,Home & Kitchen,797.5,17
2024-12-04,Coffee Maker,Home & Kitchen,1278.37,17
2024-12-04,Cookware Set,Home & Kitchen,1822.35,15
2024-12-04,Vacuum Cleaner,Home & Kitchen,1793.36,9
2024-12-04,Air Fryer,Home & Kitchen,1373.96,16
2024-12-04,Shampoo,Beauty,575.91,47
2024-12-04,Moisturizer,Beauty,1147.28,44
2024-12-04,Lipstick,Beauty,752.14,42
2024-12-04,Perfume,Beauty,549.09,9
2024-12-04,Face Serum,Beauty,578.08,14
2024-12-05,Laptop,Electronics,8397.51,10
2024-12-05,Smartphone,Electronics,17768.04,27
2024-12-05,Headphones,Electronics,5134.58,39
2024-12-05,Tablet,Electronics,6767.43,18
2024-12-05,Smart Watch,Electronics,7191.25,30
2024-12-05,T-Shirt,Clothing,1488.93,61
2024-12-05,Jeans,Clothing,2119.89,35
2024-12-05,Jacket,Clothing,1804.65,21
2024-12-05,Sneakers,Clothing,2263.48,28
2024-12-05,Dress,Clothing,992.76,15
2024-12-05,Blender,Home & Kitchen,949.01,19
2024-12-05,Coffee Maker,Home & Kitchen,947.04,12
2024-12-05,Cookware Set,Home & Kitchen,1576.55,12
2024-12-05,Vacuum Cleaner,Home & Kitchen,1382.87,7
2024-12-05,Air Fryer,Home & Kitchen,1139.01,13
2024-12-05,Shampoo,Beauty,380.16,34
2024-12-05,Moisturizer,Beauty,1449.83,55
2024-12-05,Lipstick,Beauty,693.38,39
2024-12-05,Perfume,Beauty,978.07,15
2024-12-05,Face Serum,Beauty,602.51,14
2024-12-06,Laptop,Electronics,10190.66,12
2024-12-06,Smartphone,Electronics,11833.71,19
2024-12-06,Headphones,Electronics,4661.84,37
2024-12-06,Tablet,Electronics,4066.11,10
2024-12-06,Smart Watch,Electronics,7898.2,32
2024-12-06,T-Shirt,Clothing,1363.5,60
2024-12-06,Jeans,Clothing,1979.95,34
2024-12-06,Jacket,Clothing,2443.84,27
2024-12-06,Sneakers,Clothing,2239.39,29
2024-12-06,Dress,Clothing,1230.79,17
2024-12-06,Blender,Home & Kitchen,835.0,18
2024-12-06,Coffee Maker,Home & Kitchen,1774.85,24
2024-12-06,Cookware Set,Home & Kitchen,1480.11,11
2024-12-06,Vacuum Cleaner,Home & Kitchen,1808.87,9
2024-12-06,Air Fryer,Home & Kitchen,1413.28,16
2024-12-06,Shampoo,Beauty,627.42,50
2024-12-06,Moisturizer,Beauty,945.55,36
2024-12-06,Lipstick,Beauty,691.82,38
2024-12-06,Perfume,Beauty,810.62,13
2024-12-06,Face Serum,Beauty,661.43,16
2024-12-07,Laptop,Electronics,12948.86,14
2024-12-07,Smartphone,Electronics,24827.05,38
2024-12-07,Headphones,Electronics,5289.86,44
2024-12-07,Tablet,Electronics,8187.83,21
2024-12-07,Smart Watch,Electronics,7989.83,31
2024-12-07,T-Shirt,Clothing,1878.49,76
2024-12-07,Jeans,Clothing,2230.58,41
2024-12-07,Jacket,Clothing,3041.12,33
2024-12-07,Sneakers,Clothing,3662.85,46
2024-12-07,Dress,Clothing,2269.44,33
2024-12-07,Blender,Home & Kitchen,1059.36,22
2024-12-07,Coffee Maker,Home & Kitchen,1230.88,16
2024-12-07,Cookware Set,Home & Kitchen,2137.22,17
2024-12-07,Vacuum Cleaner,Home & Kitchen,1953.75,10
2024-12-07,Air Fryer,Home & Kitchen,2031.7,24
2024-12-07,Shampoo,Beauty,730.91,59
2024-12-07,Moisturizer,Beauty,1291.59,46
2024-12-07,Lipstick,Beauty,731.63,40
2024-12-07,Perfume,Beauty,846.26,13
2024-12-07,Face Serum,Beauty,774.72,19
2024-12-08,Laptop,Electronics,14870.6,17
2024-12-08,Smartphone,Electronics,17811.42,27
2024-12-08,Headphones,Electronics,6291.34,52
2024-12-08,Tablet,Electronics,7177.94,18
2024-12-08,Smart Watch,Electronics,8332.41,33
2024-12-08,T-Shirt,Clothing,1482.92,60
2024-12-08,Jeans,Clothing,2772.21,47
2024-12-08,Jacket,Clothing,3588.07,42
2024-12-08,Sneakers,Clothing,3996.01,49
2024-12-08,Dress,Clothing,1727.87,27
2024-12-08,Blender,Home & Kitchen,738.53,16
2024-12-08,Coffee Maker,Home & Kitchen,1057.39,14
2024-12-08,Cookware Set,Home & Kitchen,1433.21,12
2024-12-08,Vacuum Cleaner,Home & Kitchen,1691.66,9
2024-12-08,Air Fryer,Home & Kitchen,1757.83,19
2024-12-08,Shampoo,Beauty,613.55,51
2024-12-08,Moisturizer,Beauty,1147.17,41
2024-12-08,Lipstick,Beauty,780.66,43
2024-12-08,Perfume,Beauty,1008.63,15
2024-12-08,Face Serum,Beauty,799.15,20
2024-12-09,Laptop,Electronics,9160.25,11
2024-12-09,Smartphone,Electronics,18998.29,31
2024-12-09,Headphones,Electronics,5259.54,39
2024-12-09,Tablet,Electronics,6490.2,17
2024-12-09,Smart Watch,Electronics,6318.44,26
2024-12-09,T-Shirt,Clothing,1092.35,48
2024-12-09,Jeans,Clothing,1963.76,33
2024-12-09,Jacket,Clothing,1884.42,23
2024-12-09,Sneakers,Clothing,1893.91,26
2024-12-09,Dress,Clothing,1296.35,19
2024-12-09,Blender,Home & Kitchen,1299.91,26
2024-12-09,Coffee Maker,Home & Kitchen,1365.42,17
2024-12-09,Cookware Set,Home & Kitchen,1702.15,14
2024-12-09,Vacuum Cleaner,Home & Kitchen,1587.22,8
2024-12-09,Air Fryer,Home & Kitchen,1413.49,16
2024-12-09,Shampoo,Beauty,665.24,57
2024-12-09,Moisturizer,Beauty,790.3,29
2024-12-09,Lipstick,Beauty,575.58,31
2024-12-09,Perfume,Beauty,742.28,11
2024-12-09,Face Serum,Beauty,894.87,23
2024-12-10,Laptop,Electronics,7758.46,9
2024-12-10,Smartphone,Electronics,10859.01,17
2024-12-10,Headphones,Electronics,3668.57,30
2024-12-10,Tablet,Electronics,5196.93,14
2024-12-10,Smart Watch,Electronics,7204.24,28
2024-12-10,T-Shirt,Clothing,1430.88,59
2024-12-10,Jeans,Clothing,2212.86,39
2024-12-10,Jacket,Clothing,1329.04,16
2024-12-10,Sneakers,Clothing,1353.74,17
2024-12-10,Dress,Clothing,1348.18,19
2024-12-10,Blender,Home & Kitchen,825.99,18
2024-12-10,Coffee Maker,Home & Kitchen,1127.31,14
2024-12-10,Cookware Set,Home & Kitchen,1424.02,11
2024-12-10,Vacuum Cleaner,Home & Kitchen,1550.17,8
2024-12-10,Air Fryer,Home & Kitchen,1248.38,14
2024-12-10,Shampoo,Beauty,495.94,44
2024-12-10,Moisturizer,Beauty,1657.62,60
2024-12-10,Lipstick,Beauty,638.03,37
2024-12-10,Perfume,Beauty,1173.82,18
2024-12-10,Face Serum,Beauty,490.76,12
2024-12-11,Laptop,Electronics,8415.19,10
2024-12-11,Smartphone,Electronics,21023.8,31
2024-12-11,Headphones,Electronics,3846.14,30
2024-12-11,Tablet,Electronics,6143.31,16
2024-12-11,Smart Watch,Electronics,6680.85,27
2024-12-11,T-Shirt,Clothing,1174.49,50
2024-12-11,Jeans,Clothing,2228.65,39
2024-12-11,Jacket,Clothing,1782.23,21
2024-12-11,Sneakers,Clothing,2178.92,28
2024-12-11,Dress,Clothing,1678.82,26
2024-12-11,Blender,Home & Kitchen,1177.18,26
2024-12-11,Coffee Maker,Home & Kitchen,974.31,13
2024-12-11,Cookware Set,Home & Kitchen,2148.65,18
2024-12-11,Vacuum Cleaner,Home & Kitchen,1941.44,10
2024-12-11,Air Fryer,Home & Kitchen,1604.49,19
2024-12-11,Shampoo,Beauty,426.1,35
2024-12-11,Moisturizer,Beauty,1159.5,42
2024-12-11,Lipstick,Beauty,596.76,33
2024-12-11,Perfume,Beauty,544.78,9
2024-12-11,Face Serum,Beauty,628.84,15
2024-12-12,Laptop,Electronics,7167.15,8
2024-12-12,Smartphone,Electronics,10692.66,16
2024-12-12,Headphones,Electronics,3853.87,32
2024-12-12,Tablet,Electronics,5629.46,15
2024-12-12,Smart Watch,Electronics,7034.3,29
2024-12-12,T-Shirt,Clothing,2068.28,83
2024-12-12,Jeans,Clothing,2102.88,36
2024-12-12,Jacket,Clothing,1615.17,19
2024-12-12,Sneakers,Clothing,1768.7,23
2024-12-12,Dress,Clothing,1335.4,19
2024-12-12,Blender,Home & Kitchen,836.99,18
2024-12-12,Coffee Maker,Home & Kitchen,1313.72,17
2024-12-12,Cookware Set,Home & Kitchen,1348.06,11
2024-12-12,Vacuum Cleaner,Home & Kitchen,1960.93,10
2024-12-12,Air Fryer,Home & Kitchen,1646.93,20
2024-12-12,Shampoo,Beauty,504.34,41
2024-12-12,Moisturizer,Beauty,1498.31,52
2024-12-12,Lipstick,Beauty,491.7,29
2024-12-12,Perfume,Beauty,811.74,13
2024-12-12,Face Serum,Beauty,615.16,14
2024-12-13,Laptop,Electronics,12784.67,15
2024-12-13,Smartphone,Electronics,15448.11,23
2024-12-13,Headphones,Electronics,4552.53,34
2024-12-13,Tablet,Electronics,7310.17,18
2024-12-13,Smart Watch,Electronics,5929.24,25
2024-12-13,T-Shirt,Clothing,1124.98,50
2024-12-13,Jeans,Clothing,1497.67,27
2024-12-13,Jacket,Clothing,1680.95,19
2024-12-13,Sneakers,Clothing,2230.55,28
2024-12-13,Dress,Clothing,1300.9,18
2024-12-13,Blender,Home & Kitchen,901.86,19
2024-12-13,Coffee Maker,Home & Kitchen,1564.76,19
2024-12-13,Cookware Set,Home & Kitchen,1804.45,14
2024-12-13,Vacuum Cleaner,Home & Kitchen,2692.13,13
2024-12-13,Air Fryer,Home & Kitchen,1433.95,17
2024-12-13,Shampoo,Beauty,642.39,52
2024-12-13,Moisturizer,Beauty,1229.96,47
2024-12-13,Lipstick,Beauty,673.32,39
2024-12-13,Perfume,Beauty,972.73,16
2024-12-13,Face Serum,Beauty,811.69,19
2024-12-14,Laptop,Electronics,10629.26,12
2024-12-14,Smartphone,Electronics,16038.08,26
2024-12-14,Headphones,Electronics,4299.66,32
2024-12-14,Tablet,Electronics,8740.95,21
2024-12-14,Smart Watch,Electronics,10721.59,44
2024-12-14,T-Shirt,Clothing,2185.06,87
2024-12-14,Jeans,Clothing,3224.87,53
2024-12-14,Jacket,Clothing,3158.55,37
2024-12-14,Sneakers,Clothing,3282.85,43
2024-12-14,Dress,Clothing,2470.22,36
2024-12-14,Blender,Home & Kitchen,1162.56,24
2024-12-14,Coffee Maker,Home & Kitchen,1478.43,18
2024-12-14,Cookware Set,Home & Kitchen,1677.43,13
2024-12-14,Vacuum Cleaner,Home & Kitchen,1542.28,8
2024-12-14,Air Fryer,Home & Kitchen,1401.33,17
2024-12-14,Shampoo,Beauty,523.72,45
2024-12-14,Moisturizer,Beauty,1069.76,39
2024-12-14,Lipstick,Beauty,800.87,45
2024-12-14,Perfume,Beauty,1081.46,17
2024-12-14,Face Serum,Beauty,800.97,19
2024-12-15,Laptop,Electronics,9111.1,10
2024-12-15,Smartphone,Electronics,16027.88,24
2024-12-15,Headphones,Electronics,5194.36,40
2024-12-15,Tablet,Electronics,8191.22,22
2024-12-15,Smart Watch,Electronics,7968.82,33
2024-12-15,T-Shirt,Clothing,1948.69,82
2024-12-15,Jeans,Clothing,3127.72,56
2024-12-15,Jacket,Clothing,3404.34,39
2024-12-15,Sneakers,Clothing,3635.23,50
2024-12-15,Dress,Clothing,1806.61,26
2024-12-15,Blender,Home & Kitchen,1169.67,24
2024-12-15,Coffee Maker,Home & Kitchen,1162.65,15
2024-12-15,Cookware Set,Home & Kitchen,1848.91,14
2024-12-15,Vacuum Cleaner,Home & Kitchen,1410.85,7
2024-12-15,Air Fryer,Home & Kitchen,2385.19,29
2024-12-15,Shampoo,Beauty,611.19,55
2024-12-15,Moisturizer,Beauty,1363.59,52
2024-12-15,Lipstick,Beauty,659.31,39
2024-12-15,Perfume,Beauty,815.14,13
2024-12-15,Face Serum,Beauty,708.28,17
2024-12-16,Laptop,Electronics,8708.97,10
2024-12-16,Smartphone,Electronics,16513.91,27
2024-12-16,Headphones,Electronics,3232.51,26
2024-12-16,Tablet,Electronics,9274.72,23
2024-12-16,Smart Watch,Electronics,7870.11,34
2024-12-16,T-Shirt,Clothing,1416.47,57
2024-12-16,Jeans,Clothing,1720.3,29
2024-12-16,Jacket,Clothing,2115.49,24
2024-12-16,Sneakers,Clothing,2240.47,28
2024-12-16,Dress,Clothing,1180.75,17
2024-12-16,Blender,Home & Kitchen,1086.24,24
2024-12-16,Coffee Maker,Home & Kitchen,1150.69,15
2024-12-16,Cookware Set,Home & Kitchen,1093.91,9
2024-12-16,Vacuum Cleaner,Home & Kitchen,1349.69,7
2024-12-16,Air Fryer,Home & Kitchen,2182.82,24
2024-12-16,Shampoo,Beauty,468.14,40
2024-12-16,Moisturizer,Beauty,983.55,37
2024-12-16,Lipstick,Beauty,647.29,39
2024-12-16,Perfume,Beauty,511.94,8
2024-12-16,Face Serum,Beauty,747.53,18
2024-12-17,Laptop,Electronics,9647.28,11
2024-12-17,Smartphone,Electronics,17300.35,26
2024-12-17,Headphones,Electronics,3743.91,28
2024-12-17,Tablet,Electronics,5619.4,14
2024-12-17,Smart Watch,Electronics,6693.85,28
2024-12-17,T-Shirt,Clothing,1125.61,45
2024-12-17,Jeans,Clothing,1943.9,35
2024-12-17,Jacket,Clothing,1974.44,22
2024-12-17,Sneakers,Clothing,1239.71,17
2024-12-17,Dress,Clothing,1442.65,22
2024-12-17,Blender,Home & Kitchen,949.53,19
2024-12-17,Coffee Maker,Home & Kitchen,1170.04,15
2024-12-17,Cookware Set,Home & Kitchen,2164.57,17
2024-12-17,Vacuum Cleaner,Home & Kitchen,1486.79,8
2024-12-17,Air Fryer,Home & Kitchen,1920.37,21
2024-12-17,Shampoo,Beauty,736.36,64
2024-12-17,Moisturizer,Beauty,1321.94,47
2024-12-17,Lipstick,Beauty,872.86,47
2024-12-17,Perfume,Beauty,666.52,10
2024-12-17,Face Serum,Beauty,1034.19,24
2024-12-18,Laptop,Electronics,6747.03,8
2024-12-18,Smartphone,Electronics,16792.93,25
2024-12-18,Headphones,Electronics,4599.18,34
2024-12-18,Tablet,Electronics,5904.95,15
2024-12-18,Smart Watch,Electronics,5816.13,25
2024-12-18,T-Shirt,Clothing,1476.85,60
2024-12-18,Jeans,Clothing,1660.41,29
2024-12-18,Jacket,Clothing,1756.87,19
2024-12-18,Sneakers,Clothing,2048.63,27
2024-12-18,Dress,Clothing,1631.94,23
2024-12-18,Blender,Home & Kitchen,1074.56,22
2024-12-18,Coffee Maker,Home & Kitchen,1542.69,20
2024-12-18,Cookware Set,Home & Kitchen,1496.94,12
2024-12-18,Vacuum Cleaner,Home & Kitchen,1730.97,9
2024-12-18,Air Fryer,Home & Kitchen,2770.02,32
2024-12-18,Shampoo,Beauty,540.5,46
2024-12-18,Moisturizer,Beauty,1669.6,61
2024-12-18,Lipstick,Beauty,1052.65,62
2024-12-18,Perfume,Beauty,632.45,10
2024-12-18,Face Serum,Beauty,679.37,16
2024-12-19,Laptop,Electronics,6981.59,8
2024-12-19,Smartphone,Electronics,17622.45,26
2024-12-19,Headphones,Electronics,5093.59,39
2024-12-19,Tablet,Electronics,5616.6,14
2024-12-19,Smart Watch,Electronics,4291.24,18
2024-12-19,T-Shirt,Clothing,1456.06,58
2024-12-19,Jeans,Clothing,1434.47,25
2024-12-19,Jacket,Clothing,1673.16,20
2024-12-19,Sneakers,Clothing,2148.01,29
2024-12-19,Dress,Clothing,1233.47,19
2024-12-19,Blender,Home & Kitchen,1249.07,27
2024-12-19,Coffee Maker,Home & Kitchen,1166.68,15
2024-12-19,Cookware Set,Home & Kitchen,1321.92,10
2024-12-19,Vacuum Cleaner,Home & Kitchen,1334.23,7
2024-12-19,Air Fryer,Home & Kitchen,2009.55,22
2024-12-19,Shampoo,Beauty,467.59,42
2024-12-19,Moisturizer,Beauty,1032.03,37
2024-12-19,Lipstick,Beauty,751.27,41
2024-12-19,Perfume,Beauty,598.82,9
2024-12-19,Face Serum,Beauty,743.91,18
2024-12-20,Laptop,Electronics,11172.68,12
2024-12-20,Smartphone,Electronics,16677.03,25
2024-12-20,Headphones,Electronics,5512.95,46
2024-12-20,Tablet,Electronics,6254.49,15
2024-12-20,Smart Watch,Electronics,6780.65,29
2024-12-20,T-Shirt,Clothing,1308.44,58
2024-12-20,Jeans,Clothing,1831.93,33
2024-12-20,Jacket,Clothing,1468.73,17
2024-12-20,Sneakers,Clothing,2199.53,29
2024-12-20,Dress,Clothing,842.03,13
2024-12-20,Blender,Home & Kitchen,878.08,18
2024-12-20,Coffee Maker,Home & Kitchen,1120.55,14
2024-12-20,Cookware Set,Home & Kitchen,1254.68,10
2024-12-20,Vacuum Cleaner,Home & Kitchen,1703.83,9
2024-12-20,Air Fryer,Home & Kitchen,2091.67,24
2024-12-20,Shampoo,Beauty,697.85,63
2024-12-20,Moisturizer,Beauty,1217.89,42
2024-12-20,Lipstick,Beauty,690.11,41
2024-12-20,Perfume,Beauty,808.85,12
2024-12-20,Face Serum,Beauty,715.66,18
2024-12-21,Laptop,Electronics,11263.56,13
2024-12-21,Smartphone,Electronics,26211.31,39
2024-12-21,Headphones,Electronics,3527.15,29
2024-12-21,Tablet,Electronics,8685.17,22
2024-12-21,Smart Watch,Electronics,7062.02,28
2024-12-21,T-Shirt,Clothing,1789.19,78
2024-12-21,Jeans,Clothing,2504.85,41
2024-12-21,Jacket,Clothing,2262.47,26
2024-12-21,Sneakers,Clothing,3829.76,47
2024-12-21,Dress,Clothing,1721.38,26
2024-12-21,Blender,Home & Kitchen,1180.07,24
2024-12-21,Coffee Maker,Home & Kitchen,1314.92,18
2024-12-21,Cookware Set,Home & Kitchen,2162.42,17
2024-12-21,Vacuum Cleaner,Home & Kitchen,1615.2,8
2024-12-21,Air Fryer,Home & Kitchen,2390.29,28
2024-12-21,Shampoo,Beauty,622.42,53
2024-12-21,Moisturizer,Beauty,1487.35,51
2024-12-21,Lipstick,Beauty,786.31,42
2024-12-21,Perfume,Beauty,868.95,13
2024-12-21,Face Serum,Beauty,662.95,16
2024-12-22,Laptop,Electronics,14393.85,17
2024-12-22,Smartphone,Electronics,14798.7,22
2024-12-22,Headphones,Electronics,4443.72,37
2024-12-22,Tablet,Electronics,8576.2,23
2024-12-22,Smart Watch,Electronics,7618.97,32
2024-12-22,T-Shirt,Clothing,1586.31,67
2024-12-22,Jeans,Clothing,3491.66,60
2024-12-22,Jacket,Clothing,2714.28,30
2024-12-22,Sneakers,Clothing,2682.16,34
2024-12-22,Dress,Clothing,1503.06,23
2024-12-22,Blender,Home & Kitchen,992.63,22
2024-12-22,Coffee Maker,Home & Kitchen,1264.65,16
2024-12-22,Cookware Set,Home & Kitchen,1672.7,14
2024-12-22,Vacuum Cleaner,Home & Kitchen,1618.29,8
2024-12-22,Air Fryer,Home & Kitchen,2484.27,27
2024-12-22,Shampoo,Beauty,723.88,62
2024-12-22,Moisturizer,Beauty,1747.36,61
2024-12-22,Lipstick,Beauty,661.1,35
2024-12-22,Perfume,Beauty,936.05,15
2024-12-22,Face Serum,Beauty,986.58,25
2024-12-23,Laptop,Electronics,11269.14,13
2024-12-23,Smartphone,Electronics,18195.44,28
2024-12-23,Headphones,Electronics,5492.83,42
2024-12-23,Tablet,Electronics,6963.33,18
2024-12-23,Smart Watch,Electronics,7914.38,31
2024-12-23,T-Shirt,Clothing,1349.93,60
2024-12-23,Jeans,Clothing,2324.37,38
2024-12-23,Jacket,Clothing,2615.77,28
2024-12-23,Sneakers,Clothing,2033.29,25
2024-12-23,Dress,Clothing,1225.14,17
2024-12-23,Blender,Home & Kitchen,852.81,18
2024-12-23,Coffee Maker,Home & Kitchen,959.74,12
2024-12-23,Cookware Set,Home & Kitchen,1294.86,10
2024-12-23,Vacuum Cleaner,Home & Kitchen,2027.49,11
2024-12-23,Air Fryer,Home & Kitchen,2099.43,25
2024-12-23,Shampoo,Beauty,605.39,49
2024-12-23,Moisturizer,Beauty,1211.83,44
2024-12-23,Lipstick,Beauty,520.72,28
2024-12-23,Perfume,Beauty,726.05,12
2024-12-23,Face Serum,Beauty,629.65,16
2024-12-24,Laptop,Electronics,8680.33,10
2024-12-24,Smartphone,Electronics,14431.88,24
2024-12-24,Headphones,Electronics,4943.29,39
2024-12-24,Tablet,Electronics,6567.28,16
2024-12-24,Smart Watch,Electronics,10266.74,41
2024-12-24,T-Shirt,Clothing,1375.41,56
2024-12-24,Jeans,Clothing,1311.42,24
2024-12-24,Jacket,Clothing,2638.76,29
2024-12-24,Sneakers,Clothing,1983.43,25
2024-12-24,Dress,Clothing,1759.46,25
2024-12-24,Blender,Home & Kitchen,925.15,18
2024-12-24,Coffee Maker,Home & Kitchen,981.49,12
2024-12-24,Cookware Set,Home & Kitchen,1343.24,10
2024-12-24,Vacuum Cleaner,Home & Kitchen,1446.1,7
2024-12-24,Air Fryer,Home & Kitchen,1978.82,23
2024-12-24,Shampoo,Beauty,627.14,55
2024-12-24,Moisturizer,Beauty,1297.2,47
2024-12-24,Lipstick,Beauty,696.05,40
2024-12-24,Perfume,Beauty,589.51,9
2024-12-24,Face Serum,Beauty,680.8,16
2024-12-25,Laptop,Electronics,6335.23,7
2024-12-25,Smartphone,Electronics,7843.26,13
2024-12-25,Headphones,Electronics,3005.33,25
2024-12-25,Tablet,Electronics,4793.45,13
2024-12-25,Smart Watch,Electronics,5721.33,24
2024-12-25,T-Shirt,Clothing,1109.29,45
2024-12-25,Jeans,Clothing,1306.76,24
2024-12-25,Jacket,Clothing,1170.55,14
2024-12-25,Sneakers,Clothing,1487.14,18
2024-12-25,Dress,Clothing,890.08,14
2024-12-25,Blender,Home & Kitchen,645.17,14
2024-12-25,Coffee Maker,Home & Kitchen,802.72,11
2024-12-25,Cookware Set,Home & Kitchen,981.37,8
2024-12-25,Vacuum Cleaner,Home & Kitchen,1665.91,9
2024-12-25,Air Fryer,Home & Kitchen,1485.98,17
2024-12-25,Shampoo,Beauty,398.1,35
2024-12-25,Moisturizer,Beauty,788.92,27
2024-12-25,Lipstick,Beauty,548.1,32
2024-12-25,Perfume,Beauty,507.75,8
2024-12-25,Face Serum,Beauty,691.83,16
2024-12-26,Laptop,Electronics,6783.8,8
2024-12-26,Smartphone,Electronics,13587.4,21
2024-12-26,Headphones,Electronics,2620.72,20
2024-12-26,Tablet,Electronics,5315.21,13
2024-12-26,Smart Watch,Electronics,6325.63,26
2024-12-26,T-Shirt,Clothing,853.36,38
2024-12-26,Jeans,Clothing,1468.67,24
2024-12-26,Jacket,Clothing,1360.7,16
2024-12-26,Sneakers,Clothing,1598.09,20
2024-12-26,Dress,Clothing,858.88,13
2024-12-26,Blender,Home & Kitchen,693.93,15
2024-12-26,Coffee Maker,Home & Kitchen,1190.53,16
2024-12-26,Cookware Set,Home & Kitchen,1069.47,8
2024-12-26,Vacuum Cleaner,Home & Kitchen,1136.08,6
2024-12-26,Air Fryer,Home & Kitchen,1149.88,13
2024-12-26,Shampoo,Beauty,447.37,36
2024-12-26,Moisturizer,Beauty,796.95,28
2024-12-26,Lipstick,Beauty,525.15,28
2024-12-26,Perfume,Beauty,664.46,11
2024-12-26,Face Serum,Beauty,626.51,16
2024-12-27,Laptop,Electronics,6699.37,8
2024-12-27,Smartphone,Electronics,10804.92,17
2024-12-27,Headphones,Electronics,2850.38,22
2024-12-27,Tablet,Electronics,4603.84,12
2024-12-27,Smart Watch,Electronics,7422.35,30
2024-12-27,T-Shirt,Clothing,1066.19,46
2024-12-27,Jeans,Clothing,1288.47,21
2024-12-27,Jacket,Clothing,1028.15,12
2024-12-27,Sneakers,Clothing,1307.28,16
2024-12-27,Dress,Clothing,723.15,11
2024-12-27,Blender,Home & Kitchen,740.24,16
2024-12-27,Coffee Maker,Home & Kitchen,1242.94,15
2024-12-27,Cookware Set,Home & Kitchen,1418.71,11
2024-12-27,Vacuum Cleaner,Home & Kitchen,1225.01,6
2024-12-27,Air Fryer,Home & Kitchen,1195.76,13
2024-12-27,Shampoo,Beauty,341.94,30
2024-12-27,Moisturizer,Beauty,907.2,35
2024-12-27,Lipstick,Beauty,543.59,29
2024-12-27,Perfume,Beauty,536.02,8
2024-12-27,Face Serum,Beauty,663.57,16
2024-12-28,Laptop,Electronics,7215.31,8
2024-12-28,Smartphone,Electronics,13946.04,21
2024-12-28,Headphones,Electronics,3524.42,29
2024-12-28,Tablet,Electronics,5176.27,13
2024-12-28,Smart Watch,Electronics,5379.97,21
2024-12-28,T-Shirt,Clothing,1501.89,61
2024-12-28,Jeans,Clothing,1776.41,31
2024-12-28,Jacket,Clothing,2006.25,22
2024-12-28,Sneakers,Clothing,1967.13,27
2024-12-28,Dress,Clothing,1355.68,19
2024-12-28,Blender,Home & Kitchen,1076.09,23
2024-12-28,Coffee Maker,Home & Kitchen,855.85,11
2024-12-28,Cookware Set,Home & Kitchen,1115.76,9
2024-12-28,Vacuum Cleaner,Home & Kitchen,1461.85,7
2024-12-28,Air Fryer,Home & Kitchen,1069.79,12
2024-12-28,Shampoo,Beauty,325.16,28
2024-12-28,Moisturizer,Beauty,937.62,35
2024-12-28,Lipstick,Beauty,423.52,25
2024-12-28,Perfume,Beauty,681.98,11
2024-12-28,Face Serum,Beauty,735.24,17
2024-12-29,Laptop,Electronics,10104.02,11
2024-12-29,Smartphone,Electronics,15828.33,24
2024-12-29,Headphones,Electronics,3564.52,30
2024-12-29,Tablet,Electronics,6857.71,18
2024-12-29,Smart Watch,Electronics,6756.53,26
2024-12-29,T-Shirt,Clothing,1738.79,77
2024-12-29,Jeans,Clothing,1856.33,30
2024-12-29,Jacket,Clothing,2253.99,27
2024-12-29,Sneakers,Clothing,2074.72,27
2024-12-29,Dress,Clothing,1528.5,22
2024-12-29,Blender,Home & Kitchen,885.58,19
2024-12-29,Coffee Maker,Home & Kitchen,673.96,9
2024-12-29,Cookware Set,Home & Kitchen,1060.64,8
2024-12-29,Vacuum Cleaner,Home & Kitchen,1761.86,9
2024-12-29,Air Fryer,Home & Kitchen,1401.09,17
2024-12-29,Shampoo,Beauty,550.27,45
2024-12-29,Moisturizer,Beauty,1380.55,47
2024-12-29,Lipstick,Beauty,574.92,31
2024-12-29,Perfume,Beauty,856.37,13
2024-12-29,Face Serum,Beauty,654.7,15
2024-12-30,Laptop,Electronics,7544.51,9
2024-12-30,Smartphone,Electronics,13331.7,22
2024-12-30,Headphones,Electronics,3926.85,29
2024-12-30,Tablet,Electronics,3780.01,10
2024-12-30,Smart Watch,Electronics,4812.32,20
2024-12-30,T-Shirt,Clothing,1002.01,42
2024-12-30,Jeans,Clothing,1661.18,28
2024-12-30,Jacket,Clothing,1651.48,19
2024-12-30,Sneakers,Clothing,1663.83,21
2024-12-30,Dress,Clothing,927.08,14
2024-12-30,Blender,Home & Kitchen,759.86,16
2024-12-30,Coffee Maker,Home & Kitchen,854.1,11
2024-12-30,Cookware Set,Home & Kitchen,1047.84,8
2024-12-30,Vacuum Cleaner,Home & Kitchen,1230.86,6
2024-12-30,Air Fryer,Home & Kitchen,1395.1,17
2024-12-30,Shampoo,Beauty,412.99,33
2024-12-30,Moisturizer,Beauty,828.17,29
2024-12-30,Lipstick,Beauty,484.67,28
2024-12-30,Perfume,Beauty,522.36,8
2024-12-30,Face Serum,Beauty,409.34,10
2024-12-31,Laptop,Electronics,8082.31,9
2024-12-31,Smartphone,Electronics,12686.37,21
2024-12-31,Headphones,Electronics,3650.54,30
2024-12-31,Tablet,Electronics,4930.49,13
2024-12-31,Smart Watch,Electronics,3928.96,17
2024-12-31,T-Shirt,Clothing,1153.9,50
2024-12-31,Jeans,Clothing,1236.54,22
2024-12-31,Jacket,Clothing,1183.05,13
2024-12-31,Sneakers,Clothing,1035.25,13
2024-12-31,Dress,Clothing,1033.14,15
2024-12-31,Blender,Home & Kitchen,1015.33,21
2024-12-31,Coffee Maker,Home & Kitchen,1020.52,14
2024-12-31,Cookware Set,Home & Kitchen,1158.76,9
2024-12-31,Vacuum Cleaner,Home & Kitchen,1528.25,8
2024-12-31,Air Fryer,Home & Kitchen,1801.49,21
2024-12-31,Shampoo,Beauty,375.8,30
2024-12-31,Moisturizer,Beauty,950.03,34
2024-12-31,Lipstick,Beauty,618.43,36
2024-12-31,Perfume,Beauty,475.27,7
2024-12-31,Face Serum,Beauty,483.05,11
